:020000040000FA
:10000000FFFFFFFFFFFFFFFFFFFFFFFFFFFFFFFF00
:10001000AA99556630A10007200031A10380314123
:100020003D00316109EE31C20400109330E100CF90
:1000300030C100812000200020002000200020008E
:1000400020002000200020002000200020002000B0
:1000500020002000200033813CC8318108813421F8
:1000600000003201001F31E1FFFF33210005334161
:10007000000433010100326100003281000032A12E
:10008000000032C1000032E1000033A11BE233C2A4
:10009000000000002000200030220000000030A1FD
:1000A00000015060000298AD000000000000000058
:1000B0000000000000000000000000000000000040
:1000C0000000000000000000000000000000000030
:1000D0000000000000000000000000000000000020
:1000E00000000000000000000000100800000008F0
:1000F0000000000000000000000000000000000000
:1001000000000000000000000000000000000000EF
:1001100000000000000000000000000000000000DF
:1001200000000000000000000000000000000000CF
:1001300000000000000000000000000000000000BF
:1001400000000000000000000000000000000000AF
:10015000000000000000000000000000000000009F
:10016000000000000000000000000000000200008D
:10017000000000000000000000000000000000007F
:10018000000000000000000000000000000000006F
:10019000000000000000000000000000000000005F
:1001A000000000000000000000000000000000004F
:1001B000000000000000000000000000000000003F
:1001C000000000000000000000000000000000002F
:1001D000000000000000000000000000000000001F
:1001E000000000000000000000000000000001040A
:1001F00000000904000000000000000000000000F2
:1002000000000000000000000000000000000000EE
:1002100000000000000000000000000000000000DE
:1002200000000000000000000000000000000000CE
:10023000000000000000A40000000000000000001A
:1002400000000000000000000000000000000000AE
:10025000000000000000000000000000000000009E
:10026000000008000000000008000000000000007E
:10027000000000000000000000000000000000007E
:100280000000000800000400000000000000000062
:10029000000000000000000000000000000000005E
:1002A000000000000000000000000000000000004E
:1002B00020000000000020000000000000002000DE
:1002C00040004000200088002000000000000000E6
:1002D00020000000000020000000000000000000DE
:1002E0002000200000002000C000000000000000EE
:1002F0000000880000000000000000000000000076
:1003000000000000000000000000000000000000ED
:1003100000000000000000000000000000000000DD
:1003200000000000000000000000000000000000CD
:1003300000000000000000000000000000000000BD
:1003400000000000000000000000000000000000AD
:10035000000000000000000000000000000000009D
:10036000000000000000000000000000000000008D
:10037000000000000000000000000000000000007D
:10038000000000000000000000000000000000006D
:10039000000000000000000000000000000000005D
:1003A000000000000000000000000000000000004D
:1003B00000000000000000000040000000000000FD
:1003C000000000000000000000000000000000002D
:1003D000000000000000000000000000000000001D
:1003E000000000000000000000000000000000000D
:1003F00000000000000000000000000000000000FD
:1004000000000000000000000000000000000000EC
:1004100000000000000010040000000000001004B4
:1004200000000000100000000000000000000000BC
:1004300000000000000000000000000000000000BC
:10044000200000000000000020000000000000006C
:10045000000041000000000000000000000000005B
:10046000000000000000000040000000400000000C
:10047000000000000000000000000000000000007C
:10048000000000000000000000000000000000006C
:1004900000000000000000008001000000000000DB
:1004A000800100000000800000000000000000004B
:1004B000000000000000000000000000000000003C
:1004C000000000000000000000000000000000002C
:1004D000000000000000000000000000000000001C
:1004E000000000000000000000000000000000000C
:1004F00000000000000000000000000000000000FC
:1005000000000000000000000000000000000000EB
:1005100000000000000000000000000000000000DB
:1005200000000000000000000000000000000000CB
:1005300000000000000000000000000000000000BB
:1005400000000000000000000000000000000000AB
:10055000000000000000000000000000000000009B
:10056000000000000000000000000000000000008B
:10057000000000000000000000000000000000007B
:10058000000000000000000000000000000000006B
:10059000000000000000000000000000000000005B
:1005A000000000000000000000000000000000004B
:1005B000000000000000000000000000000000003B
:1005C0000000820000000000000000000800100091
:1005D0000000100000000000000000008200000089
:1005E0000000000000000000000008008200080079
:1005F00000000000080000000000000000000000F3
:10060000000000000800000000000000C000000022
:10061000000000008200000000000000A0000000B8
:100620000000000001800000000000000000000049
:1006300000000000000000000000000000000000BA
:100640000800100000000000100000000000000082
:1006500010004100000000001000000000004100F8
:1006600041000500030000000082000000000000BF
:100670000500000000000000000000000000000075
:1006800010000300410000002100000000000000F5
:100690000000000000000000080000000000000052
:1006A00000000000000040082100000000002100C0
:1006B0000000000000002100000000000000000019
:1006C0000000000000000000000000000000080022
:1006D00000000000080008000000C000400000000A
:1006E00000090000000000000200000000000000FF
:1006F00000040000080000000000C00000008200AC
:10070000000208000000C00000000000000000001F
:1007100000000000000000000000A0000000000039
:1007200000000800000000000000000000000000C1
:1007300000000000000000000000000000000000B9
:1007400000000000000000000000000000000000A9
:100750000000000000000000000000000000000099
:100760000000000000000000000000000000000089
:100770000000000000000000000000000000000079
:100780000000000000000000000000000000000069
:100790000000000000000000000000000000000059
:1007A0000000000000000000000000000000000049
:1007B0000400000000000000000000000000000035
:1007C0000000000000000000000000000800000021
:1007D0000000000000001000000000000000000009
:1007E0000000000000000000000000000000000009
:1007F00000000000000000000000000000000000F9
:10080000000000000000C000000000000000000028
:1008100000000000000008000000000008000800C0
:10082000000000008200A00000000000C180000065
:100830000000000083000000000000000000000035
:10084000000000000000000008000500000000009B
:10085000000000000800210000000000080008005F
:100860002182410008000000030000001000000089
:10087000100000000800000010000000410000000F
:100880004104000000000000000000000000000023
:10089000030041000000000000000800000000000C
:1008A0000000000000000000000000000000400800
:1008B00000000000000440000000000000000000F4
:1008C0000000000000000000000000000000000028
:1008D0000000000000000000000000000000000018
:1008E0000000000000000000000000000000000008
:1008F00000000000000000000000000000000000F8
:1009000000000000000000000000000000000000E7
:1009100000000000000000000000000000000000D7
:1009200000000000000000000000000000000000C7
:1009300090000000000000004000000000000000E7
:1009400000000000000000000000000000000000A7
:100950000000000000000000000000000000000097
:100960000000000000000000000000000000000087
:100970000000000000000000000000000000000077
:100980000000000000000000000000000000000067
:100990000000000000000000000000000000000057
:1009A0000000000000000000000000000000000047
:1009B000000003000000000000000500000000002F
:1009C0000000000000000000000000000000000027
:1009D0000000000000000000000000000000000017
:1009E0000000000000000000000000000000000007
:1009F00000000000000000000000000000000000F7
:100A000000000000000000000000000000000000E6
:100A100000000000000000000000000000000000D6
:100A200000000000000000000000000000000000C6
:100A300000000000000500000000000000030000AE
:100A400000000000000000000000000000000000A6
:100A50000000000000000000000000000000000096
:100A60000000000000000000000000000000000086
:100A70000000000000000000000000000000000076
:100A80000000000000000000000000000000000066
:100A90000000000000000000000000000000000056
:100AA0000000000000000000000000000000000046
:100AB0000000000000000000000000000000000036
:100AC0000000000000000000000000000000000026
:100AD0000000000000000000000000000000000016
:100AE0000000000000000000000000000000000006
:100AF00000000000000000000000000000000000F6
:100B000000000000000000000000000000000000E5
:100B100000000000000000000000000000000000D5
:100B200000000000000000000000000000000000C5
:100B30000000000000000000400000000000000075
:100B4000C0000000000000000000000000000000E5
:100B50000000000000000000000000000000000095
:100B60000000000000000000000000000000000085
:100B70000000000000000000000000000000000075
:100B80000000000000000000000000000000000065
:100B90000000000000000000000000000000000055
:100BA0000000000000000000000000000000000045
:100BB0000000000000000000000000000000000035
:100BC0000000000000000000000000000000000025
:100BD0000000000000000000000000000000000015
:100BE0000000000000000000000000000000000005
:100BF00000000000000000000000000000000000F5
:100C000000000000000000000000000000000000E4
:100C100000000000000200000000000000000000D2
:100C200000000000000000000000000000000000C4
:100C300000000000000000050000000000000005AA
:100C400000000000000000000000000000000000A4
:100C50000000000000000000000000000000000094
:100C60000000000000000000000000000000000084
:100C70000000000000000000000000000000000074
:100C80000000000000000000000000000000000064
:100C90000000000000000000000000000000000054
:100CA0000000000000000000000000000000000044
:100CB0000000000000000000000000000000000034
:100CC0000000000000000000000000000000000024
:100CD0000000000000000000000000000000000014
:100CE0000000000000000000000000000000000004
:100CF00000000000000000000000000000000000F4
:100D000000000000000000000000000000000000E3
:100D100000000000000000000000000000000000D3
:100D200000000000000000000000000000000000C3
:100D300000000000000000000000818100884100E8
:100D400000008181008841000000000000000000D8
:100D50000000000000000000000000000000000093
:100D60000000000000000000000000000000000083
:100D70000000000000000000000000000000000073
:100D80000000000000000000000000000000000063
:100D90000000000000000000000000000000000053
:100DA0000000000000000000000000000000000043
:100DB0000000000000000000000000000000000033
:100DC0000000000000000000000000000000000023
:100DD0000000000000000000000000000000000013
:100DE0000000000000000000000000000000000003
:100DF00000000000000000000000000000000000F3
:100E000000000000000000000000000000000000E2
:100E100000000000000000000000000000000000D2
:100E200000000000000000000000000000000000C2
:100E30000000000000000000000000000000401062
:100E40000481000100004010048100010000000046
:100E50000000000000000000000000000000000092
:100E60000000000000000000000000000000000082
:100E70000000000000000000000000000000000072
:100E80000000000000000000000000000000000062
:100E90000000000000000000000000000000000052
:100EA0000000000000000000000000000000000042
:100EB0000000000000000000000000000000000032
:100EC000020000000000004002000000000000409E
:100ED00000000000000000000000000000003100E1
:100EE0000000000000000000000000000000000002
:100EF00000000000000000000000000000000000F2
:100F000000000000000000000000000000000000E1
:100F100000000000000000000000000000000000D1
:100F200000000000000000000000000000000000C1
:100F300000000000000000000000000000000000B1
:100F40000000000040600602000000004060040253
:100F50000000000000000000000000000000000091
:100F60000000000000000000000000000000000081
:100F70000000000000000000000000000000000071
:100F80000000000000000000000000000000000061
:100F90000000000000000000000000000000000051
:100FA0000000000000000000000000000000000041
:100FB0000000000000000000000000000000000031
:100FC0000000000000000000000000000000000021
:100FD0000000000000000000000000000000000011
:100FE0000000000000000000000000000000000001
:100FF00000000000000000000000000000000000F1
:1010000000000000000000000000000000000000E0
:1010100000000000000000000000000000000000D0
:1010200000000000000000000000000000000000C0
:1010300000000000000000000000000000000000B0
:1010400000000000000000000000000000000000A0
:101050000000000000000000000000000000000090
:101060000000000000000000000000000000000080
:101070000000000000000000000000000000000070
:101080000000000000000000000000000000000060
:101090000000000000000000000000000000000050
:1010A0000000000000000000000000000000000040
:1010B0000000000000000000000000000000000030
:1010C000000000000000000000000000000080029E
:1010D000000000000000800200000000000000008E
:1010E0000000000000000000000000000000000000
:1010F00000000000000000000000000000000000F0
:1011000000000000000000000000000000000000DF
:1011100000000000000000000000000000000000CF
:1011200000000000000000000000000000000000BF
:1011300000000000000000000000000000000000AF
:10114000000000000000000000000082020000001B
:101150000100008202000000010000000000000009
:10116000000000000000000000000000000000007F
:10117000000000000000000000000000000000006F
:10118000000000000000000000000000000000005F
:10119000000000000000000000000000000000004F
:1011A000000000000000000000000000000000003F
:1011B000000000000000000000000000000000002F
:1011C000000000000000000000000000000009090D
:1011D00010000000000009091000000000000000DD
:1011E0000000000000000000000000008800000077
:1011F000C000C0000000400000000000000020000F
:1012000000000000200020000000200020008800D6
:10121000400088000000200000008800000000005E
:10122000100000002000000000000000000000008E
:1012300000000000400040008800000000000000A6
:10124000000000000000000000000000000000009E
:10125000000000000000000000000000000000008E
:10126000000000000000000000000000000000007E
:10127000000000000000000000000000000000006E
:1012800000000000000000008000000000000000DE
:10129000000000000000000000000000000000004E
:1012A000000000000000000000000000000000003E
:1012B000000000000000000000000000000000002E
:1012C000000000000000000000000000000000001E
:1012D000000000000000000000000000000000000E
:1012E00000000000000000000000000000000000FE
:1012F0000080888000800080020002000800080052
:10130000020000400800080088808940001000109A
:10131000004000404005011002000200009008005B
:1013200000000000400088004000000000000004B1
:1013300000002040200000000000004000800080ED
:1013400000800040020008000010000400000000BF
:10135000010000000000000000000000000000008C
:101360000000100000000000000010040000000059
:1013700040084140004005100010890085088000A9
:101380008008C00000018000C100004020010085ED
:10139000008540010001A0004001C000800800035A
:1013A000850840002000800041000000000000008F
:1013B00000010003000100000000000000A1004047
:1013C00000102010000180008000000100010000DA
:1013D00000002000000000000000000000000000ED
:1013E00000000000800000000000000080010000FC
:1013F000000080010011000000000000000000005B
:1014000000000000000000000000000000080002D2
:1014100000000002000500000010000000000002B3
:10142000000800210000001000030040000002003E
:10143000000000200000000000000011000000007B
:10144000000000210000000000000000000000007B
:101450000000000500000000000000000000000087
:101460000000080000000000000000000002000072
:10147000000000000000000000000000000000006C
:10148000000000000000000000004000000000011B
:101490000000080000000000000000010000000043
:1014A00041000000000041000001000000010000B8
:1014B00080000000000000000000000000000000AC
:1014C000000000000000000000000000000000001C
:1014D000000000000000000000000000000000000C
:1014E000000000008000000000000000000000017B
:1014F00000000000000000008200820500050000DE
:1015000008000800000008030000820084000800B2
:1015100010048500900082001100000000090800FE
:10152000010282002000410091000980C000A00259
:1015300040098400118000000000010083000100C8
:101540001080000282000000080900021000000064
:101550008200080001000000000000000000000000
:1015600000A10080000000800000000000000000DA
:1015700000000000000000000000080008001084C7
:10158000108441A005A0080003A02100400008A08D
:1015900000000001200011880800C00021000000A8
:1015A0000000200041008000A0000288020805849D
:1015B00021019000400004400800000004000200E7
:1015C000040021080000410040000000000010005D
:1015D00000000000000020000000030000000000E8
:1015E00010880040051000000040000000000000CE
:1015F0000000000000000000000000000000A0004B
:1016000008058200000008000004A000C00084005B
:1016100000050005100000112005080020114011F0
:101620000405100020008211000420049000A02076
:10163000C0008200C000A0098220A00800030009A9
:10164000000008200200000000008800A000000048
:1016500000110011000000008200000000000000E6
:1016600000000000082100110800004000000000F8
:10167000000000000000000000000000000000006A
:10168000000000000000000000000000000000005A
:10169000000000000000000000000000000000004A
:1016A0000004000000008000000000008000000036
:1016B0000000000000000000000000010001000028
:1016C0000000000000018000000000000000000099
:1016D000000000000000000000000000000000000A
:1016E00000000000050000000000000000010000F4
:1016F00000000000000000000000000000000000EA
:1017000010000005A000080510000102A00909054D
:1017100000001000A009000510009000088290054C
:101720000080008008020083200820000009C0001B
:1017300000000200840010000100008010A10400DD
:10174000000009000980A1C008800000000082009C
:101750001000000000000000820000002000008057
:101760000000400200800005008082100000000997
:101770000000400000000000000000000000000029
:1017800000001000000000000000210010004008D0
:1017900020000800000000002100410005A0000218
:1017A00008000002400203A100028000880011002E
:1017B00041000300A1001100000004000820030202
:1017C000C100000004000202402121401000080076
:1017D000410021001100000008000300000080000B
:1017E000000400C009020040118408200801000024
:1017F0001188000000000000000000000000000050
:1018000000000000C0C020C001048408C0C083C024
:1018100040049008C0C090C000041008C0C182C03D
:1018200001040209C0C104C002041009C1C091C072
:1018300090082008000089009000000001C00120ED
:10184000022088020000C0C0C00000000200C1C029
:1018500082C000401020C0C090C0000408200001D9
:10186000890000000000019090040090008240A0D8
:10187000900000A0828200000000000082000000B2
:1018800000000000830091800080028080809180B1
:101890000980838000809180008000808080C1C1A9
:1018A0000090408080889190118888838310908078
:1018B0000880A00000000300090002000000098366
:1018C0000883904000850000A08080000000800018
:1018D000A0800080000080009180008000800000D7
:1018E000001108400809004002000080000000804C
:1018F0008080800020000000000000000000002028
:101900000000000000000200800080A08083808032
:10191000000080C180898000000000C180A080009C
:10192000108008A09082C111080090859020C1C14C
:101930000810008590C08800090090000000108009
:10194000110091A1110091A00000118010218500CB
:101950008883800080C180908000000000838080A8
:101960008080000040001100030580000008800016
:101970000000000000090089000080000000000055
:101980000000000000000000000040000283C0C012
:10199000C00420000282C0C0C02040004082C0C1FC
:1019A000C0A040109183C0C1C1A020904182C1035A
:1019B000C10520002083C0C0C18289001100000041
:1019C0000082882083210000C1C000000010210097
:1019D0000300C00504000482C0C1C0A020004082F2
:1019E000C0C0C0040000000001000100020000406F
:1019F000109040000000000100830000040000007F
:101A00000000000000000000000000002040002056
:101A100002C0C0C04020002008C1C1C140400040F9
:101A2000A0C0C0C02040A09001C0C0C0042001419F
:101A3000A1C002C04120022110C0C0C1001000019D
:101A40001002000101000188C08801C100012002CC
:101A50000020C04000C04104000490C0C0C003206A
:101A6000004000C0C0C000000100000000010800EC
:101A7000000000001000C000000308A003020000E6
:101A800000000000000000000000000000000880CE
:101A9000008080808080C0110080808591C182009C
:101AA000000000808080A0001100058088808908E7
:101AB000088208C000A00203801180A1C09105C166
:101AC000000380894041410002A003020991000304
:101AD0002080000080000080828000800080808064
:101AE0008200000000808080001108400009001181
:101AF0008000000000008000800000A10000C08085
:101B000000000000000000000000000000000000D5
:101B10008003809080098000800380888008800096
:101B20008010808380898000884088858982881021
:101B30008321C0A0C189830880C080820005000085
:101B40000000000900000003C1C000008500C003C0
:101B50000001C1A0090041000909802080A0808205
:101B60000000800080838010000040890811090077
:101B700003040000800800800000800580208000B1
:101B800080000002000000000000000500000000CE
:101B90000000C000C0C104820888C000C0C004901A
:101BA0000808C000C0C0044008A0C000C0C0054173
:101BB00009A0C021C0C0041010A1C040C0C1822033
:101BC00002200020008900000001C19000000240B6
:101BD00088000001C190010040204101C000C0C048
:101BE000044190A0C000C0C00409902000C00101C1
:101BF00000000100900010A090082000C0004000EC
:101C000090009000000100000000000000000000B3
:101C1000000000000000000083004842000000C1F6
:101C2000830048420000000083004842000000C1D9
:101C300083004842000000C18300480681000088FC
:101C4000830048428800008800000000811200885C
:101C500020008412000000120000200060420000FA
:101C600000008300484200000000830048428100D9
:101C70000088000042000041000041040000810093
:101C8000008841026000810000880000000081811E
:101C9000008841000000000000000000000000007B
:101CA0000000000000000000000000000000000034
:101CB0000000000000000000000000000000000024
:101CC00000000000000000000000003C003CCCCC04
:101CD000FFFF0FF0FFFF000033333F3F2040602045
:101CE00000000000000000000000000000000000F4
:101CF0000000000000000000BDBDF9600000000011
:101D0000FF663CF0666666660000000000000000AA
:101D100000000000000000000000000000000000C3
:101D200000000000000000000000000000000000B3
:101D300000000000000000000000000000000000A3
:101D4000000000000000000000000000003C003C1B
:101D50003333F0F0F00FFF000000CCCC3F3F2040C9
:101D60000040000000000000000000000000000033
:101D7000000000000000000000002424F9600000C2
:101D8000000000663CF06666F0664000040000015A
:101D90000000401004810001000043102000008872
:101DA000110643102000008811064310200000880F
:101DB00011064310200000881106431020000088FF
:101DC00011064310200000881106000000000000EA
:101DD0000000000000000000000000000000000003
:101DE000000000004310200000881106431020006E
:101DF0000088110600000000000000000000000044
:101E000000000000000000000000000000000000D2
:101E10000602000000004020040200000000000054
:101E200000000000000000000000000000000000B2
:101E300000000000000000000000000000000000A2
:101E40000000000000000000000000000000000092
:101E5000AAAAAAAA3F3FCC33FFFF33330000FFFFFB
:101E6000FFFF000000000000000000000000000074
:101E700000000000000000000000000000002C2F07
:101E8000ECEF00FF00FF0202FFFF00000000000077
:101E90000000000000000000000000000000000042
:101EA0000000000000000000000000000000000032
:101EB0000000000000000000000000000000000022
:101EC0000000000000000000000000000000000012
:101ED0000000AAAAAAAA3F3FCC333C3CCCCC0000CD
:101EE000FFFF00000000000F0000000000000000E5
:101EF00000000000000000000000000000000000E2
:101F00002023E0E300BD42FF0000FDFD00000000D3
:101F100000000000000000000000000000000000C1
:101F20000000000000900005006100070098000517
:101F3000000000000090000500610001009D000508
:101F400000600007009D000500610087809D00057E
:101F500000614087802C1002A36153EF9C9910C54B
:101F60000000A363806E1C9D0A0200000000009028
:101F70000005000000000090000500610081800164
:101F800000000000302810000001A061008F900CBC
:101F9000200000000808800000000000090900007F
:101FA0000000000000000000000000000000BEBEB5
:101FB00028EB00000000000000000C5500FF0000AE
:101FC000000000000F00FEFFFFFF00000000556D45
:101FD000555500000000FFFDFF7DA2A25D5D0000E1
:101FE000FFFF000093C3A5550000000000000000A3
:101FF0000000000000000000000000003F3C3C3CEE
:102000000030FF3F00000000000000000000000062
:10201000F0F00000000000040008000000000000D4
:1020200000000000000000000000000000000000B0
:10203000828228EB000000000000000000FF00FF8B
:102040000000000000000D02010000000000000080
:1020500055555555000000000080FF7DAAAA555532
:102060000A00FAFF000096C3AA5500000000000015
:102070000000000000000000000000000000303CF4
:102080003C3C0000FFFF00000000000000000000DA
:102090000000F0F00000000000000040410000805F
:1020A000000000000100000000000000000000002F
:1020B000000000000000000000000000000069694E
:1020C00055550FB10F275F1D5FF5B04F4F4F000003
:1020D000000000C33CFF0000000008082C2C14EB9B
:1020E00014FBAAAAAA9A000000000000FF00FF004B
:1020F00000000000000000000000000000000000E0
:10210000FFFE000400FFA0AF000000000000000080
:10211000000000000000000000000000000000407F
:10212000020000000000004000000000000000006D
:10213000000000000000000000000000000000009F
:10214000695555000FB10F272E0A0AFA00FFFFFF4D
:102150000000000000FF00FF000000003E3EBFBF87
:1021600000FF00EFAAAAAAAA000000000000BA45DA
:10217000AA55000000000000000000000000000060
:102180000000FFFE000400FF00FF00000000000050
:10219000000000000000000000000000000000003F
:1021A0000000000000000000000089002000200066
:1021B000200020002000200040004000C000C0009F
:1021C000C00002000200000088000000010084003E
:1021D0000300200000004000400000002000A0009C
:1021E000C0040000000000000000000000004000EB
:1021F00040004000200000002000000000002000FF
:1022000000000000000000000000000000000000CE
:1022100000000000000000000000000000000000BE
:10222000000000000000000000000000400021004D
:10223000000041000000200000000000000000003D
:10224000000020008000C00000000000000020000E
:102250000000C0000000000000000000200000009E
:10226000000000010000000000000000000000006D
:10227000000000000000000000000000000000005E
:10228000000000000000000000000000000000004E
:10229000000000000000000000000000000000003E
:1022A000000000000000000000000000000000002E
:1022B0000100000000000200008001000080020018
:1022C000000000000000000000020000104020801C
:1022D0002100208001040000000000000880200090
:1022E000000040040010000000000080000000001A
:1022F000000000000000840088008800000000004A
:1023000008000080000000800010000000000000B5
:102310000000200008000000000000000000000095
:1023200000000000000000002008000000000088FD
:10233000040840880508408880000904080000401F
:10234000A0000000200000002000000100000001AB
:10235000A004C00080042000000005000084800864
:1023600080000000000100010000000000100008D3
:10237000000300000000000000004000000000001A
:102380000000000000040000004000000000008881
:102390000008000080008000000000000000000035
:1023A00000000000000000000000800100000000AC
:1023B0000003000000000000000000050000000015
:1023C00001000021000000210011000000030808A6
:1023D00000020002008201050080000000110000E0
:1023E00000110000040400000008000400000008C0
:1023F00000110000000000000002000000000011B9
:10240000004000210000000000000000000000006B
:1024100000000003010000000000000000000000B8
:1024200000000000000000000000000000000000AC
:1024300000000000400003000090050000001000B4
:1024400009004000100003000000000021041100FA
:10245000410002834090100510001004400041002C
:10246000210008900300030941000300110021002E
:1024700000A12100000000000304210140004000F1
:102480000000000140000300000000000000000008
:102490000000040000002000000005000000000013
:1024A00000000000410000000000000000000000EB
:1024B000000000000000A021040282080000900239
:1024C0000205000082028404A000C0048404088085
:1024D000A0001000880020008221000220100009C6
:1024E0000841080300000040A0000804000408039D
:1024F0000800880390A10000A00082008200000074
:10250000A009000000000005000000000002000912
:102510000040000200100011000000090009001135
:1025200000000000000000000000000000000000AB
:102530000000000000000000000008000801080082
:1025400010008300400008000801000000C10801DD
:10255000000200000000030080000800080088015D
:102560001000400000001000000100000001000108
:1025700000000000000008020000008810001000A9
:10258000100010001000000011000000000000000A
:1025900000000001000241011000000008000800D6
:1025A0000800100000000000110000000000000002
:1025B0000000000000000000000001000000A00872
:1025C000A0048200080000080808C040024008403B
:1025D000A0408400080000051008000420040284C4
:1025E000408004004002400082800011200410045A
:1025F000080802808200000084800003C00000847C
:1026000000400840A00882000020080020000000D0
:10261000900008000003400040100041A00010009E
:102620000104004000050000000000000000000060
:102630000000000000000000000000004004050051
:1026400000000000000000001000000040008000BA
:10265000000000001088408200000000109140003F
:10266000C005A10440840301000408402102830145
:1026700000C10001800200000008001000001100ED
:1026800000024001000000011000000000000300F3
:102690000300080010000000000000C121004100FC
:1026A00041000801110121000000000000000000AD
:1026B000000000000000000000000000000000001A
:1026C000C020102110000000C0218221400008031A
:1026D00008A1022102090000C0209009C0210809B8
:1026E000402020020221A00010000041850091023C
:1026F000400000004140100984008200108000006A
:1027000040094020400804008200840900020000C3
:10271000000000000000100910110000000000027D
:102720000200000000000004000000090000001189
:102730000002000000000000000000000000000097
:102740000000000000A00000080040001000A100F0
:1027500000000004C10080002100210000000000F2
:1027600090000000C0008000080011000020400020
:102770001000080000001089100000000008004050
:102780000000000080000801000008000000088927
:102790000000000008000000080000000000000029
:1027A0000085800000000000110108000000080200
:1027B0000000000008000000000000000000000011
:1027C000000000C100110088820009828211020409
:1027D000C08300210082A08202A08584202188215C
:1027E000101191C189A191908283C188A004824077
:1027F00090020321002100850489009100900209C4
:102800002091000002C111A10383A10010C0018822
:102810000004A082000589204008820809100008F1
:10282000000810C0C0038302000590830000000070
:102830000000000000000000000000000000000098
:102840000000080000C10021000500000210400344
:10285000801080822011050508108809A083410896
:1028600000098088A1C1A021410980408200A10007
:10287000800000008811002002918089004103003F
:1028800080020002000080C10221858282008080D7
:10289000058000808000038910A00040802009800E
:1028A00000000000000003912088202080C000006C
:1028B0000000000000000000000000000000000018
:1028C000000000000800110009000480C10200009F
:1028D000000200808020000005A1110010410000CE
:1028E00080900010800580028005808200900200A8
:1028F000040883808505008080A091A04189820022
:1029000082110900A0000000200005108000C141D4
:10291000C10005004085C10020802010C0802041FA
:10292000000000A1009000000000202111C0020959
:102930000000000000000000000000000000000097
:102940000000000000000000829000000084C1A090
:10295000900220A1A040089040008808418208838E
:102960004088840900018220880020008885C002F8
:1029700021100803A010080020100240A184A10328
:1029800005000508A0880500000004A000018400DF
:10299000C121820082008202C14010C0008210402A
:1029A00000010000004000C100000000012001A162
:1029B00001C0000000000000000000000000000056
:1029C00000000000000000000000041001820090E0
:1029D00010C088030109088811C101009000048219
:1029E0000001090000208221A00240C140C141C075
:1029F00004894010000500111121880801200002FF
:102A000002C110080005C00111C00000A001004073
:102A100011C183C1008200A1000004C1081000A000
:102A20000001899088900088000810C104880090F7
:102A30000091C1C100000000000000000000000083
:102A4000000000000000000000000000008008807E
:102A500000008480008303901005408302008010F2
:102A60009010001182001000414000900020C01121
:102A70000805A0C10084008800A10803808011001F
:102A800041808091008009830021409100008020D6
:102A90000089200520C000000008000380C10089D3
:102AA00005030321118900030020000300890008A9
:102AB00000094105A0910500000000000000000091
:102AC0000000000000000000000000000000880975
:102AD000900090820804A10088859000820021C0A7
:102AE000051010800311C011020205000900A02189
:102AF0008321008003004180200305004040C189FC
:102B000091004180911100A0008880000000000227
:102B1000C0A08220A080C0038080000000000002CE
:102B20009021400041802140000000000000800012
:102B300088209120C1000340000000000000000038
:102B40000000000000000000000000000000000085
:102B5000C1012008A00990001100104011A0100030
:102B600090C09020A0080100C001002108002000B2
:102B7000C001A000401000001104110888101020AE
:102B800009898520A0400501904102208220020091
:102B90000000C188118809020501C0C04000402022
:102BA00090010589908810841100080008009000A9
:102BB0000800020911002000880100000000000048
:102BC0000000000000000000000000000000000005
:102BD00000000000000000000000000000C1000034
:102BE000001281000088000081060041000083007F
:102BF000000041000088000000810000000000008B
:102C00008400880000C100000000000000000000F7
:102C100000000000810000C100000006000000006C
:102C200000008800000000C10000600A00000000F1
:102C30000000008282000088410000820000000045
:102C40000000000000000000000000000000001074
:102C5000080000002E0C1122C3F3300C28287D7DC3
:102C600000000000A05F5FA0FF00FF00F0F03C3C10
:102C7000AFAA5055FAFFA5F07DFFFFFF00C33CFF50
:102C80000096009600F00020CCFF55AA0FFF3A3ABC
:102C900033330F0F00003F0FC030A00050A0C0D151
:102CA000112210102424287DF5F530303F3FF0FF2D
:102CB0003CAA14BEFAFAF0F0AAAAAFAF303F000067
:102CC0000000000000000000000000000000000004
:102CD0000000000000002E0C112200C0C00350FABA
:102CE00050FA0020008000FFFF0000FF00FFF0F01E
:102CF000C3C35055AFAA0500A5F07CFFFDFFB2B2DB
:102D0000B2B200005A5A002000F0CCCC55AA00F014
:102D10003A3AC3C3FFFF00000C00030CFAF0050AA7
:102D2000C0D111227C7C8181287DA0A00000FFFF02
:102D3000F0003CAA14BE50503C3C00FFA0A0303F25
:102D40000000000000000000000000000000000083
:102D50000010000000010000050A0A001414000021
:102D6000CF0CD7D73CC33CC333CC0CF3C33CC363B9
:102D70006969556533339999FFFFFF7FFFFFFF0CAA
:102D8000FFAA2D2D7F777C44C73D0000F0C3F0EBF8
:102D90003FF530F5C3C3CBC30000050A000596001C
:102DA000414124810A2ECC0003000F553CFFFFEB6C
:102DB000FFEB5CFF5C0F000000003C55FF0F0000C4
:102DC0000000000000000000000000000000000003
:102DD0000000000040600602000050A0AF0F28284D
:102DE0001414CF0C1414C639C33C33CC0CF33CC3BD
:102DF0003C9C9696AA9A33339999FF7F0080FF0CEA
:102E0000FF0C55002D2D3F333C0000000000F0D793
:102E1000F0FF3F053005C3C3C3C3000050A00F5FE0
:102E20000096D74124810A2E00CCFF030F553C00A9
:102E3000140014005CF05C00000000003C55000F22
:102E40000000000000000000000000000000000082
:102E500000000000000000000000000000E3000689
:102E6000000D8A0000613004009D10024061800165
:102E7000802110024861803E002D0802A061508729
:102E8000801D000000613006000D00000040300190
:102E9000C091000000613006009D0000000060E26B
:102EA0000006C00D8A0060E30006000D8A00006184
:102EB00030040019000000613006009D0000006130
:102EC0003089909100A00000000000000000000088
:102ED00000000000000000000000000000000000F2
:102EE000000000000000FFFF207000000000FFFF56
:102EF0000C0000A0FFAF0000000000FFAAAA00C362
:102F00000000BFFFBEFF41410FF080F0A0F0FB04C6
:102F1000FBFFFFFF000000000000FF0AFFAF000002
:102F2000FFFF0F1F0FF00BF400000000F0FF0FF089
:102F30000FAF0F3F44FF44FF00000000F0C0F0FC63
:102F4000FF00FF000003FCFF000000000000000085
:102F5000000000000000000000000909000000005F
:102F60000010000000000000FFFF702000100000B3
:102F7000F3FF00000000FFFF0000100000FF00FF53
:102F8000000000004F0F410000000FF000F080F043
:102F9000FB040400FFFF0000000000000A00AF0077
:102FA0000000FFFF1F1F0FF003FC000000000F00D8
:102FB0000FF00F5F0F3F00FF55FF00000000F0C053
:102FC000F0FC3F30FF000000FFFF000000000000A9
:102FD00000000000000000000000000000000000F1
:102FE0000000A0000A000F01F0FE55005C00000088
:102FF0000000FCFF0C0000FFA0AF000000800000FC
:1030000000000800040000000000000000005D7FD8
:10301000FFFFFBFF0400FF55AA5559596A6A3C3C63
:103020003CCC0000F00F0F00FFFF0101000000008A
:1030300020DFFFDF0D0E0102007700FF000000001F
:1030400000000000FFFF000000FA05FF0000000084
:1030500000000000000000000000000000800000F0
:1030600000000100A0000A000F01F0FE550053000F
:1030700000000000FFFF000000FF00FF0000000054
:103080000000000000000000000000000000000040
:1030900000000000FFFF000000AAAA5559596A6A03
:1030A0003C3C3C3C00000F0F000001010000000010
:1030B000000020DF00200F0F0000002200000000B1
:1030C0000000000000003FFF030000FF00FF0000C1
:1030D00000000000000000000000000000000200EE
:1030E0000000000000400000200000002000000060
:1030F00020004000200010004000C000C000C000C0
:10310000000020000000000040000000200000003F
:103110002000000000000400000020000400000067
:10312000000020000000000000000000000020005F
:10313000000000000000000000000000000000008F
:10314000000000000000000000000000000000007F
:10315000000000000000000000000000000000006F
:1031600000000000000000004100050000400000D9
:1031700041000000000000004000000020000500A9
:103180000900000000000000040000000000210011
:1031900010000000410000000000000000002000BE
:1031A00020000000000004000000000041000000BA
:1031B00000000000000000000000000000002000EF
:1031C00000000000000000000000000000000000FF
:1031D00000000000000000000000000000000000EF
:1031E00000000000000000000000000000000000DF
:1031F00000030000000000050000000000000000C7
:1032000000000000000000000004000000000000BA
:10321000000000000000000000020000002100008B
:1032200000000000400000000084000300000000D7
:103230000000C010000000000000000000000000BE
:1032400000000000000000000000208000000000DE
:103250000000000008000000000000000000000066
:103260000000000000000000000020200008001006
:10327000059040820008001040100510000000007A
:10328000090000000008040000840001410800005B
:103290000000008400820084008400000000200000
:1032A000000000880010090000020021000000104A
:1032B00041000000000000000000000800000000C5
:1032C000000000000000000000000000802000005E
:1032D000000000000000000000000084000000006A
:1032E000000000000000000000000000800100005D
:1032F000A0000000000000000000900090004000CE
:103300000000841000080000840020100008A000C5
:1033100008004040900388000000840890000820C6
:103320000020000000050000000900090011000055
:10333000000000040000A0000000000000000000E9
:103340000000000000008400000000008400000075
:103350000000880084000000000000000000100051
:103360000000000000000000000000000009000054
:103370000000100000000500092010080808104097
:103380000810418240A008100800419000904000C1
:10339000040000A0000041901082400010A0408472
:1033A0000082104000040504419005001000050053
:1033B0000000008408000000094021204100002096
:1033C00010000000200000000020000204000502A0
:1033D000000200000000000400880000000000005F
:1033E00000000000000000000000000000000000DD
:1033F00000008200820082218211820982008241C3
:1034000082008200820940118200840482008203CB
:1034100084028200820082008209000082208209E8
:10342000821082008200820982090400000082006A
:103430008200000082058200820082008200080073
:10344000820082008200824182008200820082002B
:1034500082008200820082008209820082000000D5
:1034600000008220000000000000000000000000BA
:103470000000000004000000200021A010000088CF
:10348000110800A0002000002100050040200400D9
:10349000050003880084210005004100110440005C
:1034A000400010004190100004000088202010000F
:1034B0000000110000000000040000004000200097
:1034C0002100000020000000000005000000210095
:1034D0002100000000200000000000880000000023
:1034E00000000000001000000000000000000000CC
:1034F000000000000000000000110021400020003A
:103500001000080000001000000010100000400330
:103510000000080000008800000400001020820065
:103520008800081108000409C00000000011000014
:103530008200080000020000C0000000100000002F
:10354000000000000000000000000000000000007B
:103550000000100008000000C00000000000000093
:10356000000000000000000000000000000000005B
:1035700000000000000000000000080405A02190E9
:10358000110004840800108204C008040000000038
:1035900021842004000841404000080000900002FF
:1035A000000404041002001010100090000011002C
:1035B00040C0000002020200000021000000009054
:1035C0001100000002000020000008901102000419
:1035D0000800000004042004110405900404000005
:1035E00000200000000000000000000000000000BB
:1035F000000000000000008800000000A000400063
:10360000080000000800A00000004000001000209A
:103610000021100008000800010000210000100037
:10362000080000040800000000000800400000003E
:103630004020A00010000800C00800000400900016
:1036400000000800001008000000000020008400B6
:103650000009000000000000080000000000000059
:103660004000080000008200000000000000000090
:103670000000000000000000000000000002200028
:1036800000000408000021880484000400004000B9
:10369000000000001100000000000402000011887A
:1036A000200004001100108210000000048240007D
:1036B0001000200000902100000021900000000078
:1036C0002188000010200000050000000900000013
:1036D000400008000000009000000000040000000E
:1036E00000001100200000000000000000000000A9
:1036F00000000000000000000000000000000000CA
:10370000C1000001C183010000000141C041C001AE
:10371000C0000090C0820000C0000183C000000013
:10372000C1000001C183010000000141C003C001CC
:10373000C0000002C0820000C0000183C000000081
:103740000000C1000001C183010000000141C0214F
:10375000C001C0000084C0820000C0000183C0001E
:103760000000C1000001C183010000000141C0212F
:10377000C001C0000090C0820000C0000183C000F2
:103780000041C1410003C182414100414182A0206A
:10379000C01085410000808000418041418380004D
:1037A0000041C1410003C182414100414182832067
:1037B000C0108541008080800041804141838000AD
:1037C00000000041C1410003C182414100414182EA
:1037D0008820C01085410080808000418041418365
:1037E00080000041C1410003C1824141004141824A
:1037F0008820C010854100008080004180414183C5
:1038000080004100034100C100004141824100C1EC
:10381000054103C1C041004180004100C14100C1D8
:1038200080204100034100C100004141824100C1AC
:10383000054120C1C041004180004100C14100C19B
:10384000804000004100034100C10000414182412D
:103850000041054120C1C041004100004100C1417B
:1038600000C180404100034100C10000414182414C
:103870000041054120C1C041004100004100C1415B
:1038800000C180400000000100C1000000014101B2
:103890000003000110C12009008302004000400124
:1038A00000C182000000000100C1000000014101D0
:1038B0000003000183C1200900410200880040018B
:1038C00000C1820000000000000100C100000001F2
:1038D00041010091000109C120090041829040008E
:1038E000400100C182000000000100C10000000191
:1038F00041010009000109C1200900418200400086
:10390000400100C1820000400000C18300000000AF
:103910000000C182088300200000C14000000000B8
:103920000000C100000000400000C1830000000052
:103930000000C182908300200000C1400000000010
:103940000000C1000000000000400000C183000032
:1039500000000000C182908300200000C1400000F0
:1039600000000000C100000000400000C183000012
:1039700000000000C182908300200000C1400000D0
:1039800000000000C100000000800041C183000071
:1039900000000041C188801000410041C1C1000009
:1039A00000000021C141000000800041C1830000EF
:1039B00000000041C188004000410041C1C1000039
:1039C00000000021C1410000000000800041C183CF
:1039D000000000000041C189000800410041C1C150
:1039E000000000000021C141000000800041C183AF
:1039F000000000000041C185004000410041C1C1FC
:103A0000000000000021C1410000C1838041808589
:103A1000000041400041C1C103C1C141008080C0DC
:103A2000000041410041808003C1C1838041808505
:103A3000000041400041C1C103C1C141008080C0BC
:103A4000000041410041808003C10000C1838041EA
:103A5000808500004120004183C103C1C141008035
:103A600080C0000041410041808003C1C18380418A
:103A7000808500004120004183C103C1C141008015
:103A800080C0000041410041808003C140C020014E
:103A9000820400000000400104C101C1401140C087
:103AA00040C000000001000140C001C140C0200131
:103AB000820400000000400104C101C1402102C095
:103AC00040C000000001000140C001C1000040C032
:103AD0002001820400000001400140C101C1408377
:103AE00020C040C000000001000140C001C140C032
:103AF0002001820400000001400140C101C1408357
:103B000020C040C000000001000140C001C1000011
:103B100000000000484200000000000048428112FE
:103B200000C8430048420000000000004842000076
:103B300000000000484200000000000048428112DE
:103B400000C8430048420000000000004842000056
:103B50000000000000004842000000000000484251
:103B6000811200C8430048420000000000004842A3
:103B70000000000000004842000000000000484231
:103B8000811200C843004842000000000000484283
:103B90000000000000000000000000000000000025
:103BA0000000000000000000000000000000000015
:103BB0000000000000000000000000000000000005
:103BC00000000000000000000000000000000000F5
:103BD00000000000000000000000000000000000E5
:103BE00000000000000000000000000000000000D5
:103BF00000000000000000000000000000000000C5
:103C000000000000000000000000000000000000B4
:103C100000000000000000000000000000000000A4
:103C20000000000000000000000000000000000094
:103C30000000000000000000000000000000000084
:103C40000000000000000000000000000000000074
:103C50000000000000000000000000000000000064
:103C60000000000000000000000000000000000054
:103C70000000000000000000000000000000000044
:103C80000000000000000000000000000000000034
:103C900000000000757B0000000000000000000034
:103CA0000000000000000000000000000000000014
:103CB0000000DEAE757B0000000000000000000088
:103CC00000000000000000000000000000000000F4
:103CD0000000DEAE0000757B000000000000000068
:103CE00000000000000000000000000000000000D4
:103CF00000000000DEAE757B000000000000000048
:103D000000000000000000000000000000000000B3
:103D100000000000DEAE60060300000000000000AE
:103D20000031E0000000000000000C000000000076
:103D3000000000C0600660060300000000000000F4
:103D40000031E0000000000000000C000000000056
:103D5000000000C0600600006006030000000000D4
:103D600000000031E0000000000000000C00000036
:103D70000000000000C060066006030000000000B4
:103D800000000031E0000000000000000C00000016
:103D90000000000000C060068411A0008800202000
:103DA00020112000200088002000040020002000B6
:103DB000C0002000000000002040C04020108410FF
:103DC0002000840020200000000000008800001077
:103DD000200000008800880000000000880000002B
:103DE0002000200000002000000000000000000073
:103DF00000040000000000000000000000000000BF
:103E000000000000000000000000000000000000B2
:103E10000000000000000000000041000000000061
:103E200000000500210041000500410009000000DC
:103E300004002100400005002000000100010401F1
:103E4000000109000000000020000000050005003E
:103E5000050105000900000000000000000000004E
:103E600000004100400000000000050000000500C7
:103E7000000000010400000000000000000000003D
:103E800000000000000000400000000000000000F2
:103E900000000000000000000000000000400040A2
:103EA00000104090848000C1008088900040000095
:103EB0000010A100004000400010001000000005AC
:103EC0008200C01000400080A01000100080008020
:103ED0008880004100854080008000800000020052
:103EE00020400010001000880200008000800000C8
:103EF00000000000000000000000000000000200C0
:103F0000C000000000000200000000000800008067
:103F100000000000100210000000000010024183A9
:103F20000001000184030940004000100510000951
:103F300000080009101000090009000941090400E7
:103F40000000000040000309404000090009004053
:103F500041400010000000408040001009100003A4
:103F60008500800100010001004089000010001060
:103F700000080082000000840000000000880000AB
:103F80000000000000000088001000000000000099
:103F90000008000000008001800000000000800197
:103FA000088040008200000584080008400882085C
:103FB00090410040C0050821000010050021C0000C
:103FC00082008800080000218200400488218400CB
:103FD0000000000882000008000041009008001165
:103FE000000000050005C0828480A01001000000D0
:103FF000A0000003020008030841880088918400A3
:104000000400008008C0008000850000000000005F
:10401000000000000000000000110000000000008F
:1040200084000302000000000800080000001000E7
:1040300021200400050141004104408200002100CC
:10404000000000200040210000000800A000000047
:10405000052000080500008408000000C0000000E2
:1040600021000000000008000004080408004000CF
:104070000500050000008000830080000904004066
:10408000210080000040000500100810080000001A
:10409000030000000000000000000000000000001D
:1040A00000000000A00040008400A0030400841071
:1040B0008200080082008200820082028400A00048
:1040C0008200A00000000821C000820010008202CF
:1040D000A000A1009180C000088083000000830040
:1040E0001000840000000904A000C0110008C000F6
:1040F0000000A00000002000010000800000080077
:1041000000004000000000000000010410800000DA
:10411000000000000000000000000000000000009F
:10412000000000000080008400A020C00300000008
:1041300000A000000402040000000020210108008B
:1041400004A0040011001020200000100800050049
:104150001101200020001002009000044008080215
:104160002090118800840000200103004100050018
:10417000200021000000000080002088000400C012
:104180000300000020884184030000882000000410
:1041900000000000000000400000000000000000DF
:1041A00000000000000000080002404184201011BF
:1041B000C0000000002110008800400082001010A4
:1041C000000082008200C0000000200000042020C7
:1041D0000200100082000100080308801000100493
:1041E0000104080082114005000388030800000054
:1041F00000000000A00300054002C1038200080087
:1042000000001000C0050800C08501402004000027
:10421000000000000011000000000000000000008D
:10422000000000000000000000800091A1000000DC
:104230000000000000001002039000008800000051
:104240008901000003000500000000008000030158
:10425000088404000000080020A000C0050200003F
:104260000908400000000088918400000000000060
:10427000080008020088080008000001020000A0F1
:10428000050009000000000000000004204080013B
:104290000000000000000000080000000000040012
:1042A0000000090000000000000000080821820052
:1042B000A00982050503A080A10205050000A080D9
:1042C0000800040501008280A0899105832082A155
:1042D0008282830510050800880010210009A021B2
:1042E0000800048000118220000840000000C00285
:1042F0008202C0048408000440050000C1000009D7
:10430000820583040002C000A005820908050000A0
:1043100000040000008400000000000000400000D5
:104320000000000000000000000000000000200469
:10433000080004C041A02004410420A0200411046E
:104340000002100420002000000400042000208847
:1043500000040304200404C01104030040002020D2
:104360000400110011020004000203858304000010
:10437000110021001101210041008884000020006B
:1043800010000002200000A00000008411C0418441
:1043900000000804110020040000000000000000DC
:1043A000000000000000000000000000000000000D
:1043B000C0C108C102049008C1C108C04004C009BE
:1043C000C1C091C089048408C1C190C04004A00844
:1043D000C0C182C001040408C1C010C040824002B4
:1043E000C1C040C088032003C1C109C08904902016
:1043F0000000C1C182C000409020C0C003C0109026
:104400002002C0C108C10002100401400090042035
:104410000090C0C191C08809102000000000000079
:104420000000000088000000820000000000000082
:1044300020009182039000880090C09102A003C0E8
:1044400000909080088002808080909109C009A02F
:1044500000A0C191038302A0808290808980030024
:10446000000082A008800504808490C190830480AD
:1044700000850000C09109C00300001191800880F0
:1044800085000080C1910990409000890480090056
:1044900005000000839104C10504800000000000B5
:1044A000000000000000000000008000000000008C
:1044B00000000000800000C0808080219180418544
:1044C00091C0900000000085808080004180408580
:1044D00091A0820211800588A083C000800080C066
:1044E00080808002888003898291C121001180C070
:1044F00080A08000000000104085918082408000F4
:1045000000C0808080C0108000C0918491090000AC
:104510000021001100804180048591838480000087
:10452000000000000000000000000000002000006B
:1045300000000000008004008282C0C0C0830440EC
:10454000A082C1C0C18840A04082C0C0C040044019
:10455000C082C1C0C0418802A083C0C0C14004A0C5
:104560000482C0C0C0890508A082C0C0C109400043
:104570004082C0C0C040000010019082C1C0C04154
:1045800004088282C0C0C00821021082C1C1C0825A
:1045900000000884002020A008402182C1C0C1047E
:1045A000000000000000000000000000000000000B
:1045B00000000000000000884005018201C1C0C069
:1045C000050400A010C1C1C10440004000C0C0C12A
:1045D0004008002040C0C0C1088300A040C0C0C146
:1045E0000905000404C0C0C0A00400A000C1C0C0F0
:1045F000A040104020C0C0C000014140009089C1CF
:10460000C0C10905008200C0C0C0A120002190C027
:10461000C0C1400100008400850005200120A1C127
:10462000C1C1000000000000000000000000000008
:104630004000000000000000000020C004200285AF
:10464000849020800020088591908408001000A0AC
:104650008388048041C000A080918410050500A0DB
:10466000859184880091808880900291000020A02C
:1046700091850910808300838089000302820940AC
:1046800005A0839184A00009008080830211099015
:10469000008980918004000000030909820004035E
:1046A000058584910000000000000000000000006B
:1046B000000000000000000000000000800083C037
:1046C000A0098200A00091C190028500C1028883E8
:1046D000C1208500C1C091838003830083A0A0A076
:1046E000C18883008420A1A0042004809003A185B8
:1046F00008A003038008908580022000000182202A
:1047000091A102082002A000C0A01009C0008010E2
:104710009185110482090020004080800000A0885B
:1047200084820583030000000000000000000000F8
:104730000000000000000000000000000000C000B9
:10474000C0C104900808C020C1C005C10888C101CB
:10475000C0C104820820C041C1C004A00820C0021A
:10476000C0C104840840C001C0C083410202C1909E
:10477000C0C003841008C000C1C0049190A0000113
:10478000C002C1C010909082C000C0C10820048443
:10479000C090C1C0201104841000C0081084900093
:1047A000C140C1C191400240000000000000000073
:1047B00000000000000000000000000000000000F9
:1047C00000000000830048426000008883004842E7
:1047D00000000000830048426000008883004842D7
:1047E0008400008883004842840000888300484297
:1047F000820000888300484281000288830048428A
:1048000000006000008883004842000000888300A8
:1048100048428400008883004842008100884104A7
:104820000000600000888300484200000000000093
:1048300000000000000000000082000000000000F6
:104840000041000000000000000000000000000027
:104850000000000000000000000000000000000058
:104860000000000000000000000000000000000048
:104870000000000000000000000000000000000038
:104880000000000000000000000000000000000028
:10489000000000000000000000000000F776B534C2
:1048A0000000000000000000000000000000000008
:1048B00000000000000000000000000000000000F8
:1048C00000000000000000000000000000000000E8
:1048D00000000000000000000000000000000000D8
:1048E00000000000000000000000000000000000C8
:1048F00000000000000000000000000000000000B8
:1049000000000000000000000000000000000000A7
:104910000000000000000000000000000000D35272
:1049200091100000000000000000000000000000E6
:1049300000000000000000000000000100000080F6
:1049400002000001000043102000008811064310FF
:104950002000008811064310200000881106431033
:104960002000008811064310200000881106431023
:104970002000008811064310200000881106431013
:104980002000008811060000431020000088110656
:1049900043102000008811064310200000881106F3
:1049A00000000000000000004310200000881106F5
:1049B00000000000000000000000000012020000E3
:1049C00000000000120200000000000000000000D3
:1049D00000000000000000000000000000000000D7
:1049E00000000000000000000000000000000000C7
:1049F00000000000000000000000000000000000B7
:104A000000000000000000000000000000000000A6
:104A10000000000000000000000000000000000096
:104A2000000006FCF6FC0F0F6F6F00000000000096
:104A30000000000000000000000000000000000076
:104A40000000000000000000000000000000000066
:104A50000000000000000000000000000000000056
:104A60000000000000000000000000000000000046
:104A70000000000000000000000000000000000036
:104A80000000000000000000000000000000000026
:104A90000000000000000000000000000000000016
:104AA00000000000060CF60C0F0F090900000000C2
:104AB00000000000000000000000000000000000F6
:104AC000000000000000000000000000006100067F
:104AD000009D000500610001809100050061000655
:104AE000009D00050061000180910005006100014A
:104AF00080910005006100878099000500610087B2
:104B00008095000500610087809D00050000006120
:104B10000081809100050061008700990005006117
:104B2000008180910005006130AF100900A1006193
:104B300000818091000500000000000000000000DE
:104B400008091000000000000809000000003F3CB8
:104B50003F3C0CFC0CFCFE04FF0000FFA0FF20000B
:104B6000800030BAF0FAFF00FF140050FFFF3C3C19
:104B70002D3C0000FFFFE455E400FFFFFFDFFFFFD7
:104B8000FFFF00002800C33CC33C00000000000001
:104B9000FF00FFC00000FFFF00000000FDFDFFFF61
:104BA000FF00FF000003FCFF000000003C3C3C3C19
:104BB0003CBC3C1C0000FFFF0000000000000000A7
:104BC0000000000000008002000000000000000063
:104BD000303C303C0A0AFAFAFE04FF0000FF005F96
:104BE0002000800000AAC0EAFF00EB000000FFAF39
:104BF0003C3C2D3C0030FF3FE4AAE4FFFFFFFFFFF9
:104C00000014000400000000C33CC33C004000004E
:104C10000000FF003F0000C03FFF00001000080838
:104C20000000FD08FD080000FFFF000000003CAA96
:104C30003C3C3CBC3C1C0A00FAFF000000000000A9
:104C4000000000020200000001000000000000005F
:104C500001000000000000000000FFFF0C0000FF4A
:104C6000303F0000000000000000FDFF080000FFD2
:104C700000FFFFFE00043C3C3C3C00000000000044
:104C800000003F3F0F0F0F0F0002C33CC3FF0000A7
:104C900000000000FFFF008200FF00FF0000000096
:104CA00000000000FFBF000100FF00FF0000000047
:104CB00000000000FFFF000003FF00FF00000000F5
:104CC00000000000020000000000004002000000A0
:104CD000000000400000200000000000F3FF000082
:104CE00000FF00FF0000000000000000FDFF0800C2
:104CF00000CF30FFFFFE00043C0C3CFC0000000035
:104D0000000000000C0C0000FFFF0000C33CC3FFCC
:104D1000000000000000FF7D00000AFA00FF000014
:104D2000000000000000FFBF000100FF14BE0000F3
:104D3000000000000000FF5F000A00FC00FF000010
:104D40000000000000000000000000000000000063
:104D500000000000000010000000200008002000FB
:104D6000C000C00020004000200020002000000003
:104D700020008900200500008500040000000000DC
:104D800088000000844004002000211084000000FE
:104D900000000000048000008400004000000000CB
:104DA0000000000500042000200020002000000476
:104DB00000040000000020000000000000000000CF
:104DC00000000000000000000000000000000000E3
:104DD00000000000000000009000050009008000B5
:104DE00041000000000000008000410004000400B9
:104DF0002100400040000400200040C020000000CE
:104E000000000400400000010000009008010200C2
:104E100000000000000089200000000000010000E8
:104E2000000000000400000100000000000000007D
:104E30000001000100000000090000000000000067
:104E40000000000000000000000000000000000062
:104E500000000000000000000000000000000080D2
:104E600001400000000000000210210020090102A2
:104E7000010200000211000002000202000400040E
:104E800000850002000000000800008001200000F2
:104E90000021000000000000119000000000000050
:104EA0000000010000000000000000000000000001
:104EB00000040000000000000000000000000000EE
:104EC00000000000000000000000000000000000E2
:104ED0000000900002000000000000000000000040
:104EE0000002400500820000000085A0824080088A
:104EF00020090241028480000000800480910001AA
:104F000040010002004100400008000800020409BE
:104F1000000800100000000000000405000100006F
:104F20000000000020000000000000A000080008B1
:104F30000040004100820000090000000008050058
:104F40000900000000000000000000000010004008
:104F50000000000000000000000000000040080009
:104F60000009820004080008000800080821084021
:104F7000082184C0004020000004C000821090007E
:104F800000021005900400400940C090082000086D
:104F900008000000400840040005000001A10000D6
:104FA0000000004008000002002100000004088406
:104FB00008000800000008040004000420000400A9
:104FC00020800000040004040000000004000940E8
:104FD00008000800000000000000000000000000C1
:104FE00005000800210000841182410004C003086C
:104FF0000800000021080500A1002104210008008C
:1050000003000001830011010500020108030401EF
:1050100000C00000030089084000080000000420D0
:1050200000004190080108000304400000000491C2
:105030000905000003004190080140910985808224
:105040008800800400008000800100000000000053
:105050000801000000000000040000000000000043
:10506000000040004041900384002040C040C04008
:10507000844020058205884000000000020484A1CD
:1050800040080082400208400802000990A1000583
:1050900004000800004091100802000090000091F8
:1050A00004800000C040A040000200898505820203
:1050B0004002A00220008200A00000000040A005E5
:1050C0000003210000400000001100400002000029
:1050D00000020004000000000000000000000000CA
:1050E000000000008890800000000004A141004101
:1050F0000041004180820004004141A020000001E5
:10510000000220001003210100412184000011024F
:105110001004804041000089084100004100000067
:105120000002802000000300000041000010200069
:10513000080000000000809000000900000000014D
:1051400011004100A0001101110009882101000097
:10515000000000000000000000000000000000004F
:1051600000000000000000000021900308118204EC
:1051700000212003202082000040002082084000FF
:105180008200404010210800000040044003080055
:10519000110900418200C00084000000C0410011DC
:1051A00082030000084000030011000000030421F6
:1051B000840020210880840000052000C0000841F0
:1051C0008203000001008200004000110004004141
:1051D00000000000000400000000000000000000CB
:1051E0000000000000000000080000000500410071
:1051F000009000008800A190080400000888218227
:1052000021C000000000A1002100001000012100C9
:10521000008440A000000490400000000800000846
:10522000090040000804080900000500000009000A
:10523000A104000091C08010030003008300080057
:1052400021000300050020000300080100001001F8
:1052500041C0000005000000000000000000082020
:1052600000C0000000000000080088880021000441
:105270004089880420110808821108882084A02110
:10528000A0808440A0A10500838888A100844105F6
:10529000C08400000800004104029011A0214004D5
:1052A0000104A04090000011040400000004400527
:1052B0000005210002802003400590902002040494
:1052C00001050121001140008211888000002109A0
:1052D00000100010000000000000000000000000AE
:1052E000000000000000000000000000004002A0DC
:1052F00020000002008480000004400000400040C4
:105300000000004000010040020040400040004119
:105310009000004100000804000080C1110000005E
:1053200080000800000000001100830100001188C7
:1053300004000300C00091048800000010418000B8
:10534000000120000200000000000384084000006B
:10535000A000008900C10000000000000000000063
:10536000000000000000000000000000000008082D
:1053700009089003900301C0000001C0008900C12A
:1053800090040085C00100C0011105C1C00000C12A
:10539000A10089C1C0010509884140C190A00289CE
:1053A000C1048408208202080420080202080000C8
:1053B0000000040040000000C121000911A090215C
:1053C000001100050402000200410003A0919010AA
:1053D00009410090C0A12003000800880008004097
:1053E00000000000000000000000000000000000BD
:1053F0000380C0880905000820800000020000909A
:1054000011C121801005002000A04188040500037F
:1054100003C18803020300212020038280200010A2
:1054200088880210000900408880898085008000FB
:105430000000030089008000000089110082829131
:1054400080080011008205890084401100A04020DE
:10545000000009110000058400820800000000001F
:10546000000000000000000000000000000000003C
:105470000000108085108488C10800058000008429
:1054800080002005080090408300800009102080E3
:1054900089200500401041C084088200200990083E
:1054A000A089200920114100910088001002888005
:1054B00010000000800080008003808080000210C7
:1054C000918040410900022011804085410040A1A7
:1054D000049140C0208000211180C0000000002104
:1054E00000000000000000000000000000000000BC
:1054F00000000000414002A0A183032100008800B9
:105500000009C000000001000300C1820800000182
:105510000008C020908800000009C10104A0890291
:10552000050482202100410820A082000300000819
:10553000A140C1880000020008000801C0088800DE
:105540008309094001010000018501840102000472
:10555000010400110109A1C00008839005000000AA
:105560000040008200000000000000000000000079
:1055700000000000000002100091008211C0C088ED
:1055800008A0880800C040022100020301C0821167
:105590000001010900C020830400A00810C190A0F0
:1055A00001C00084020508820100829104C110201C
:1055B000002000C011890000000000010000000070
:1055C0002085900582A010C10200000100000201A8
:1055D000040101020109C00390210103890911C1DD
:1055E00040000000080084000000000000000000EF
:1055F00000000000000000000085000300C0C0841F
:10560000808080108080208080802002032110898B
:105610000004401110A100900040804185918590C8
:10562000002004000988098880410305410389A0FE
:1056300080050011004191020000000500100009E2
:1056400000008090808209092091800911020009E0
:10565000801180400889404084110002418340202D
:1056600091828000000000000000000000000000A7
:1056700000000000000000000000A0A1081141008F
:105680002004800000000080024080800020000094
:105690000011C10003002180081188102000418002
:1056A00010410480C04090000508002000910000D7
:1056B000000200020083000000410000002000A062
:1056C0000080008011C082C12000830489C0820054
:1056D00009000300A04011408000A02020C091409C
:1056E000C0008204000080000000000000000000F4
:1056F0000000000000000000000000000889100207
:1057000010081001400000A0A0080101C0C0C0A006
:1057100002024001C12000A0A1080100C12100A097
:10572000A0080001821003200384840090C0880236
:1057300004908200C091C0820820C00100000001D6
:105740000089004000908210831005A0080004C06A
:105750000300A00002000300830084001101C1C007
:1057600005A003C0110082000400080088000000AA
:1057700000000000000000000000000000008800A1
:1057800000880000000088000088000042004800F7
:1057900000C100008100000000C100004100500075
:1057A00000880000000600000000830000000000E8
:1057B000000083000000500000884100001100003C
:1057C0000011004241000000810000884100601289
:1057D0008100008800004200810000884100001222
:1057E000818100884100500000000000000000009E
:1057F00000000000000000000000000000000000A9
:10580000AAFFB4B4E1A0AAFF5050FAFA0000F03C9D
:105810000000303F0000FF3C0000FAFA0000FF3CAF
:105820000000FAFA0000FF3C3CAAF0FF2B17D4E876
:10583000A00AB41EEBFFEBFFA4AEF4FE41C341C3CC
:1058400000000000000000000000F03CF03CEBEB2A
:1058500030F3F514F5BE00000000F0F0AAAA000F26
:10586000F0FF2CEC2FEF0FFFACAC3A3A3A3A0000C5
:105870000000000000000000000000000000000028
:1058800000000055B4B4E1F5AAFF5050FAFA000048
:10589000F03C0000303F0000003C00005050000091
:1058A000003C000050500000003C3CAAF000E8D44E
:1058B000172BA00AA00A1400EBFF040E545E41C08F
:1058C00041CF0000000000000000000000AAFFAA75
:1058D000282830F3A014A0BE0000000000FF3C3CCC
:1058E00000FF00FF20E023E300F0ACAC00F00FFF6E
:1058F00000000000000000000000000000000000A8
:10590000000000000F3CFF55540004003C3C000028
:105910000F0F0000FF000000FF000000FF0F00005D
:105920003C3C00005F5F0000C3C3FFFF3C3C0F0F27
:10593000AAFAAFFFAEAA040000000000FF4D3C4DE4
:10594000FF00FF280000000000003CC375557D41AA
:105950003F3F3C3E3C3EFDF13D31000000000F5515
:10596000FF3C000000007F3E6B2AFF00FF003C3C34
:10597000555500000000000000000000000000007D
:105980000000000000000F3C0055FCA80C080F0FA1
:105990000000555500000F0F000055550000000F86
:1059A0000000555500000A0A0000AAAAFFFF55553D
:1059B000FF00ABFBAFFF0C000C0000000010C34D5C
:1059C000004DFF00FF000000000000003CC34555F3
:1059D0007D4103033C343C34CDC10D010000000087
:1059E0000F55003C0000000057164302FF41BE0067
:1059F0000F0FFF000000000000000000000000008A
:105A0000000000000000000000603087809D000062
:105A100040028087802C920240E38007C02D9202D2
:105A200040E38001002D920240E38087802D8202B6
:105A30000061300E000D00A100610E06009D000106
:105A40000061308F900900A00000006100AE300DB1
:105A500001A80061308990910000006130818001CF
:105A6000000000613089901100A0006130A995917B
:105A700005000000300000000000000000000000F1
:105A80000000000000000000000000FFFF04000014
:105A9000000000003C3CF0F0000000000000F000BE
:105AA000FF0F00FF03CF335533AAC3A5C3AA0000DD
:105AB00050FA43490208FF00D700000000005A7E58
:105AC0005A7E0000000004000000000000000000FA
:105AD000000000003C3C3C3C0008FFFD3F3C3C3CDF
:105AE0000020FFEFFF00FF002000F7FFFF08F70096
:105AF000F0F078F00000000000000000000000005E
:105B000000000000000000000000000000FFFF0097
:105B10000040000000003C3CF0F0000000000000ED
:105B2000FF0FFF0FC33C0FFFC355C355A5A5AAAA7E
:105B300000005078161C0208FFFFFFD7000000008D
:105B40000000FFFF00000000000000000000000057
:105B50000000000800080F3C3C3C0008FFFD303C02
:105B60003C3C0020FFEFFF41BE002000F7FFFF0894
:105B7000F700F0F078F000000000000000000000E6
:105B800000000000000000000000000000000C0009
:105B90000C00FFFEFFFA00003C3CAAAA0000000037
:105BA0000000C0FCFCC07D287D7D00FA00FF0C3C9D
:105BB0000000F2F0F0F03C00A6A6000000B0FFBC30
:105BC000BCBCFFFFFFFF000000002800F0F0000059
:105BD0000000000000000000FFFF0000A0AF00FF79
:105BE000F7FF040000CF30FFFFF50A001CBC3C3C6F
:105BF000DFDF080800FF00FF0000000000000000D9
:105C00000000000000000000000000000000000094
:105C10000C000C000004FFFA00003C3CAAAA0000A3
:105C20000202808082BEBE825D085D5D00000000D1
:105C30000C3C0C00F0F0F0F0C3FFA6A60000000042
:105C4000FF3C3C3C080C0000000000000000F0F0AD
:105C500000000000000000000000FCFF0C0000FF3E
:105C600000FFF7FF040000FF00FFFFFF00001CBC67
:105C70003C3CFFFF000000FF28EB0000000000009C
:105C80000000000000000000000000000000000014
:105C90000000880000000420400084002000040070
:105CA0002000200020004000200000000000C00074
:105CB0000400C000020088008800200000000000EE
:105CC0000400000020200000400900000000400007
:105CD000000000000000C000000000000000000004
:105CE00000000000000000000000000000000000B4
:105CF00000000000000000000000000000000000A4
:105D00000000000000020000000000000000000091
:105D1000000000000000000004000000000020005F
:105D2000000000000900000000004000040009001D
:105D30000000090000000000020020C00000000078
:105D400020000000000200000000000040000000F1
:105D5000000000000000030000000000000011002F
:105D6000000000040000000000000000200000000F
:105D700000402000000000000000000000000000C3
:105D80000000000000000000000000000000000013
:105D90000000000000008800000000000000000972
:105DA000000900000003000020000000C0030005FF
:105DB00000000000000000000000000000000000E3
:105DC0000041000500000000001088090010840058
:105DD000000000000000000000000000000082043D
:105DE00000000000000000000000000000000000B3
:105DF0000000000000000000000000000000001093
:105E00000000000000000010000000000000000082
:105E100000000000000000000090008400000084EA
:105E2000400000C0008800080000400000002084FE
:105E300000100008001005404000008200000088AB
:105E400000000088000000040040000000102088CE
:105E50000400000400000004000000000400000032
:105E600002080000000000000000004020000000C8
:105E70000000000800000000000000000500000015
:105E80000010000000000000000000000000000002
:105E90000000004000000000000000410841824175
:105EA0000041C000A008C0058400000084098202EF
:105EB0000008840000000000001000000000000046
:105EC000820800030000820082000008C000000079
:105ED0000800C0004000004000000000000000007A
:105EE000000008000800000000004000000004005E
:105EF0000000000000004000840000408400080012
:105F0000840000000000000000000000000000000D
:105F10000000000000000000000000000210100857
:105F20001010038405100310091005101082411091
:105F300041002100080008820800000009A00000BC
:105F40002100081008104100080008820800050020
:105F50000090030009080000000000000000058216
:105F600000000000050000000000000000A000008C
:105F70000400000000402000000000000540000078
:105F80000800000400000000000000000000000005
:105F9000000000000000000000000000000084205D
:105FA000101104200021A000A041080010000202EE
:105FB00000000811040000000009C00082400040F9
:105FC00000000811A000841100020000000200007F
:105FD00000020200080900020000080000000000A2
:105FE0000800000008000000004088400000000990
:105FF0004000000000000000000000090002000056
:106000000011004000000011000200000002000228
:106010000000000000000000000000000000000080
:106020000088108810A0032000400090008808001D
:10603000009010900090000021900088009021C0F6
:10604000039011C0029000102102400021001000B6
:106050001020080011000000002000204000410036
:10606000000040880900008803001090210003020E
:10607000040004000800210021000000042040006A
:1060800000001190000002000090000200000000DB
:106090000000000000000000000000000000000000
:1060A000000002000800000084088800A0004000F2
:1060B0004000C00000000000C000104100000000CF
:1060C000C008000500008400080000000800C000AF
:1060D0000000C00004000003840200110040000022
:1060E0000000000000000000820008000000000026
:1060F0000000002000000800000000000000000078
:10610000000000000000000000000000000000008F
:10611000000000000000000000000000000000007F
:106120000000000005040400100405044100000004
:106130004100020003004090110008400390090054
:1061400000C000900500000221C04190008421049D
:1061500005C00500100405820304080003100000B8
:10616000410408C00000100005000000000021C02C
:106170000090090008000000000003000000090072
:10618000030005C0000003000800000040880090E4
:10619000000000900000000000000000000000006F
:1061A00000000000000008000800000000000000DF
:1061B00000000000C02104000011000808000000D9
:1061C0000000820084000800841110000000900389
:1061D0000000000000000040000040000000C0205F
:1061E0000000000000000000840008000000000023
:1061F00000000000C00004000000080000000000D3
:10620000000000000000000000000000000040004E
:10621000000000000000000000000000000000007E
:1062200000000000000000004190080040900004C1
:1062300000000084000009C00008038200C0201094
:1062400000000084008800000002000441000402F5
:1062500011840000099010402184100008020820D9
:106260004000110021884100000021001188000435
:106270000288110241001100000003001102110008
:106280000500419021000088090009000800200253
:106290000900400040004000210000000000000014
:1062A00000000000000000000000000000000000EE
:1062B00000000000000000000000000000000000DE
:1062C00000000000000000000000000000000000CE
:1062D00000000000000000000000000000000000BE
:1062E00000000000000000000000000000000000AE
:1062F000000000000000000000000000000000009E
:10630000000000000000000000000000000000008D
:10631000000000000000000000000000000000007D
:10632000000000000000000000000000000000006D
:10633000000000000000000000000000000000005D
:10634000000000000000000000000000000000004D
:10635000000000000000000000000000000000003D
:10636000000000000000000000000000000000002D
:10637000000000000000000000000000000000001D
:10638000000000000000000000000000000000000D
:1063900000000000000000000000000000000000FD
:1063A00000000000000000000000000000000000ED
:1063B00000000000000000000000000000000000DD
:1063C00000000000000000000000000000000000CD
:1063D00000000000000000000000000000000000BD
:1063E00000000000000000000000000000000000AD
:1063F000000000000000000000000000000000009D
:10640000000000000000000000000000000000008C
:10641000000000000000000000000000000000007C
:10642000000000000000000000000000000000006C
:10643000000000000000000000000000000000005C
:10644000000000000000000000000000000000004C
:10645000000000000000000000000000000000003C
:10646000000000000000000000000000000000002C
:10647000000000000000000000000000000000001C
:10648000000000000000000000000000000000000C
:1064900000000000000000000000000000000000FC
:1064A00000000000000000000000000000000000EC
:1064B00000000000000000000000000000000000DC
:1064C00000000000000000000000000000000000CC
:1064D00000000000000000000000000000000000BC
:1064E00000000000000000000000000000000000AC
:1064F000000000000000000000000000000000009C
:10650000000000000000000000000000000000008B
:10651000000000000000000000000000000000007B
:10652000000000000000000000000000000000006B
:10653000000000000000000000000000000000005B
:10654000000000000000000000000000000000004B
:10655000000000000000000000000000000000003B
:10656000000000000000000000000000000000002B
:10657000000000000000000000000000000000001B
:10658000000000000000000000000000000000000B
:1065900000000000000000000000000000000000FB
:1065A00000000000000000000000000000000000EB
:1065B00000000000000000000000000000000000DB
:1065C00000000000000000000000000000000000CB
:1065D00000000000000000000000000000000000BB
:1065E00000000000000000000000000000000000AB
:1065F000000000000000000000000000000000009B
:10660000000000000000000000000000000000008A
:10661000000000000000000000000000000000007A
:10662000000000000000000000000000000000006A
:10663000000000000000000000000000000000005A
:10664000000000000000000000000000000000004A
:10665000000000000000000000000000000000003A
:10666000000000000000000000000000000000002A
:10667000000000000000000000000000000000001A
:10668000000000000000000000000000000000000A
:1066900000000000000000000000000000000000FA
:1066A00000000000000000000000000000000000EA
:1066B00000000000000000000000000000000000DA
:1066C00000000000000000000000000000000000CA
:1066D00000000000000000000000000000000000BA
:1066E00000000000000000000000000000000000AA
:1066F000000000000000000000000000000000009A
:106700000000000000000000000000000000000089
:106710000000000000000000000000000000000079
:106720000000000000000000000000000000000069
:106730000000000000000000000000000000000059
:106740000000000000000000000000000000000049
:106750000000000000000000000000000000000039
:106760000000000000000000000000000000000029
:106770000000000000000000000000000000000019
:106780000000000000000000000000000000000009
:1067900000000000000000000000000000000000F9
:1067A00000000000000000000000000000000000E9
:1067B00000000000000000000000000000000000D9
:1067C00000000000000000000000000000000000C9
:1067D00000000000000000000000000000000000B9
:1067E00000000000000000000000000000000000A9
:1067F0000000000000000000000000000000000099
:106800000000000000000000000000000000000088
:106810000000000000000000000000000000000078
:106820000000000000000000000000000000000068
:106830000000000000000000000000000000000058
:106840000000000000000000000000000000000048
:106850000000000000000000000000000000000038
:106860000000000000000000000000000000000028
:106870000000000000000000000000000000000018
:106880000000000000000000000000000000000008
:1068900000000000000000000000000000000000F8
:1068A00000000000000000000000000000000000E8
:1068B00000000000000000000000000000000000D8
:1068C00000002000C0004000C00004008800040058
:1068D000C000C00040002000C01000000000010007
:1068E000000020408840041000900480400084058F
:1068F0000003008000802000000088020200008069
:106900000300000000000000200000000000000064
:106910000000000000000000000000000000000077
:106920000000000000800000000000800000000067
:106930002000000000000000000000000000000037
:1069400000000000000000000000000000204100E6
:10695000000000A02000000009000000000041002D
:10696000400000A00001000100010005000200003D
:10697000000000080040004000000000000000008F
:106980000040820000000000000000000000002025
:10699000000000C0000000000000210000C000A0B6
:1069A00000000000000000040000000000080000DB
:1069B0000000800000000000000000000000000057
:1069C00000000000000088000080000500800080BA
:1069D000840000800000000000000040004000042F
:1069E0000000010000000000820000000100000023
:1069F0000000002000049002000020000000004081
:106A000000C00089008000000080008000900080AD
:106A10000000018000820002008000800080008071
:106A20000021000000000040000000020100000002
:106A30000200000000000000000000000000000054
:106A400000000000000000400008000400080004EE
:106A5000200420000504410009080008030900097A
:106A600000824100400000080508030803082008D0
:106A7000000005A00001201000090008000800081F
:106A800040010503000200400003004000400010E8
:106A9000001000004002000305910040004020105B
:106AA0000510008200C0000000000000000140004E
:106AB00000000000000000000000000000000000D6
:106AC00000000000000000000000844188089000E1
:106AD0004008002182100021000200030205010489
:106AE0000090C00200214008001100112009830518
:106AF0008240820000400808024020004000400020
:106B00000021821185000008A000000000000000A4
:106B10000000000582008200000201000005000064
:106B20000000010282000000000090898400A000A3
:106B30000000041082000000080284000000000031
:106B40000000000000000000000000000500001030
:106B50000000210000004100000010004000800003
:106B6000100110040501080089090040030000001D
:106B7000400003000000080800008501000000003C
:106B8000800000000300020000012140000000001E
:106B90000000000000000000000000011082000062
:106BA0000000050020010300000041000004000077
:106BB00000000000800100000000800100000000D3
:106BC0000000000000000000000000000000830042
:106BD0000005A00501000041824100050400A0005D
:106BE0000804A004840008C10200022102008441BC
:106BF0000800080408218200080083008480C0C1C6
:106C000040C105044121020284000000101100006F
:106C100088212000880002008200820321000420D5
:106C200000001041A0110405088282808280008942
:106C300000000000008000000000000000000000D4
:106C40000000000000000000000000000000000044
:106C500004A000000800040020A0030811A040A028
:106C600000001010001008004102C10088A0C104FB
:106C70000404410421900310039020020400410207
:106C8000080200024084A0008009030800C021001F
:106C90000000000088004000110040000800400093
:106CA00041001100800003000382084003400310EC
:106CB00000100088118400101100000000842100E1
:106CC00000000020000000000000000000000000A4
:106CD0000000C0400000C00040110005000300405B
:106CE000C0088810A000A00500218410C0008408FE
:106CF0008205820300000003080282008408C008A5
:106D0000C0088200080000041000011120000004E7
:106D1000010000030821820040412000000008001B
:106D2000C000C0000011820084118400C00008006F
:106D30000005000500C1400000040005010000003E
:106D40000000002000000000000000000000000023
:106D5000000000000001000000000000000003002F
:106D600000002100000021000020000021000000A0
:106D700000010000000000000000210000000000F1
:106D800000000500000000004101000040008000FC
:106D90000001020000000000000000008000000070
:106DA00041000000000000000000000000000000A2
:106DB0000000000008000002800000010000020046
:106DC00000000500000100000000000000000000BD
:106DD00000000000000000200104010390218484D1
:106DE0008504400482048410000508040041A102C7
:106DF00021054082C12100000004A004A0830841B5
:106E00000008040210004000000982400840000011
:106E10000205900840800000884100209000900406
:106E200009008880208091208202A080000900094A
:106E30008482820283210111000082829004401129
:106E40000000002000820040000000200008000038
:106E500000000000000000000084048804104010BE
:106E60000940028241A00882200021C008000402DB
:106E700002014008A109402000C0001000000404E5
:106E800000000300A1A103000000050008010801A3
:106E900000880002000180040000000000002000C3
:106EA0000001028820400810082021024002000052
:106EB0002120200220004000400000C040020800C5
:106EC0008300118804000010000100000000000091
:106ED0000000000000000000000000C0000084006E
:106EE00000082004832102838208010510C00904E0
:106EF00000C00005000020850001C0C0A0C020081F
:106F00008402018500C0038400C0118384028900CB
:106F1000212111410121019101010000C0C104C0E2
:106F200084098208C1C011C008200284C0C008C002
:106F300020080408C0C082C0A003884000000001EF
:106F40008200C0009140004000A0882000000000A6
:106F5000000000000000000000000000208310047A
:106F60001141008800000821918980C010418041B2
:106F7000C0C1002000414009001000049080118031
:106F800003000000100221002009000991C100A0A7
:106F90000303042091410520020440200000918554
:106FA000A0A00002008290801080800000009180EC
:106FB000918005008080C1A00091408800090004F4
:106FC0004120050900008900008040000000000009
:106FD000000000000000000000000000000002802F
:106FE000850041098880088088000008A110098078
:106FF00021008910080320001141910090028300B4
:107000000584C08085004100200304402080204189
:10701000000000C0851040A00820109190C0000022
:10702000400041C082A0C0050200218290808910EA
:10703000800000C18084802003000389C0A08000FC
:1070400041800400200409402008212105212080DE
:107050000000000000000000000000000000000030
:10706000004008840001C00421408204000009049B
:10707000A088C10410050105C088840584000304AC
:107080000800C082C1C0C082200003C12185010464
:10709000418908408841020889C101040040040474
:1070A000000085A08483C1C0C08841A0A183C1C065
:1070B000C08304089082C0C0C08340008882C1C0E1
:1070C000C08284100400A101A100010100400085DC
:1070D00001040000000000000000000000000000AB
:1070E000000001088800040100C120000040C141E7
:1070F0000008904104114003080101030040C10051
:1071000000C00508002000C0C1C0C0000109000087
:10711000A00001000500820182410040820004902D
:1071200003000001C0840184C0C1C0C1054100A0AA
:1071300000C0C0C04004009100C0C0C10540002094
:1071400000C0C0C00004000085030084402000048B
:10715000200884C0000000000000000000000000C3
:107160000000000040918203102100890011108965
:107170000588119021880303A020911041A100A04F
:1071800021080409028500890083849080400988D1
:107190000005002040001009052190040509400069
:1071A0008241900900010240104108A180C0842062
:1071B0000020008582A009830020008982C182040A
:1071C0000091008980840084410020A00003800099
:1071D000008000800080000000000000000000002F
:1071E000000000000000218003408400114082A0C4
:1071F000020082801109210482000900051140A1CA
:10720000080241800311804080A000880000000037
:10721000000200800005A080A01109001003A082D8
:107220004000890020080001A120A1C0048483102F
:10723000C18388C088C003888220A183021088008F
:10724000800880850002008941112140080011005A
:10725000000480400000000000000000000000006A
:10726000000000000000000001C000010900000152
:10727000C0020000084000010103040000040400F3
:107280008805040100844100C001C0C1088502884E
:107290008484C0A1A0C0C00002041091219083404A
:1072A00085A19000030000010001C120C0C091042D
:1072B0000884C108C0C140848404C100C0C021C189
:1072C00009A0C001C0C02085C00201A00000018447
:1072D000010082A12000200020000000000000002A
:1072E00000000000000000000000000A00C1410092
:1072F0004100000000C100000000000000C10000CB
:1073000000000000000000004200000000C18300F7
:1073100048420000000083008806000000C1000011
:107320005000000000C1000060000000000000C12B
:1073300083004842000000008300484200000088AB
:1073400083004842000000888300484200420088D1
:107350004104000048420088410400000000000091
:10736000000000000000000000000000F0F0F0F05D
:107370003C3C0000F0F000000F0F690F5AA55AA521
:10738000CC33CC333CC3C33CCCCC33330000000003
:1073900000000000006030300F0F0F0F6699659AF3
:1073A00066669999969669965AA55AA500000000B6
:1073B00000000000000000000000000000000000CD
:1073C00000000000000000000000000000000000BD
:1073D0000000FF3CC300FEF2CEC2E7E7FCC00000A5
:1073E0000000000000000000000000000000F0F0BD
:1073F000F0F03C3C0000F0F00000F0F096F05AA5F0
:107400005AA5CC33CC33C33C3CC3CCCC3333000083
:10741000000000000000600000000F0F0F0F6699D1
:10742000659A99996666699669965AA55AA5000063
:10743000000000000000000000000000000000004C
:10744000000000000000000000000000000000003C
:1074500000000000FF00FF003E320E022424FCC0AA
:10746000000000000000000000000000000000001C
:10747000000000000000000000000000000000000C
:1074800000000000000000000000000000000000FC
:1074900043102000008811060000000000000000DA
:1074A00000000000000000000000000000000000DC
:1074B00000004310200000881106431020000088BF
:1074C0001106431020000088110643102000008898
:1074D0001106000000000000000000000000000095
:1074E000000000000000000000000000000000009C
:1074F000000000003C3C00000F0F0003FFFCCCCC60
:107500003333695596AACC33CC330F0FF0F03FC01C
:10751000C03F0000000000000000FFFFFF06FF006A
:10752000FF005A99A56630CF34CB99669669C3C3DC
:107530003C3C0000000000000000000000000000D3
:10754000000000000000000000000000000000003B
:1075500000000000000000003C3C3C3C0CCFE7E792
:10756000000000000000000000000000000000001B
:107570000000000000003C3C00000F0F0000FFFF77
:10758000333333336969969633CC33CC0F0FF0F035
:1075900003FCFC030000000000000000242406FFA0
:1075A0007F807F805A99A566CF30CB3499669669E3
:1075B000C3C33C3C000000000000000000000000CD
:1075C00000000000000000000000000000000000BB
:1075D00000000000000000000000303C3F3C0CCFE9
:1075E0002424000000000000000000000000000053
:1075F00000000000000045638A2D152992A240E199
:1076000080030025100240618007002110024061C4
:107610008006002D0002006100070099000500614E
:10762000300E000D100240618007002D10024061F5
:107630008007002D08020000006100040099000589
:1076400000610006009D000500610087009C0005A8
:107650000061008700990005006100AB1001000087
:10766000006530AF909700A000000000000000000F
:107670000000000000000000FCF50C05B4F5BEFFA2
:10768000FF4FFF0F3E3E3C3EFDF10D0130FF75FF09
:107690003F3C1F14003CAABE00000000FFFF00009A
:1076A0000000000082FF82F2FF99FFA5F0F0F0AA2F
:1076B0003D3D0505003CFF3C0000FFFF00BB00FF17
:1076C00000FFFFFFFFFF00000040080D020700FF62
:1076D000B4B400000000AAAAACAAFF000F0F0082F9
:1076E000FFBE0000000000000000000000000000DD
:1076F00000000000000000000000FCF50C0514551F
:107700001E5FFF41FF003C3C3C3E0D010D0130FF80
:1077100075FF0F000F00003CA0BC00000000965653
:10772000965600000000828282F2009900A5F0F0D7
:10773000F0AAFF0505050000FFFF0000FFFF001194
:10774000ACFF5CFFFF7FFFCF0000000000050A0FC9
:1077500000FF3C3C00000000AAAAACAA3C3C5555E6
:107760000000FFFF0000000000000000000000001B
:10777000000000000000000000000000FF2AFFAA37
:1077800005551414FF17FF173030F3F33CAF001406
:10779000FAFAFEFA0003000000F0FFF0000000001B
:1077A000003C30FC000080806969699684823C3C22
:1077B000000028280202008282C2C3C300003C00ED
:1077C000A50002807FFD00000000EBC3FBD300009A
:1077D0000000000000003F030F0F1CBC1CBC0F0F7B
:1077E0000F0F000CFFFF00000000F0F0F0F00000B1
:1077F0000000000000000000000000000000FF0288
:10780000FF8205550000FF00FF002828EBEB3C0538
:107810000014F0F0FCF00003000CD7F028F000009A
:107820000000003C30FC000080805555A5A5E2EB2F
:10783000C3C3000000000202000000C0C3C3000078
:107840003C003C000000000000000000FFD7EFC734
:1078500000000000000000003F030F0F1CBC1CBC18
:107860005F0A0F0F0000FFF300000000F0F03CF093
:107870000000000000000000000000000000000008
:10788000014021008940840402402040844000409F
:1078900088002000200084000400880000104000C0
:1078A000838020000000410421000000410000000E
:1078B00088000000C00000008200C00000008808AE
:1078C0000000000020000000840000000204010805
:1078D0000040000000002000000800000000001030
:1078E0000000000000000000000400000000000094
:1078F0000010000000000000000000000000000078
:1079000000000201040002C10400040100010001A2
:1079100000034100000040000000000000000000E3
:107920000500400209000000400210000000400075
:1079300000821100000000000000050000000000AF
:1079400000000001000000000000000000008001B5
:10795000080100010000000000000000000000001D
:107960000001000000000000000000000000000016
:107970000000000100020000000000000000000004
:107980000000000000000000000000040091010061
:10799000000001800040000000000003000400809F
:1079A0000080000400000005000400218204820918
:1079B00000008202000000000004009000040000AB
:1079C0000000000000020000000000000020008015
:1079D000000000001088010200800000001000007C
:1079E0000000000000008240000001800000004014
:1079F0000000000000000000000000000000000087
:107A00000000000000800908000800820011000446
:107A100002042008020400C100000300004009091C
:107A20000004000403090008001002910010000186
:107A3000000800404091200041080001001100842E
:107A400000000000000400030040020000000000ED
:107A5000000400400000000802010402000000844D
:107A60000008000000840010008400C0081000829C
:107A7000030000000000054000000000000000407E
:107A800000400000000000080004020000000300A5
:107A900003000008C040880000400840002100406A
:107AA0000040004000200040000001400040004134
:107AB00000020040C04000000040020300040890A3
:107AC0000004A01100008405000000080008000860
:107AD00000080011010000008841000000000008BB
:107AE00000000100200400000008008200000000E7
:107AF0000240000000000010000000040000000030
:107B000000000000000000000000030183A0000846
:107B100084008282000011840300410009830384F1
:107B200000C1080100832100000103824001080117
:107B3000089000092101410141080001880000016D
:107B40000003400005001082009000000000418208
:107B500005A0410000002000030009900804000077
:107B60000301090004008000000000000341000040
:107B700002000801210000000001000000000000D8
:107B80000000000000000000000000004000900025
:107B9000040408050400A0008200A000080284007C
:107BA00082008200820800000841904140004000AD
:107BB000400008000080A0050800A10004000004A7
:107BC00010008205C02182004000A0080000C00013
:107BD0004000A0004005C003A00040001004881130
:107BE000824000408300000000000100830000008C
:107BF00000200000000090000000000000000000D5
:107C00000000000200000000000000000000200052
:107C10000500C100020488000000000021821190CC
:107C200040880304088400840084100000049090BD
:107C3000090011040400034000844102202008824E
:107C400010029040410800000040210000020000A6
:107C50000000004000A0000004000000000040A060
:107C600000000091030102880000000002000200F1
:107C70000088002011000000000000002000208883
:107C800000000000000000000000000000000000F4
:107C9000012110410080A008A0000200A0000208FD
:107CA000200388082141404004400400044004406F
:107CB0008341000082100900A0410800A004A040F8
:107CC0000100401110040090A02108048200082146
:107CD00000030800C040C0000000100501000800BB
:107CE000820082410041004100400800080000007D
:107CF000088000001000A00000800080A0000000AC
:107D00000011C00400000800000000000000000096
:107D1000000002840000004000A0000080000088F5
:107D2000A1A0809009A0C000888880008910A100CF
:107D300080000240000000400290008400000041EA
:107D400003004084880008880040080805042100DA
:107D50002100000003000000050000902100200029
:107D600008000500218800000300000000C0008416
:107D7000000000040084000000000020002000003B
:107D800000000000000000000000000000000000F3
:107D900000000000904110008800402040112000A9
:107DA0000011404020412005C04020418800404152
:107DB0008440040340210441020540058203404100
:107DC00002401040080290090241400000110000EA
:107DD000A00800210000C0009000820082050880F9
:107DE00091000080C0021002A02000000441400069
:107DF0002000200000024004084040004000001025
:107E00000003000401200000002000020000000028
:107E1000000000000000210041904188050500108D
:107E20002000110002009100C18809C1910803904F
:107E300020C00001830000004000004000404000DE
:107E400000000000040100010300410041000000A7
:107E5000419009902100000000000002410008004C
:107E60000904200010080301000110000088408868
:107E7000000000C000000000000000004002A00060
:107E80000001080000002089000000000000000040
:107E9000000000000000020000C0A10088010009ED
:107EA0000003400511020090010001402100000084
:107EB000C0C100040204900040102082890010100C
:107EC00011050188100200114183848908A04091A6
:107ED0000000000000000091000100000000000010
:107EE0000000A185008485C004A041A18204000196
:107EF00008080001C00004000083C104000805C098
:107F000008400500000000008200000000000000A2
:107F10000000000000000000000000898411090337
:107F2000008200C00021C082000508000200A000FD
:107F3000000004A00080C10200108300880510200A
:107F4000002091A0200209840082A0412021C0418C
:107F5000000200000000000000100000000000000F
:107F6000000000001141022188000300A04100C070
:107F7000001080830010412000200020898021C053
:107F800082038003200000000500000000000000C4
:107F9000000000004000000000000000100003008E
:107FA0001000820241800980021011901104040027
:107FB0004102108082401080C080908985009182AB
:107FC00002914180080408A14005C100108082048C
:107FD0000305A103000000000000001000000000E5
:107FE000000000000000008000040080000000008D
:107FF000808500A080C0100020034002A083000004
:1080000000210084000080008000008000800000CB
:1080100000000000000000000000000000030090CD
:1080200091000000C104000840040001908200019A
:10803000004000010002089000048408C00402040B
:10804000080300040182400101C090000588A004DB
:10805000838883A11182000000000000000100005D
:1080600000000000000000000090008300100040AD
:10807000A08204C10040088341A0009100A1C00576
:108080000000008200A0001088000200C0088404E4
:1080900000000000000000000000000000000000E0
:1080A00000000182000100C0004101028205019030
:1080B000000404004000011000020100410011C151
:1080C00003210101020202820200840041018311A6
:1080D00002400040021002A000000000000000006A
:1080E00000000000000000000000C00201900140FC
:1080F000C002C0A0000421000404050000004103E8
:1081000000C08210018900A011C100000008040015
:1081100001C000000000000000000002000000009C
:108120000000000408210021009000A040A10021CF
:108130000805008480108004028305820302C010B9
:10814000C0C0C1091005C1820240A0020303822001
:1081500084C0008305048305008500000000000042
:1081600000000000000000000000000080C011407E
:1081700009850905830021800200A080C1094140D2
:1081800005A10383008020400009118400000080C5
:10819000800010800000000000000000008000004F
:1081A00000000000C08921040400400482402190A6
:1081B00005004009000500020080800380032008BC
:1081C0009000404021C08000400090800005009158
:1081D0000000000340A10582208090040000000000
:1081E000000000000002000000000000000041113B
:1081F0009100890080008202831009008300C02161
:10820000A10402000303000000050000800000003C
:10821000004100000000000000000000000000001D
:10822000000000000000C108A00000000100C0A183
:10823000000201A041000090009100020401C00072
:1082400001010220918583088200110004100001C1
:108250000003008802008211100202408301000026
:10826000000000000000000000000000000000000E
:10827000850083C011001000020104830100090081
:10828000C0A10401010082008200840040000200BD
:108290008400C0828440C000000000000000000094
:1082A0000000000000000000000000C1830000008A
:1082B000000000C183000000600000880000000092
:1082C000000A00C1410000000000008800006000BA
:1082D0004800008800008100500000880000000075
:1082E000000000600B0048000000000000000000DB
:1082F0000000480000C10000500000000000000025
:108300008400008200C14100880082110088410081
:108310008400880000884100000000000000000088
:108320000000004100000000C200000000FF00004B
:10833000F0F000003C3C3C3C3CCC3C3C3C3C3C3CFD
:10834000C3C3AAAACCCCAAAAC3C39C93939C3CC384
:108350003CC3C3C3C3C3AAAA5555F5F5287D00FF86
:1083600000FF00000000000000000000000000000E
:108370000000000000FF3C3C400000000000FFFF48
:108380009A9A6565AAAA3CC3FFFFFF000CFCAFAF39
:10839000FFAA3CF0343E3C3CFFFFFAFA000000002C
:1083A000000000000000000000000000000000FFCE
:1083B0000000F0F000003C3C3C3C3CCC3C3C3C3CF5
:1083C0003C3CC3C3AAAACCCCAAAA3C3C9C9C939399
:1083D00055AAAA553C3C3C3CAAAA5555A0A0287DCC
:1083E000AAAA9A9A00000000000000000000000005
:1083F000000000000000F0F0AAAAC0000000FFD7B3
:108400000028AAAA5555AAAAC33CFFFFFF000CFCEE
:10841000A0A000AA3CF0343E3C3C5F5FFFFF0000A0
:1084200000000000000000100000000010023C3CB2
:1084300000000F0F0000F3FF0C005A5A0F0FFF004F
:10844000FF00AAAAAAAAAA550F0FC33CFFFF4182A8
:108450007DBE333333339A956A65287D82D75F5F5B
:108460003F305D5555040000000000000000000092
:108470000000000000000000553CFF0FAAAAAAAAB5
:1084800082AAAAAA99999696C3C3C3C33C3C00008A
:108490003F3F030300000000000000000000000058
:1084A000000000000000000000002C080000000098
:1084B0003C3C00000F0F0000F3FF0C000F0F0F0FEC
:1084C000FF00FF0055555555AA550F0FC33C00003E
:1084D000BE7D8241333333336A659A95D7827D28D6
:1084E00050503F3055040400000000000000000020
:1084F00000000000000000000000553C000FAAAA88
:10850000AAAA7D555555999996963C3C3C3C3C3CD5
:1085100000007D417D4100000000000000000000DF
:10852000400000000000000000000000000000000B
:10853000000040E3830B0C2992C243E1800B002929
:10854000000240618087802D100248618429122139
:108550001012406180070025100240618087802D45
:108560000802006130878015000100000000000053
:1085700000000000000000000000000000213001A9
:10858000C00D100240618006002D10024871802C41
:1085900010098A00006130AF909921A00061008F1E
:1085A000909D20A0000000000000000000000000DE
:1085B000000000000F2F0F7F00FF0CFF3CFF00FFAB
:1085C000303FA0AF0000000030BA30BAFD7DFD7D25
:1085D000BE3CFEFC1E1E0F0FFFFFFFFF0000000051
:1085E000303FBABF003D0004000000000000000062
:1085F0000000000000000000000000000000A00FCC
:1086000055AA9966FFFFFFFFFFFF00000000FFC2B1
:10861000FFC1CCFF00FF00000000FFFAFFFF0000D9
:10862000000000000000000000000000000000004A
:108630000011100000000028007D0AFF0EFF3C3DE5
:108640000005303FA0AF00000000303030BAF555D3
:10865000F555BE3CFEFC1E1E0F0FFFFFFEBE0000C8
:1086600000000000AAAA3D00040000000004000071
:1086700000000000000000000000000000000000FA
:10868000A00F55AA99660000BFBE0F0000000000B1
:10869000FF02FF01AAFF00FF00000000000A000027
:1086A00000000000000000000000000000000000CA
:1086B0000000000000008C007F4F0F0FBCBCA0FF2B
:1086C000FF4DFF00040EFFFF0000000000F03CFC27
:1086D000FFFFFFFFBCFFBCBC000000000FFFC0C0DD
:1086E000FFAE5D0C28FFA0FF7711AAAA0000800052
:1086F000000000000000000000000000000000007A
:108700000000AA550000000000003F3C800000006F
:1087100000003C3CA53CAA2A2AAA0C4D0C4D0000A6
:108720000000000000000000000000000000000049
:10873000000000000000000000007F4F0F0FA0A00D
:10874000A0A0FF4DFF000000FFFF0000000000F0B0
:1087500028F8C7C70505BCFFBCBC004300430FFF9A
:1087600000000C0C0C0C28FFA0FF3300FFFF0000E2
:1087700000000000000000000000000000000000F9
:1087800000000000AA00AAFF000000000F00800007
:108790000000000000000000800000800C4D0C4D27
:1087A00000000000000000000000000000000000C9
:1087B00000000000020000000000000000000000B7
:1087C00000000000000000000000000000000000A9
:1087D000000100003001000000000143000164A11D
:1087E0004200C9C0220200188A10180000584933FC
:1087F000E000520C0000000000000000000000003B
:108800000000000000000000100000000000000058
:108810000000000000000000000000000000000058
:108820000000000000000000000000000000000048
:1088300000000000000000000000000000008400B4
:108840002100820021002000408000008480000080
:10885000880020800000820020000403040004003F
:108860002000A000A0000010200088008810000058
:1088700004000000040284002002000082100000B6
:1088800000000000000000000000000000000002E6
:1088900000000000000000000000000000000000D8
:1088A00000000000000000000000000000000000C8
:1088B00000000000000000000000000000000000B8
:1088C0000000200000020200000000200000002044
:1088D000000000000040000000000400000009004B
:1088E00000000000000009002000000000902101AD
:1088F0000000000000000001000000010000000076
:108900000000000000000000000000000002000065
:108910000001000000000000000000000000000056
:108920000000000000000000000000000002000045
:1089300000000000000000900000000000000000A7
:108940000000880000000000000000000009400056
:108950000000C00400000000900900808808C008E2
:10896000000000080000000000000084008000807B
:108970000040004000400010001002000200001003
:108980000010000000800080008090000140004046
:108990000010001000800090008010000040004097
:1089A00000800002008000000000000000000000C5
:1089B000000000000080000000000008000000002F
:1089C0000000000040040008400800004108410881
:1089D000000402080008000800082000004000848D
:1089E0001102200800820008410800840040404035
:1089F000001020080009000900090003C00084904D
:108A00000091028500030040004000100084100126
:108A10000001090109090040004000100000008326
:108A20000001001000050020000000000000000010
:108A300000000000001000040000000000410040A1
:108A400000000000000000890080000910020010F2
:108A50009109020000000402000300090041000027
:108A60000080020202100010004040028402000355
:108A7000001000100002000040020000112100213F
:108A8000000000080005000000000000080082410E
:108A9000001000000800C01090000000A0000008B6
:108AA0000041000000000000000000000000000085
:108AB00000000000000000000000000000000000B6
:108AC0000000000000000000004000400000001016
:108AD0000900200280080084000000C011822100EB
:108AE000110000408811838411C0000100C0009073
:108AF00000000300108403C0000040C100001020EB
:108B0000000000C021820000000000000000000002
:108B100008000000000008004100000041000500BE
:108B20002100000000000000000000000000000024
:108B300000000000000000840002000000000000AF
:108B4000000000000000000000000411C0009002BE
:108B50000000A00990419009A0208200080910910E
:108B6000C000A00088408220400410808200408223
:108B70000800100000410503200000000000400034
:108B80000404000000090800400000000000A005E7
:108B9000000008800080C08000000000000000008D
:108BA00000000084000400000002000000800000BB
:108BB00000800041000000000000000000000000F4
:108BC000000000400000000000000000888820A095
:108BD00004A009001082082010001000028808007C
:108BE000210221000382000021000283024003C011
:108BF000040909841000000210A080000004000095
:108C00000400210400824184110040080000000893
:108C10002182039000100502410221000800410852
:108C200000820000001010000020008200000020E0
:108C300011001120000009000000110000000000D8
:108C4000000000020000000000000000000000081A
:108C500020000002000804802100828040A10880DA
:108C60000080002120088241100285000040080297
:108C7000822110108410C041840900048404000083
:108C800011040804820800000000C0100000000168
:108C9000081108028200820200030800C040080098
:108CA000C0000000000000080008080000000000EC
:108CB000C000001100000000000000008400C0009F
:108CC00000000000000000000000000000000000A4
:108CD00021008000001110C0804082004020004030
:108CE00008402040000000000500000140A01100E5
:108CF00003014100000120090000110200884085A5
:108D0000000040C0021000C1000011002000080057
:108D10000000000000000000080102000000210027
:108D2000408800000884210008000800000000843A
:108D30000800000000000088000000000000110092
:108D4000000000000000000005000000000000001E
:108D500000008220000540092000000000090800F2
:108D600004404141020490044040100982408420A4
:108D70000840214000000004018811210400C04186
:108D8000820400200800C00200028208C000A00087
:108D9000882000000000A008080000058520202091
:108DA000A0081004A0020000A000200500418220BD
:108DB000880041A00100018000A000A00000000088
:108DC0000000000000000000002000000000000083
:108DD00000090000089121008420C1A0400000008B
:108DE00000000500100000A0030010A1052009905C
:108DF00009080884100000C0080040044000000278
:108E000000021101218811000002218408000020C5
:108E10000000034000000000110103840000400036
:108E20001000118903000000030041000008000049
:108E3000000009000802040004202120092000008D
:108E4000000000020000000000004002400000009E
:108E5000000000000000010085000200000801C0C1
:108E600084010000009010C00810000888080183E9
:108E70004021C0820011C1C190C040080284C0C11D
:108E800020C100020202C0C084C084020284C1C0AA
:108E9000A0C0000490080000C0C008C0080420085A
:108EA000C0C120C1900520A0C0C040C00004C08443
:108EB000C0C005C0900402044000000400900000FF
:108EC00000000000000000000000000000000000A2
:108ED0000000000000000000100010008000008072
:108EE00004830002000800020000808003800080EC
:108EF00004108082000300A1C0C1119005108002FF
:108F000091C10088008880009180058000808000E9
:108F1000A0800080008000800000C180858080806B
:108F2000808091C1049000A080409080808000806B
:108F30000000C180108000808080800000800000E0
:108F40000000000000000000000000000000000021
:108F50000800000000000000000020802041020006
:108F6000A0A08080808400028005000083C0208053
:108F700041801000028090910500A00080889084BC
:108F8000C1800000008280808000100005908480F5
:108F90009005000080C180918020000080008090BA
:108FA0008082800020030582C080C180000380840D
:108FB000809080808000008480828080000080001B
:108FC000000200000000000000000000000000009F
:108FD000000000000000000000000000001002017E
:108FE00001008382080282200085C004000008C1BD
:108FF0000008018200C088208408820404000483E1
:10900000C1C0C10440009083C0C0C08209822083D7
:10901000C0C0C08890840482C0C0C0C000000800E6
:109020000283C0C1C02021880882C1C0C1080400D9
:109030000483C0C1C00804000882C0C1C008000089
:109040000400909182000000000000000000000079
:109050000000000000000000000000000000000010
:109060000041C011010085900184C00205C00002CA
:109070000040A00082821108000041010402840522
:10908000000410C0C0C104400090A1C0C1C005418F
:109090000020A0C1C0C04090000400C0C0C00001BA
:1090A0000508002090C0C0C10221012000C1C0C13C
:1090B00009C0000400C0C0C00504002000C0C0C03A
:1090C0001088000400900400000000000000000070
:1090D0000000000000000000000000000000000090
:1090E000001100830021112041001100C100028005
:1090F000090000800000090041A0050084108003E1
:109100000990118080A0888889004100108090809B
:109110008410004100A180910200008000808080C6
:109120000003848800C100C083C10910209040A1C1
:1091300083888200008000808080048000C00091CD
:10914000808000000080000080000000000000001F
:10915000000000000000000000000000000000000F
:10916000000091C19100850005C0A105084005805F
:1091700083000080000000000002210900000300BD
:109180002003808980A100890004800280A10088DA
:109190000080C1C0C1C0A08809039000C0828402C1
:1091A00088000001800380A080828080838885A061
:1091B00080A02040800080A080400000800880A027
:1091C000808280000000802000000000000000007D
:1091D000000000000000000000000000000000008F
:1091E00000000000C0052100C1008290C101000103
:1091F00000841000A0888810A0008200019000A0C8
:1092000000A01100C041C0C020021020C001C0C099
:1092100020020202C108C0C004408408C000C0C1CE
:10922000049109C00001C000C0C104850804C00247
:10923000C0C0048484A1C000C0C104848482C00072
:10924000C0C004030484900004880000A000000053
:10925000000000000000000000000000000000000E
:10926000000000000000500000C18300480082425E
:1092700000C183004211000000C1000084004100D1
:1092800000420000420082000088830048426000E3
:10929000008883004842000000008300484200002C
:1092A00000008300484200000000000083004842A4
:1092B0000000000083004842000000008300484294
:1092C000000000008300484200000000830000000E
:1092D00000000000000000006000000000004206E6
:1092E0000000000000000000000000000FF00FF080
:1092F0005A5AFFFF0FF03C3C417DBE820F0F55557F
:109300005A5A5A5AC3C33C3C0000000000000000F7
:10931000000000000000000000000000000000004D
:10932000000000000000000000000000000000003D
:10933000000000000000000000000000000000002D
:10934000000000000000000000007E3C183C366673
:109350003666000000000000000000000000000071
:1093600000000000000000000000000000000FF0FE
:109370000FF05A5A00000FF03C3C033FFCC0F0F0E5
:1093800055555A5A5A5AC3C33C3C000000000000CD
:1093900000000000000000000000000000000000CD
:1093A00000000000000000000000000000000000BD
:1093B00000000000000000000000000000000000AD
:1093C0000000000000000000000000007E3C183C8F
:1093D00036663666000000000000000000100060E5
:1093E0001401800000000000000000004000400068
:1093F00000800000000000000000000000000000ED
:1094000000000000000000000000000043102000E9
:109410000088110643102000008811064310200028
:109420000088110643102000008811060000431038
:109430002000008811064310200000881106431008
:10944000200000881106431020000088110600004B
:10945000000000000000000000000000000000000C
:1094600040481004000000000000000000003C3CE8
:109470003C3C0F0FF0F03C3C9999FFFF33333553E0
:10948000ACCA69696969EE1177889F6006F90000C6
:1094900000000000000000000000000000000000CC
:1094A00000000000000000000000000000000000BC
:1094B00000000000000000000000000000000000AC
:1094C000000000000000000000000000000000009C
:1094D000666F666F0006FFF60000000000000000E7
:1094E000000000000000000000000000000000007C
:1094F0003C3C3C3C0F0FF0F03C3C666600003333D4
:109500003553ACCA69696969887711EE06F99F60BD
:10951000000000000000000000000000000000004B
:10952000000000000000000000000000000000003B
:10953000000000000000000000000000000000002B
:10954000000000000000000000000000000000001B
:109550000000666066600006FFF600000000000084
:1095600000000000000000000000000000000000FB
:10957000000000618004C02910024861843CC22DB3
:10958000101240608007002D100240618006802D7F
:10959000000200610007809D000500610006809DBB
:1095A000000500610006009D000500610006009DA9
:1095B0000005000000610006009D00050061000636
:1095C000009D0005000000000090000500610006FD
:1095D000009D0005000000080000000000000000E1
:1095E0000000000000000181800000000000000079
:1095F00000000000A05FA05F77770FF0FFFF690019
:10960000000000000000000000000000F4F404046A
:10961000AA00EB41000000000000008200000000F2
:1096200000000000E2E2F0FF00FFF4FF00FF001F77
:1096300000000000000000000000F0003CAAAA3C6E
:109640003C3C0000FF0000000000000000000000A3
:109650000000FFAFFFAF00000000000000000000AE
:1096600000000000000000000004000000000000F6
:1096700000000000000000C3C00333330FF0FFFF01
:109680003900000000000000000000000000F4F4B9
:109690000404AA00EB4100000000000000000000EC
:1096A000000000000000F3F3F0FF00FF14FF001FB4
:1096B000001F00000000000000000000F0F03C3C33
:1096C000AA3C3C3C4242FF000000000000000000B9
:1096D0000000000000A000A000000000000000004A
:1096E00000000000000000000080000000000000FA
:1096F000000000000000000000000000400000002A
:10970000AA0055000000000000000000FAFA50FA1C
:109710003C553C0FA6A600FF00C00082000000419F
:109720000A00000A00000000000000000202000A17
:109730000000000000000000000000000000000029
:1097400000008DED166600107DFF00000000000097
:109750000000000000000000000000000000000009
:1097600000000000000000000000020000000000F7
:1097700000000000000000000000000000000000E9
:109780000000600055000000000000000000505084
:1097900050FA3C003C0FAAAA00FF00C00082004122
:1097A00000000000000000000000000000000000B9
:1097B000000A00000000000000000000000000009F
:1097C00000000000ECE4656900007DFF000000007F
:1097D0000000000000000000000000000000000089
:1097E0000000000000000000000000000000000079
:1097F0000000000000000000000000000010200039
:1098000000000203881004008800041020000000FB
:1098100040008804880004028402200000402000E8
:109820000000204040200000400888200021000067
:109830008420002000000000002020100000000014
:10984000840040000000004000000000008900008B
:1098500000400000000000000000000000000000C8
:109860000000000000040000000000000000008074
:109870000020002000200000000000000000008800
:1098800000000400800000008000200009000900A2
:10989000000000002000000000000401050000019D
:1098A000090009000001000100002000000100A0E3
:1098B000000000010001020000004001040000005F
:1098C0000400200000000000000100000000004033
:1098D0000040040100000000000000000000000043
:1098E0000000000000000000000000000000000078
:1098F0000020000100010001000000000000000045
:10990000000420100004000400800000000000801B
:10991000000000000004004000008400001101006D
:109920000080000000000004C00000800020000053
:10993000002100C10000C000000200000000000083
:109940000000000000000000080001080000008086
:1099500000000041000000800080019000800000B5
:109960000000000000000000000000000000840073
:1099700000000000000000000000000000000000E7
:109980000000000900890009400141080990000019
:10999000002000000000050340090000000000C096
:1099A00040C000044100001040000982002000096E
:1099B00000040000092000084088000100080000A1
:1099C0000088000300840000000040C040C0000088
:1099D00000020084001000000040404010400040A1
:1099E00000880000000000000000400000040000AB
:1099F0000000000000000000000000000000000067
:109A00000000000000050082000201210021042066
:109A10000004000000030000001000210003000308
:109A20000080004100088402008004048840000394
:109A300000020000040000410000409104050408F9
:109A4000100800210000000000C1000200020041D7
:109A500000850040000300401000000800000005E1
:109A600000000200004000000010000000000000A4
:109A70000000000001000000400000000080000025
:109A80000000000000000300080400A140100400D2
:109A90008001410900840900000808000010084006
:109AA00000101010098441820883004089090008D1
:109AB000418400A009C0800000200000C102800095
:109AC000800000C1040000004010081003010501DF
:109AD0000500004010010000000100C008010090D6
:109AE0000000000083000001004000014100000070
:109AF0000088000000000400000080000000000852
:109B00000000000000000000080909002084040093
:109B10000802402000048420208508404000A00264
:109B2000A0090000A0050420011108004000410028
:109B300040000003000008024000880040A0000030
:109B4000A00008418809208400000209402000008C
:109B500000400880900082004004A0000000000047
:109B60000000000090000002000000009000900043
:109B700000000000000000000000000000000009DC
:109B80000000000000000000000000404020080825
:109B900089001000008321831183004003402102CB
:109BA00005881090418210900009200008000000F4
:109BB000200000C00002050041C008084104214007
:109BC0002008219000001000800500008300830021
:109BD00040000800410840C0080083004000000029
:109BE000400000020000008800890000000200041C
:109BF00000900000000000000000000000000000D5
:109C00000020008400000000000000000008200286
:109C1000000420008803040020410440C005C01057
:109C2000C00500024041080400031040C0C00011FC
:109C300084410121821002038204000800030221F2
:109C4000840090210008A0A1100800020003A005D4
:109C5000824090211010C021200340058200C002E4
:109C600040001002000000410000A00208040011A2
:109C7000000008009090000000000000200000009C
:109C800004000004000000000000000000002100AB
:109C900080C100018802000080088340880000A085
:109CA000000000080085A110050800C02111410432
:109CB00010C0000020000800A1A0038411081000BB
:109CC00080000000081000A0004008000301000010
:109CD00003C00501000080000384030000000800A9
:109CE0000001900080010000050003000001000059
:109CF000090008880088002100000000008480001E
:109D000000008000000100000000000000000000D2
:109D100000418405A000A010C00800204009900860
:109D2000050201A108108340009182110009100270
:109D3000000410000403001004000004824090405E
:109D40009041C00484408840084100001040A04079
:109D50000000000290024040080510210000900021
:109D60008202400200021004A10000C100000000B5
:109D7000008000110000900200100000C0004000B0
:109D80008810000500000002000200200000000012
:109D90000020000808C0030020A00008080010846C
:109DA00021021001104003030800410808020004CA
:109DB00003C1400108000990118200000800090158
:109DC00011210000030008002189008210002101F8
:109DD00020210000000103000003080283000500A9
:109DE0001100410191014089A1004000400800009C
:109DF00003001002002020200001000100000000EC
:109E0000410000010000000000010001000000000E
:109E10000000000001A100820290004088080308B1
:109E2000089010828882018201108810031008882F
:109E30001091208200C10001A000000001C0882014
:109E4000000010C011C001201000881011C188202E
:109E5000911008A0000000002000840100010041D2
:109E600001044005A0200409200303001010080885
:109E700000029004000800C00002000000C00000C2
:109E80000000000000000882A1A00084080000007B
:109E900000000000000011C110218500001000002A
:109EA0001180008000808003090305030011400336
:109EB000210380050083009100210008000509802E
:109EC000008000008000098040808000008089C1FF
:109ED00084800302800500000041034080020002EC
:109EE00003A002A0C085000591C19102901000005E
:109EF0009180088041000080400000800000000048
:109F00000000000005000000890083004000800080
:109F100000000000000000001005111008082003D8
:109F2000890083C19111C180410040840291C180A8
:109F300002001188850441801110A100830088C0AF
:109F4000800000828000808000000080800080808F
:109F500000000090800000800000100021028205B7
:109F60009182110002830203C180A0000290800050
:109F70002083880088C08890418020000300410031
:109F8000208080008000000000008980052005807E
:109F90008385000000000000000001400001011066
:109FA00000A088009190910391A00000C108911138
:109FB000C1022000C0C02190119001C0050008001E
:109FC000C0C0080000200400C082020020208400DD
:109FD000C0C0C0008820100082C000000000A101A5
:109FE0008320C089C00083C00108C102050801A107
:109FF00010201082090011408510050241009000D8
:10A000000000C10808000200000004000810A001C0
:10A0100000409188000000000000000008011101CC
:10A0200085000400102008880091020210C001A0E1
:10A03000030110C1888300A1010088A09040898895
:10A04000400101001100008884A000C009010088BF
:10A05000844140C101410040080110C100000001DD
:10A0600001010001000091200004008282C00591DE
:10A0700001118800028301020040840410080000DE
:10A080000000000088000000000000000000084000
:10A090000000049002C10000000000000000A002C7
:10A0A000C02009419110008200090008000200054B
:10A0B0000521882080C10004081005200404000048
:10A0C0008388832111028500008080000380854001
:10A0D00000A1802003C005040083912083C10000FB
:10A0E00000100802110200054100108508908080D0
:10A0F000C14004850408809040C000A080084085CD
:10A100000000000000000000000000000000090046
:10A11000808900058085804000000000000000006C
:10A120000804204182000309000480058000000922
:10A1300000C000C1008000000084008200808020F8
:10A1400040A10800100008918000000000008080FD
:10A1500080050000000080808000808000000000FA
:10A1600000004140A10005004040801000820080B6
:10A17000004003A1A102858002028005800080804A
:10A180000008000000200000004000400002000025
:10A190000000C14003400200110000000000000068
:10A1A0000000C0020400090083004000101082A0DB
:10A1B000880382898288C0080400100910100240B8
:10A1C0001000A1C0010200000109C0000088820047
:10A1D0008808C000900002108808C000840882909F
:10A1E00088000000A1401082100040000889A005EE
:10A1F0008840C0104003200202A00901080020008E
:10A20000080420000090000100A000010000008967
:10A210000082000091A0A090858401000000000051
:10A2200000000000000000C1800000008181008863
:10A2300041000000000000C1830000000011000088
:10A240004100410048120088200041120012000025
:10A2500020000000001200002000001260120088A0
:10A26000200000420000000000000000000000008C
:10A2700000C100004800000000C10000480050007C
:10A28000008800000000000A00004100000081007A
:10A2900000884100000000810088410000000000AB
:10A2A000000000000000FFFFFFFF000000000000B2
:10A2B0000400FFFFDFFFF0FFAA3CE8E8FCFC2828D1
:10A2C0007D7D3C3C30300000FFFFCCCCCCCCF0F0AE
:10A2D000333300FF0FF000F0CC33AAFFA55AFCFC8B
:10A2E00033CCBEBE99990000A0FA28BE0000000041
:10A2F000FFFF202800003C0CAAC3AA3C9696969625
:10A3000033F09655E45AA55A000000000000000002
:10A3100000000000000000000050AFFF00FF14FF2D
:10A320000000000000000000FF7FFFFF00000000B1
:10A3300000000000FFFFFFFFF000AA3CE8E8C0C0FB
:10A34000A0F5A0F5ACACA0A00000FFFFCCCCCCCC1D
:10A350000000CCCC0000F00F00F0CC3300AA5AA5CE
:10A360003030CC33282866660000A0FAA0FA00003E
:10A3700000000000202800003CFCAACCAACC6C6C99
:10A380009696330F96AAE45AA55A000000000000E2
:10A39000000000000000000000000000FFFF00FFC0
:10A3A00000EB0000000000000000000004000000BE
:10A3B0000000FAFFFAFFFFFF02003C0FFF55FFF01D
:10A3C000F5F5DFD3DCD000000000FFFF0000A55A48
:10A3D00005053CC33C3C96693C0069967D7D33CCC9
:10A3E0003F3F99661D1D1FE00BF4000000000000B8
:10A3F000FA000000783C7D3CFEFE0000AAAA5555FC
:10A40000AAAA55D7AA555A653CC33CC3FFFFFF7D96
:10A41000FFFFFFFF00000000555555555555555598
:10A42000FDFD010100000000000000000000000030
:10A4300000000000FAFFFBFFBEBE00003C0F00550D
:10A440000F0005051F131C100000A02000000000D5
:10A45000A55A0505C33C000096693C009669141492
:10A46000CC330C0C99661D1DE01FF40B000000009E
:10A470000000FA000000283C2D3C04040000AA69FA
:10A4800055555555AA28AA555A653CC3FC03FFFFEC
:10A49000FF7DFFFF3F3F000000004D4D55555F55CC
:10A4A0005055FFFF000000000000000000000021E8
:10A4B0004043100D00A000603E26801500000060A3
:10A4C000300F004400080061302E100D0000406382
:10A4D000806A902910C5A30053681C9010C5A36121
:10A4E000536E1C9D10C5A36153EF9C9D000200009C
:10A4F00080610006002D120240608007002D92024C
:10A5000040218007002D100240608087802D0002CE
:10A510000061002E100D01A00061008F900D200041
:10A52000006100AF1001000000000000000000000A
:10A53000000000000000002000000000FFFF5F5F3F
:10A5400000000000F0FF303F000000000000000F9E
:10A55000000001000AFF00FF0000000000000000F2
:10A5600000000000C333AAAA00000000FFFFFF00A4
:10A570000000FF000FCF3C3CFC5C00000000A0AFDF
:10A58000A0AF0F5533550000010000000000FFFF91
:10A59000FFFF0000000000000000000000000000BD
:10A5A00000000F0FFF00FFFCFFFF00000000000095
:10A5B000000000010000000000000000000055FF46
:10A5C000557D00000000000F303F0000000000003B
:10A5D000000E000000000AFF00FF00000000000065
:10A5E0000000000000003CCCAAAA00000000BFBF91
:10A5F000BF0100000FFFFFF03C3C0C5C00000000BE
:10A6000000FF00FF33553355FFFFFFFF0000000040
:10A6100057FFFFFF000000000000000000000000E6
:10A620000000000055553C3C00C000000000000048
:10A6300000000000BE147D7DCF0C4D4D00000000D9
:10A6400028A83CFCC3C30010F0FF0CFC0000000174
:10A6500000008080BEFFA0A0AAAA8AAA0000000075
:10A660000000000000000000000000003C3C0C0C5A
:10A670000000000000000F0C00003C3C5FA0FFFF4A
:10A68000FFFF3CFC00AAFF000F551010DFDF0000A9
:10A690000000C0FCD7D7000000000505050500003C
:10A6A000000000000000000000000000FFFF0000AC
:10A6B000000000000000BE142828CFCF4D4D000040
:10A6C000000028A83CFCC3C30000000F0CFC0000E5
:10A6D000000000820000BEFF000028AA08AA0000B7
:10A6E000000000000000000000000000000000006A
:10A6F0000C0C000000000000555555553C3C0AF577
:10A70000F7FFFFFF3C0C00AA000055552020EFEF9B
:10A7100000000000C0FCD7D700000000FBFAFAFAE6
:10A720000000000000000000000000000030FFF307
:10A730000000000000000000202040001000040085
:10A740002008200004000405881082000000840016
:10A7500020004000210220000010200000004000E6
:10A76000000000004000040900000000000000009C
:10A77000000300000000880000000000001000003E
:10A78000000000000000880088000000C0000000F9
:10A790000004000000000020000000000000000095
:10A7A00000000000000000000004000000000000A5
:10A7B000000000000000000000008001000089008F
:10A7C00004000400020000000000090000000382F1
:10A7D0000000090009004001000000000200000024
:10A7E00004002000000080000000000000000000C5
:10A7F00000000082200000000400000000000000B3
:10A800000000000005000000000000000000000043
:10A810000000000000000000000000000000000038
:10A820000000000000000000000000000000000028
:10A830000000000000000000000000000410000301
:10A840000010000020000000000200040089000049
:10A8500000040000208400800080008000000000D0
:10A8600000000010000090400090041000400040E4
:10A8700000100090000000000000850300000000B0
:10A8800000000080108004110000000000000000A3
:10A8900000000000008400C0004000100080008024
:10A8A000008000000000000000000000000900001F
:10A8B0000000000000000000000000000000401147
:10A8C0000508000900040000000000090409000454
:10A8D0000000400100880940004040104110000085
:10A8E000001000100084008805C10004400802899F
:10A8F00000010005000300100010001020100003EC
:10A90000008200000002000200100010000000049D
:10A91000000000000088000200030001008900021E
:10A920000040004000000010004000000000000057
:10A930000002000000000000000000000000000015
:10A94000010200410041000500040004820484402B
:10A950000003000000400002001000000000001092
:10A9600000000000A00882912005000008000805F2
:10A9700008058200C0028205A008011140020408F7
:10A980000000014102000000010000001000010071
:10A9900009200180004000800005000082030000C3
:10A9A0000000000000800000008000000011000096
:10A9B0000000000000000000900000000000000007
:10A9C0000000048400020004110000A1000900C17D
:10A9D000210205C0088203A10300028208820384C9
:10A9E000000841840084030200040000030011A059
:10A9F0002100008200000009000800000200830915
:10AA0000830000000282880800000282000000002B
:10AA1000028204000402410500200040210000845D
:10AA200000C0000000000040000000100000000016
:10AA30000000000000000000000000000000000016
:10AA4000000000000820A00082001000A0001041BB
:10AA500008090485A000C0048200A00482A120028D
:10AA600020001000C0008200200083008800010246
:10AA7000040008021040000502000804000008005D
:10AA80000809100000004000000440008800400257
:10AA90001000A0000820900040000000000000000E
:10AAA0000000000000800000000000000000000026
:10AAB0000000000000000000000000000000000096
:10AAC000000000000000084011004000030821843D
:10AAD000100404202140048405C110C010090302A1
:10AAE00021904000119008A040880004208400902C
:10AAF00040A02100210110001088044000C009007E
:10AB00004090210208A00000030000004100410025
:10AB10000021000003000300000005000000000009
:10AB20000090000000000010000000000000000085
:10AB300000000000000000C0000000000000000055
:10AB40000000000000000000000282038288A000D4
:10AB5000004082408208820000800504080802004C
:10AB60000005C0000000008200400141820020106A
:10AB700000400800400220000011C000001108053C
:10AB800008402000041105050003000002110080A8
:10AB9000A11100080203084000102008044090059D
:10ABA0009180C0000000000000000185000000004E
:10ABB0000100000800840000000800000000000000
:10ABC0000000000000000000000021012000001132
:10ABD000080000910211001005820004200000000E
:10ABE00088900908210805080002000902002108D0
:10ABF000A1090001000083C185C000A00800000079
:10AC000000C0008485848300C00000000000800034
:10AC100000400200410080A0000109820384A101DC
:10AC2000050040020000210200020800024000006E
:10AC3000008420840001000500C00001000008001D
:10AC400000000000000000000000000004400400BC
:10AC5000082004100421900000C004208288030012
:10AC600020A02011821104028408050800080003B6
:10AC7000A010080085080088A080051090C0000979
:10AC8000820200044003080440000802000000089B
:10AC90000021820200080000040204000180040078
:10ACA0002000004020000411900000200420A0009B
:10ACB00000038800000000040000000400040000FD
:10ACC00000000000200000000000000000002089BB
:10ACD0000000009040820004410808030804084076
:10ACE0008288A002A1A010200885100140050090D4
:10ACF000000008010890408841020010402103082C
:10AD0000008202010082038800208000030000000E
:10AD1000000021000389080000000000910040406D
:10AD2000800080C0000100000090000003000000CF
:10AD300000000000000020000001000008010801E0
:10AD400000000000000020000000000000002100C2
:10AD50001183A0020102C0100020822001820000A5
:10AD60000202080401900008C1C182C00120100243
:10AD700041C004C00304A00489C083C09005080832
:10AD8000C0C008C082042084000001000900000047
:10AD9000000083C001200482C0C001890000A0011E
:10ADA00090A183C1212105C10008C0C104C0028354
:10ADB000A00540000100A0001000000100010001FA
:10ADC0000001000000000000000000000000000082
:10ADD000000008418084030480820000000003001A
:10ADE0000000808080800200058085C100832000F3
:10ADF0008002C180A08002804000058421830091F0
:10AE000000A19180C0800080000000000800820046
:10AE100000000000208010808000000009A0404059
:10AE20000020000209A00382A0400080C19020857C
:10AE3000A010008885000300C100800005110020DB
:10AE400041110009000000000000000000000000A7
:10AE5000000000000011804000900020090408A0BC
:10AE6000C009828090408000030310008300889016
:10AE700080C088090000009080C18080020084A00A
:10AE80008484C1A1900308C08880C1801140110052
:10AE9000112008000000050041408491910000004D
:10AEA000008080008080000000A0008480031000EB
:10AEB00010848884850000000000004080800080AD
:10AEC0000000111141090000000000000000000016
:10AED00000000000000088204001880390009000DE
:10AEE0004104058211C0030102400001002004A0BA
:10AEF0004082C0C0C08340000883C0C1C040210060
:10AF00000983C0C1C1040500A183C1C0C1040100FF
:10AF100001100101018200008200C0014040C00018
:10AF2000C000A0200800C0C0409000210008C0C19F
:10AF300082004182C1C1C1404000400000010408BC
:10AF400000400000010101010000000000000000BD
:10AF50000000000000000000400200880004038898
:10AF600000000400208284040302C00420088382BD
:10AF70004004014041C0C0C004410020C0C0C0C066
:10AF800040208308C0C1C1C0C00500A084C1C0C0AA
:10AF90000000C00010010001000182C00008008311
:10AFA00002C000010088848290C183410100C0007A
:10AFB00001C14182004100C1C1C100400040C04008
:10AFC00000C10000010004000001000000000000BA
:10AFD0000000000000000000000000001080108051
:10AFE0008280400000000000890082808080008014
:10AFF00088800280038309808580840200C080C02D
:10B00000C09109024183C1A188824090002080A1A3
:10B0100091831120000380210908000100100083A2
:10B02000002100C0002003839010038241200921E9
:10B03000804009A00403024003A1C190000900114F
:10B040000089009100001100C10000110000000003
:10B05000000000000000000000000000A0214021CE
:10B060008900110000840000008400100000000826
:10B0700000000041C100808805400200800880A0D7
:10B0800080400080838991A0C1409002808080A090
:10B090008010000800800002000000030001808290
:10B0A000800000000008800000000000000088020E
:10B0B000200002008200800080A000048020001197
:10B0C00000050080000041892111030011110000DA
:10B0D0000000000000000000000000000000C001AF
:10B0E000C0A08584A000C0C000408441A0008200B0
:10B0F0000008C0A00001C100C0C090C002A0C000F4
:10B10000C04104A00440C011C041040809A1C040CE
:10B11000C0C10421848300900001000000000001F0
:10B12000C00320008282C001C00082009090040011
:10B13000C101000041008900C088C08382A104A031
:10B14000000000000002000001890001010001016F
:10B1500000000000000000000000000000000000EF
:10B160008841008841000012000000C10000500624
:10B17000000000C100005082000000C1830048426E
:10B1800050000088830084424100008883004242CE
:10B190000000000083004842500A0088410000007F
:10B1A000000000000000000000000012000020006D
:10B1B00000128212008820008442000000008300F8
:10B1C0004842840000C183000000840000C10000E8
:10B1D000000000000000000000000000000000006F
:10B1E00000002000FFFF00000000A3A35C5C00FF44
:10B1F000FF00F0F00F0F0FF0718E00000000000054
:10B20000000000000000000000000000000000003E
:10B21000000000000000000000000000000000002E
:10B220000000000020000000DFFF0000CF30000021
:10B23000F00FFF005555F6F65A5A2424000000007E
:10B240000000000000000000FF0076460000000043
:10B2500000000000000000000000000000000000EE
:10B26000000000000000FF0008000000C3C33C3CD9
:10B2700000FFFF00F0F00F0F0FF0718E00000000D4
:10B2800000000000000000000000000000000000BE
:10B2900000000000000000000000000000000000AE
:10B2A0000000000000000000000020000000CF307F
:10B2B00000000FF00000AAAA60605A5A242400007F
:10B2C00000000000000000000000000076460000C2
:10B2D000000000000000000000000000000000006E
:10B2E000000000000000000000000000000000005E
:10B2F00000000000000000000000000000004310FB
:10B300002000008811064310200000881106431019
:10B31000200000881106431020000088110600005C
:10B32000000000000000000000000000000000001D
:10B33000000000000000000000000000000000000D
:10B3400043102000008811060000000000000000EB
:10B3500000000000000000000000000000000000ED
:10B36000000000000000000000000000C33CC13EDF
:10B37000F996066953C33CC3CCAACCAA595959596A
:10B3800000000000000000000000000000000000BD
:10B3900000000000000000000000000000000000AD
:10B3A0000000000000000000000000000F0B000083
:10B3B0000F335A5AA5A53F3FCC333F3FCC33000053
:10B3C0003C3C000000000000000000000000F3F31F
:10B3D000FFFF00000000000000000000000000006F
:10B3E00000000000000000000000400000003CC31E
:10B3F0003EC1F9960669AC3CC33CCC33CCAAA6A6A8
:10B40000A6A60000000000000000000000000000F0
:10B41000000000000000000000000000000000002C
:10B4200000000000000000000000000000000F0FFE
:10B4300000000F0F5A5AA5A50C0C33CC0C0C33CCC2
:10B4400000003C3C00000000000000000000000084
:10B4500000000C0C000000000000000000000000D4
:10B46000000000000000000000000000086140AF84
:10B47000901D100240618007002D1002406180077E
:10B48000002D080200010007009D00050061000773
:10B490008099000500610086809D0005006100061E
:10B4A000009D000505610A2F850D10A2000040E3F4
:10B4B0008006002D920240E1806E1C9D10C5A361A4
:10B4C00053ED9C9D020200610006009D0005006195
:10B4D000000FC049000100400001C0010000000051
:10B4E0000000000000000000000000000000FCF070
:10B4F000FCF0000000000000000000000000000060
:10B500000000000000004D4D7D7D0F0F0F0F00006B
:10B51000000000000020000300000000080C0000F4
:10B520000000000020A0000000000000000000005B
:10B5300000000000FFFFFFFF00000000000000000F
:10B540003FFF3FFFAAAAB28E0000000000000000EB
:10B55000000000000020FFDF1B0FEBFFFFFF0000DB
:10B5600000000000000000000000000000000000DB
:10B57000F8F0F4F0000000000000000000000000FF
:10B5800000000000000000004D4D41410F0F0F0F63
:10B59000000000000000000000C3000000000000E8
:10B5A0000000000000000000000000000002000099
:10B5B000000000000000FFDFFFFF000000000000AF
:10B5C000002015553FFFAAAAB2B2000000000001FA
:10B5D0000000000000000000FFFF0F0F1400FFFF3D
:10B5E000000000000000000000000000000000005B
:10B5F00000000080FF7F000000000000000000004D
:10B60000000000000000AA82AABED714FF3C000080
:10B61000C0C00000000000000000000005007FF72F
:10B620004141000000000100414100000000000015
:10B63000000000000000000000000000000000000A
:10B64000000000000F5555550000000000000000EC
:10B65000000000000000000000000000FBFF0400EC
:10B66000FF55AA5500000000000000000000000087
:10B67000000000000000FFFF0000000000000000CC
:10B680000100000000000000AA82AABED714C30077
:10B690000000C0C000000000000000000000010029
:10B6A0007B7F41410000000000704141000000002C
:10B6B0000100000000000000000000001000000475
:10B6C0000000000000000F5555550000000000006C
:10B6D0008000010000000000000000000000FFFFEB
:10B6E000000000AAAA5500000000000000000000B1
:10B6F0000000000000002000020040004000200088
:10B700009021050001042000200088002000000096
:10B7100000000008004020000200C000C00400102B
:10B7200003002000080020032000400088020410CD
:10B7300000000100884000002000000040004000A0
:10B740004000000000000000200020000000400039
:10B7500000000000000000000000000000000000E9
:10B7600000000000000000000004000000000002D3
:10B770000004000000000000000080002000040021
:10B780000900000040004020000009000000040003
:10B7900004000000091100010500800000000420E1
:10B7A00000000800200080000000000003000401E9
:10B7B000000000000800000100000000040000007C
:10B7C0000400000000000000050000000000000070
:10B7D0000400000000000000000000000000000065
:10B7E0000000000000000000000000210000000038
:10B7F0000001000100000000000000000000000047
:10B800000103008000212000000000004000010032
:10B81000018001000500002101040000000000007B
:10B820000090000000000080000500000009820078
:10B83000000811000000418200000000000000002C
:10B84000001140030002000200000002000000009E
:10B8500000000000000000000000000000000000E8
:10B8600000000000000000000000000000000000D8
:10B870000000400800000000000000800088000870
:10B88000110020100040000040100008000080005F
:10B890001000202040004000110010C105080004E5
:10B8A0000400002100000000001000A00000048837
:10B8B00000C0200090000000901140C00001001066
:10B8C000000000008900000100010000214100008B
:10B8D00000000000008800000000090000000004D3
:10B8E0000000000000000000000000000000000058
:10B8F00000000000800100000000000000080103BB
:10B90000A0000821011021020000400900000000F1
:10B910000005000801100041A040824020400000C6
:10B920000000C00083A10021004000A02009000504
:10B9300000000004004000020000000000020000BF
:10B940001020002000200020001000000821A0216D
:10B95000A0040104012140910800C00000090888EA
:10B96000A0000082000500040000000000000000AC
:10B9700000000000000000000000000000000000C7
:10B9800002000300830040C140A108C083080800F2
:10B9900000000000080040A0000008000008800827
:10B9A0002110000000002040000003000011850865
:10B9B0000300200000000000000100000000000162
:10B9C0000000008300010001009100100800030046
:10B9D0000000000020001090000421000000000082
:10B9E000000400000041000400010000000000000D
:10B9F0000000000000000000000000000000000047
:10BA000000008200A0000221080940028209408053
:10BA1000008090028804008904828200080082006D
:10BA2000C0902041000004200880820000410841AD
:10BA30004000820000002002A002010200008200FB
:10BA4000100900004041200482218284020000008D
:10BA50009088000082008200000000001000210297
:10BA60000080000000C00000100000000200000084
:10BA700000000000000000000000000000000000C6
:10BA800000000000089000009020100288900890AC
:10BA900091080040030200000002894021200000BC
:10BAA000210000030004000008008804084000048E
:10BAB000A100202000820000400021881001100019
:10BAC00010000000000000000400100010109000A2
:10BAD0002100410902000000050005020802800063
:10BAE0008200214000000804000008880800880047
:10BAF0000000000000000000000000000000000046
:10BB0000000000000000C0039000020010A110001F
:10BB100020002008C0050240004000404040400492
:10BB20008804401121040011084100400411400024
:10BB300020029000011185820085080983411000D0
:10BB40001100004000200003004100040000080034
:10BB5000000002008400082100000200C082028868
:10BB600001801080A18821000040000400040040F2
:10BB700000000000000000000000000000000000C5
:10BB80009000000000000000000003C0A11080022F
:10BB9000A00080848000100080C01000000083C0DE
:10BBA00080010000A100A000100000000000800043
:10BBB0000004880400C004000420000403A0040062
:10BBC00080A040002184000300000308040000005E
:10BBD00000000000800008001100000080A00004A8
:10BBE00083091004A1081005900000010001000164
:10BBF0000001000003000000000000000000000041
:10BC00000088000000000000000020080041902192
:10BC100082081000C00410042084408488080808AA
:10BC2000C04108000011902110090821881004006B
:10BC30004005020002000002021100034009201129
:10BC4000C000000810041004A000000008000889CB
:10BC500008054021880000090202020320041004A4
:10BC60008808820004040000820400000000000034
:10BC7000004000000020000000050000000000005F
:10BC80000004000000000000000000000000009020
:10BC900020020020200000000888A1208802000067
:10BCA00008000820100000004100080021020000E8
:10BCB00011004120219000000085030008000500CC
:10BCC000800008201003100041880000000140009F
:10BCD00011100002002021000800A100A00088012E
:10BCE000C101080110200001000000000000000058
:10BCF000000000010020000000880088000008000B
:10BD00000800030008200000000000000000880078
:10BD1000A0008500A000A0898391841084102009D0
:10BD20002083C14020081189108285C0200900109D
:10BD3000A04090020010C0A000040290A004C09097
:10BD400002C0888290024089109102C0C010000099
:10BD50009084010804A0888200C10100400800000E
:10BD600001C100004000000000C100011100880076
:10BD700002C10000000200000000000000000000FE
:10BD800000000000000001000000000000000000B2
:10BD90008000850003000000104108211084008904
:10BDA0004041091021800009A04191098441008887
:10BDB0000080000000000080C08011808080800032
:10BDC000108003000480800080411008801180856D
:10BDD0000000000008808000000008C1031080837C
:10BDE000002009C110408905000503C110408441AD
:10BDF0008005C091004005C1002000000000000047
:10BE0000000000000000000008000000000000002A
:10BE1000090000000000000080A01100210884003B
:10BE20004183884011A1A0009003090421108804D7
:10BE30008283100011C00205888003000021A1C088
:10BE4000880011050210828480001100809000207B
:10BE5000410300000000000080000080000080001E
:10BE600000008008C1800400008980100280080062
:10BE7000C000C11188C008001109884100000000FD
:10BE800000000000000000000000000000000000B2
:10BE9000000000000090C000000008A0C08802411F
:10BEA000200241050311C00408100401902105403F
:10BEB000A1101189210000400110C1824000100032
:10BEC000A1A1118411001000A0419000408804033A
:10BED00082088501000002000884A000100800828A
:10BEE00010000000C008080200000091C000008897
:10BEF00001009100C100084000000100C0010000E5
:10BF000000000000000000000000000000004000F1
:10BF1000000000000000008200C0000000C01020EF
:10BF200001890305108308050002889191C18204EC
:10BF30000020008304024001900002018800A0411B
:10BF40008221400802A00290049000A0900240913B
:10BF50000120110208080000A10200020289C0901D
:10BF600000010009000100C000000101C08411C1EE
:10BF700000000101010083C100004100010001C077
:10BF800000000000000000000000000000000000B1
:10BF900000000000000000000005000200044085D1
:10BFA0008004418408A18904009000C0910204A08B
:10BFB0000082211100080582000800208021001065
:10BFC0000002008800108511009180900080850497
:10BFD00080210221050303A00000020400050010D7
:10BFE000000500022090200900C00004050841C09F
:10BFF00091C100110240411089C1000011002100CF
:10C00000418000000000000000000000000000006F
:10C01000000000000000000000004108A0C14180B5
:10C0200003004085C083020004004183088405802A
:10C030001108414008022080410800C00041000072
:10C04000000500890084000000048000808080805A
:10C0500080112109104008000800000200000002C1
:10C0600000800000A108210005000800C104210093
:10C0700002004010C180C01105001108A10000009D
:10C08000000004110000000000000000000000009B
:10C090000000000000000000000000000100020994
:10C0A000000800009108412011C0020088A0831000
:10C0B0008840080183A18290118210001003822120
:10C0C0001020200000404011C0C0820090000808ED
:10C0D0000808880109839041C04021000000000049
:10C0E0000011000200000901000000000140C10031
:10C0F000000000000000C1C0050101000000C1886F
:10C1000000000000400100000000000000000000EE
:10C11000000000000000000000000000000000001F
:10C120000084830088000000008821004200000A8B
:10C1300000844100000082000088000000000081AF
:10C140000044410042004800008841005000500A6D
:10C150000088410000000042000041000082000011
:10C16000000A000041000000000000000000000084
:10C170008400008800000000500000880000420693
:10C18000600000880000000A0000000000000000BD
:10C1900000000000000050000000000000005000FF
:10C1A000FF00FF00AAAA3C3C3C3C00FF207000506E
:10C1B0003CAA3CAA00808000AA3CFFF0AAFF82C3F0
:10C1C00000F0FFF00000000055FF55FF00008FFF5A
:10C1D00030303F3F00000050A0AFA0AFA4F4AEFE4F
:10C1E0000000000000001C5F1C5FFFFF0000FFFF5D
:10C1F0000F0FFFFF5555FFFFFF00FFFFFF00FFFF81
:10C200000000FFFFC3C3FFFF555500000000000002
:10C21000000000000000000000000000000000001E
:10C220000000FF00FF00F0F0F0F0AAAAF0F02020DC
:10C23000000000F0FFF000000000AA3C00F0A0F0B9
:10C2400080C0AA3CAA3C0000000015FF15FF0000BA
:10C2500082FF20307F3F0000004030303F3F0454D9
:10C260000E5E00000000000000001C5FFFFF0000E9
:10C27000FFFF0F0FFFFF5555FFFFFF00FFFFFF0000
:10C28000FFFFFFFFFFFFC3C3FFFF55550000000086
:10C29000000000000010006000000000001000001E
:10C2A00000000000000000000000000055FF0F3CEF
:10C2B000E000000035FF35F0000000003C0F3C0FAF
:10C2C0007D0D0D0DFF0F000F7D7DEBEB0050C3D3F7
:10C2D000FFFFFF7F01000000FF807F005CFF5C0F1D
:10C2E000FFFFFFAA000000000000FF3C7D3CF0F0D3
:10C2F000FFFFF0F0FFFFAAAAFFFFC3C3FFFFAAAA38
:10C30000FFFF00FFFFFFF0F0FFFF3C3C00000000DC
:10C310000000000000000000404800000000000095
:10C320004048000000000000000000000A0A55001C
:10C330000F3C00000000350F35000004000055FFE1
:10C3400055003C0C0C0C553C553C7D7DFFFF00001E
:10C35000C3C3FFFFFFFF00000000FFFF00005CF011
:10C360005C00FFFFFFA80000000001003F3C3D3CD7
:10C37000F0F0FFFFF0F0FFFFAAAAFFFFC3C3FFFF2B
:10C38000AAAAFFFF00FFFFFFF0F0FFFF3C3C000008
:10C39000000000000000000000000000000000009D
:10C3A00000000000000000008061000F004D00014F
:10C3B0000061308D001500A10061302F009D00004C
:10C3C00000613087800D00000061302E100920A52B
:10C3D0000061008E900D00A000614027800D0000DC
:10C3E0000061302E100D0000000005610A2E050DC1
:10C3F00000A040638006002D92024083808180204F
:10C400009202408280818020920240E38087802DCA
:10C410008A02000000000010000000000000000080
:10C4200000000000000000000000000000000040CC
:10C43000000000000000FFFFFFFF2A2A3F3F00002E
:10C440000080A0003C3C00BEFCFE0000000000009C
:10C45000002000000000BEBEBFBE000000000000C3
:10C460000000FFFF7F3CFCFEFEFE0000000000001D
:10C470007FFFFFFFFFFF3F3FB0BAB0FF0F3CFF550C
:10C48000FCFC82BEFF0F3C550AFAFCFC00000000D9
:10C490000000000000000000000000000000010992
:10C4A00000000000000001018000000000100004F6
:10C4B0000000000000000800FFFBFFFF2A003F0013
:10C4C00000000000A000FFFF00BEFFFF0000000012
:10C4D0000000002000000000BEBEBEBE0000000044
:10C4E000000002027F007F0028AAAAAA0000000024
:10C4F000000000000000FF553F15F0FAF0FF0F3C70
:10C500000055C0C082BE000F3C550AFA0C0C00005A
:10C510008282000000000000000000000000000017
:10C520000000000000000000000400000000000007
:10C530000000000000000400FBFF0000FFFF0000FF
:10C5400000003800FA0000C0FF7F080A0C0F00004E
:10C550000000000020300000000000003C3C000013
:10C56000000000200020FFFF7FFFFFFFC3C300008B
:10C570000000000000000000FFFFFFFF00000000BF
:10C580005555FF00ACACACAC3C0F55FFFFAAF03CDE
:10C59000FFFFFFFFFFFFFFFF0000000000000000A3
:10C5A000008000000000000000800000000040004B
:10C5B0000000000000000000040000000C00F0FF7C
:10C5C000003C3C003838FAFA00C0FF7F28AA3CFF44
:10C5D00000000000000000300000000000553C7D1D
:10C5E00000000000002000207FFFFFFF3C3CFFFF19
:10C5F00000000000000000000000FFBFFF7F0000FF
:10C6000000000F0F3C3CACACACAC3C0F550000AA9A
:10C61000F03CFFFFFF7FFEFFFFFF00000000000077
:10C6200000000200000000000040020000000000C6
:10C6300000002000200000008420040020004000B2
:10C640008809040020002000201084092000200018
:10C65000040420004000A000200920202000000049
:10C660000000000000000000840000002000200006
:10C6700000000000200040002004000020032000F3
:10C6800000000000000000000000000000000000AA
:10C690000000000400000000000000040000000092
:10C6A000000000000000000000000000000000008A
:10C6B0000000000400000000402041004100400054
:10C6C000210004A000000000000040000000000065
:10C6D0000008A00140004000000000000000000031
:10C6E00000002000000000000000000400004100E5
:10C6F000000000000000000000000000000000003A
:10C7000000A0000000000000000000000000000089
:10C710000000000000010000000000000000000018
:10C7200000A0000000000000000000000000000069
:10C7300000000000000100090000000000000000EF
:10C7400000000000000000000000000000000000E9
:10C750000040000000000000000000000000000099
:10C760000000000000000000000000000041000088
:10C770000000000000800003002100000011000004
:10C780000000000000000000000000110000002177
:10C790000000001100110000000000000000000077
:10C7A0000000000000000000000000000000000089
:10C7B000000000000000008000100000040000885D
:10C7C0004010000020004084000040C0400000C035
:10C7D0000008400840100010408820004000000081
:10C7E00000880900400008C020000000000000840C
:10C7F0000840004000040404000020000000000085
:10C8000002400010401000100082000000000000F4
:10C810000500000000000000000000000000000013
:10C820000000000000000000000000000000000008
:10C8300000000000000000000020000000000000D8
:10C840009021001000000000000000000000A00087
:10C85000000500009000A00040410000A041000041
:10C860000000000500000000A010001100000005FD
:10C870000002000000000002004000000000000074
:10C880000000001000000800000000000000000090
:10C8900084000000000000110000000400000000FF
:10C8A0000000000000000000000000000000000088
:10C8B0000000000000000000000000002190008245
:10C8C00000C00000410040004000218405C009A0D4
:10C8D00000821104410040880584050020100010EA
:10C8E000001041102108080800080040008208904C
:10C8F000088205A0098200400000000000000090AE
:10C90000410410880884000020A0204000C000904E
:10C9100000000000000000C0000000C021100088DE
:10C920000000009000000000000000000000000077
:10C9300000000000000000000000000000000808E7
:10C940008241820082008211820084000000000087
:10C95000820082008200820082000000400000000D
:10C960008203822182008200000000098200000010
:10C9700082008205820382000000C004820200005F
:10C9800000008200821182098200000000008204FF
:10C99000000082098200824082000000084182007B
:10C9A00008008200820082008200000000008200F5
:10C9B0000000000000000000000000000000000077
:10C9C000050411842110400010C000200040110017
:10C9D00004200490050000C00504110400880488A8
:10C9E0000000090040884188042005044000409070
:10C9F000400410040502200021841120400011C0D1
:10CA000000001100080409C0080000000002100026
:10CA1000000011880000000000000000000200007B
:10CA20000000000000000000000000000000000006
:10CA300000000000000000000000000000000000F6
:10CA40000000C000C00000000800000882000800CC
:10CA5000080000009000000000000800080300002B
:10CA60000021C00200004000840810408200000045
:10CA70001000000002000000080000000840101133
:10CA800000850000C00000000000404000001000D1
:10CA90000000000000000000000500000000080089
:10CAA00000000100C00000000000000000001000B5
:10CAB0000000000000000000000000000000000076
:10CAC0000000000000080004000010002140008465
:10CAD0000088000805900502118809904082201006
:10CAE0001002218410A0404000004084004000005B
:10CAF00000A011A0004000000000110408880902F5
:10CB00000084082000000002080005904004104046
:10CB10000040000021400000000005C000000000AF
:10CB200000840000040800000088000000000000ED
:10CB30000000000000000090000000000000000065
:10CB4000000000000000044108000411100004006F
:10CB5000002004410000100000024000020808000C
:10CB600002008200080810000800A020C021080070
:10CB7000000008000008200900000000000000106C
:10CB800000000004041100000020100008028410BE
:10CB900008000000820000200000000000000800E3
:10CBA0000000000000021000000008020800000061
:10CBB0000800080000000000000000000000000065
:10CBC000000000000000000002040000008400904B
:10CBD000000020002088090400400488100005009F
:10CBE00021002000104000202102008804204188FC
:10CBF00005202090040004C0000020004100418472
:10CC00004188049000840988000010002002400040
:10CC100009001104408841000000000000024000AB
:10CC2000080200000000000040000000000040007A
:10CC300000000000000000000000000000000000F4
:10CC4000000000000000000000000000C100000122
:10CC5000C1820100A0000140C021C000C10000024B
:10CC6000C0820000C0000183C0000000C1000001BC
:10CC7000C182010000000140C021C000C0000004CA
:10CC8000C0820000C0000183C00000000000C1009D
:10CC90000001C182010000000140C021C000C000AD
:10CCA0000004C0820000C0000183C0000000C10079
:10CCB0000001C182010000000141C021C100C0008B
:10CCC0000040C0820000C0000183C0000041C1419B
:10CCD0000003C1854141004141A088038005834193
:10CCE0000080808000418041418380000041C1413B
:10CCF0000003C18541410041418588108905A1415A
:10CD0000008080800041804141838000000000411C
:10CD1000C1410003C1854141004141848810800523
:10CD2000A04100808080004180414183800000411B
:10CD3000C1410003C1854141004141C08810A005A7
:10CD40008541008080800041804141838000410016
:10CD5000404100C100004141904100C1034108C170
:10CD6000C041004100804100C14100C1800241003A
:10CD7000404100C100004141904100C1034120C138
:10CD8000C041004100004100C14100C1804000009D
:10CD90004100404100C10000414190410041034138
:10CDA00082C1C041004100004100C14100C180403A
:10CDB0004100404100C10000414190410041034118
:10CDC00020C14041004100004100C14100C18040FC
:10CDD0000000010100C10000000141010003000149
:10CDE00011C102C10041A0404000400300C18201C6
:10CDF0000000010100C10000000141010003000129
:10CE0000C0C182C10041A0904000400100C1820029
:10CE100000000000010100C100000001410100A16B
:10CE2000000110C182C10041A0904000400100C13A
:10CE300082000000010100C1000000014101004129
:10CE4000000140C1A0C10041A0004000400100C15C
:10CE5000820000408200C183000000008200C18384
:10CE6000024100108200C140000000008200C100A9
:10CE7000000000408200C183000000008200C183E6
:10CE8000021100908200C140010000000000C100BA
:10CE90000000000000400000C1830000000000000E
:10CEA000C183020500900000C140000000000000A6
:10CEB000C100000000400000C1830000000000002D
:10CEC000C18302C100900000C140000000000000CA
:10CED000C100000000808041C1834100000080410A
:10CEE000C182C10200C18041C1C141002100802135
:10CEF000C141410000808041C18341000000804168
:10CF0000C182C10200418041C1C105000000002171
:10CF1000C1410000000000800041C183000000000A
:10CF20000041C182800200410041C1C100000000F7
:10CF30000021C141000000800041C18300000000C9
:10CF40000041C182800200410041C1C100000000D7
:10CF50000021C1410000C1C0804180C100004102E8
:10CF60008041C1C103C1C141008080A10000414195
:10CF70000041808003C1C1C0804180C100004103E5
:10CF80008041A0C103C1C141008080C00000414177
:10CF90000041808003C10000C1C0804180C1000009
:10CFA00041008041A0C103C1C141008080C0000098
:10CFB00041410041808003C1C1C0804180C1000067
:10CFC00041028041C1C103C1C141008080C0000055
:10CFD00041410041808003C140C1200182400000E6
:10CFE0000001040104C101C14083A0C040C0000091
:10CFF0000001000140C001C140C120018240000089
:10D000000000040141C101C14083A0C040C0000034
:10D010000001000140C001C1000040C12001824068
:10D0200000000000040105C101C14083A0C040C050
:10D0300000000001000140C001C140C12001824048
:10D0400000000001040104C101C14083A0C040C030
:10D0500000000001000140C001C10000000000000C
:10D0600048420000000000004842811200C843000E
:10D07000484200000000000048420000000000009C
:10D0800048420000000000004842811200C84300EE
:10D09000484200000000000048420000000000007C
:10D0A000000048420000000000004842811200C811
:10D0B0004300484200000000000048420000000019
:10D0C000000048420000000000004842811200C8F1
:10D0D00043004842000000000000484200000000F9
:10D0E0000000000000000000000000000000000040
:10D0F0000000000000000000000000000000000030
:10D10000000000000000000000000000000000001F
:10D11000000000000000000000000000000000000F
:10D1200000000000000000000000000000000000FF
:10D1300000000000000000000000000000000000EF
:10D1400000000000000000000000000000000000DF
:10D1500000000000000000000000000000000000CF
:10D1600000000000000000000000000000000000BF
:10D1700000000000000000000000000000000000AF
:10D18000000000000000000000000000000000009F
:10D19000000000000000000000000000000000008F
:10D1A000000000000000000000000000000000007F
:10D1B000000000000000000000000000000000006F
:10D1C000000000000000000000000000000000005F
:10D1D000000000000000000000000000000000004F
:10D1E000757B00000000000000000000000000004F
:10D1F0000000000000000000000000000000DEAEA3
:10D20000757B00000000000000000000000000002E
:10D210000000000000000000000000000000DEAE82
:10D220000000757B0000000000000000000000000E
:10D2300000000000000000000000000000000000EE
:10D24000DEAE757B00000000000000000000000062
:10D2500000000000000000000000000000000000CE
:10D26000DEAE600603000000000000000031E000B8
:10D270000000000000000C0000000000000000C0E2
:10D280006006600603000000000000000031E000BE
:10D290000000000000000C0000000000000000C0C2
:10D2A000600600006006030000000000000000317E
:10D2B000E0000000000000000C0000000000000082
:10D2C00000C060066006030000000000000000319E
:10D2D000E0000000000000000C0000000000000062
:10D2E00000C06006100020404000208088400440BC
:10D2F0008810041020004000200020002000008042
:10D3000004004004C04000400410201021000540EB
:10D310008310201020000084401020042000C00250
:10D320000000000000000000400000002005200078
:10D3300084004020000000000000000020000000E9
:10D3400000000000000000000000000000000000DD
:10D3500000000000000000080000000000000000C5
:10D3600000000000000080000401800000040801AB
:10D3700000010001200183008000802000000000E7
:10D38000000400000001000100010901000120006B
:10D39000200120018401410000050501050105006F
:10D3A000000100C000000000000080000000040038
:10D3B000000000000000000000000000200000004D
:10D3C000000000000000000000000000000000005D
:10D3D000000000000000000000010000000000004C
:10D3E000000000000000000000000000000000003D
:10D3F000000000000000000001000000010000002B
:10D400000000000000000000000000000180008912
:10D410000100010001410180000000000000000047
:10D4200000820000000800000000000000000080F2
:10D430000003009000400090000000000000000089
:10D4400000800080000000C000800000008000001C
:10D4500000000000000000000000000000000000CC
:10D46000008200000000000000002000000000001A
:10D470000000000041000000008440002000100077
:10D480000000410800000000000000000000400211
:10D49000000820002000201020042084000020002C
:10D4A0000000000941004089001000032000000036
:10D4B00000080000004100010041008200820000DD
:10D4C00000000002001000000011001000000040E9
:10D4D000000000100000000000000000000000003C
:10D4E0000000000300000000000000000021840094
:10D4F00000C1002100030000000801000308020031
:10D5000001000910020000800805000511880002D2
:10D51000000500112085080221050908000000000F
:10D5200000400809000802100803900200000205EC
:10D530002080080040088221001000000800000040
:10D54000C0008221908800400011001100092000D5
:10D55000200000112000000000000000000000007A
:10D56000000000000000000000000000000021009A
:10D570000000031008402100080041002000A00026
:10D5800080002000A0C08000004000000800900340
:10D59000080100080810834000012000200000005E
:10D5A0000900000080100000800088002189000030
:10D5B00080000040800288000090040141000000CB
:10D5C000002000C00000001000010000000000006A
:10D5D00080008000000088000500000000000000BE
:10D5E000000000000000000000000000000000003B
:10D5F000080088004000A002C000A0004000000019
:10D60000A0809100100000884000A00004000011DC
:10D61000000090000400400002008220040020006E
:10D6200004000000200002001000000008000000BC
:10D6300000000080C000090000000080008004801D
:10D6400008800900000090000400000000000000B5
:10D650000000000090000000C0000000000000007A
:10D6600000000000000000000000000000000000BA
:10D670000000030008008504410100000002C10011
:10D68000410840042000830000051000100010082D
:10D6900000000804090005080900100804202010F3
:10D6A00080200482030008000082801000840008AB
:10D6B000000400000002110040840040100821080E
:10D6C00003084008080011841000008400000800CE
:10D6D000000000000000000000000010000000003A
:10D6E0000000000000000300000000000000000037
:10D6F00000000000110310418408C0884000A00011
:10D70000C0108802C0212085008840838400080062
:10D7100000A1110808008800080040000200100065
:10D72000824140820108110000100021C102A002C4
:10D7300008080905000240004008C0118488C000A4
:10D7400008000204C0040005C0001000000008002A
:10D7500001000011000400000080018000000000B2
:10D7600000000000000000000000000000000000B9
:10D77000000000000000820000000000001083C0D4
:10D7800000000000001109000004081180080000DA
:10D790000088001008000000000000008000080061
:10D7A0000000020080040200020010004108020193
:10D7B0000084080008000000910080002000001193
:10D7C00008000000900100010800000008000800A7
:10D7D0000000100000000000000000042004000011
:10D7E000080000000800000005000000000008001C
:10D7F0000000000000000000840082400402C020FD
:10D8000090058205080000000904A0048820C08556
:10D8100088110040A000001088030010900404212B
:10D820000441880408059005042010020405080539
:10D830000003822190024002000000040402000262
:10D84000020805A0910208A0C00008000009000914
:10D85000000000052004000900A0000400000000F2
:10D860000080000000000020000000000000000018
:10D870000000000000000000000000000000410067
:10D880000400000000C000004000408200000300CF
:10D890000404000000884020000008040000040880
:10D8A00000000000008200080020000008820384BD
:10D8B0000000090000004001200800010082200152
:10D8C0000004208208042090880421200800000021
:10D8D0000300418221020000100000020000080045
:10D8E000000000100000080002000000000000001E
:10D8F000000000000000000000000000C1C009C0DE
:10D900002182A084C1C009C01082118884C105C0D1
:10D9100020C14011C0C083C002040288C0C005C13C
:10D920000304A009C0C004C002828208C1C005C0AF
:10D9300002848408C0C104C1900820820000C0C1D4
:10D9400005C00841020509210190018882200208D2
:10D950000010204004000000010000004000000012
:10D9600000000000000000000000000000000000B7
:10D970000000000008000000000000000000C0805F
:10D98000888008000000C08888888805C10889C18F
:10D9900021A005110010C189109080C080028583EC
:10D9A00010A0088800889182029008090090C08326
:10D9B000208385208085C1C1098200A080000000ED
:10D9C000C1C1028980408082114109210283000087
:10D9D00080000880000080000000030000000000BC
:10D9E00040000000090000000000000000000000EE
:10D9F0000000000000000000000000000000000027
:10DA0000200083848090C100408021909080891004
:10DA1000114190C082888200080089828289900921
:10DA20000000C0848380C12083030382A041A02022
:10DA3000008009858080881009804090C085C140A1
:10DA40000000110388908885880200804103091135
:10DA500041090300A0008221C00080000000800076
:10DA60000000000480000040800000000000000072
:10DA70000000000000000000001000000000000096
:10DA8000000082004082C0C0C18285108583C0C072
:10DA9000C08840010582C0C0C08409020482C1C0A0
:10DAA000C1A004200882C0C0C1C004038483C01187
:10DAB000C1C020109082C0C0C18408104183C1C081
:10DAC000C120000008900583C0C0C14040C00200D2
:10DAD0000291C101900040000909090088009000EE
:10DAE000A0004090080120002000C00000000000BD
:10DAF0000000000000000000000000010000000025
:10DB0000000000000883001000C020C109840184C7
:10DB100020C0C1C08440C10502C1C1C002040004CC
:10DB200005C1C0C004C0010903C1C1C00904888483
:10DB300000C140C08220C09040C1C0C0041100415B
:10DB400000C0C0C100014120010410C0C1C11005C6
:10DB50000008010303C12005000400831002000235
:10DB60000090009100C100000400000000000000CF
:10DB70000000000000000000000000004000000065
:10DB80000000000000008810002100834090820304
:10DB900002200983C0850403118884A182904080FB
:10DBA000108210A185A00908408890A18290C088A9
:10DBB000110303A185900410A008C0A18090C009A2
:10DBC0000008088483A00003020920904188A0A0D7
:10DBD00000101183090511C100C00083002180904D
:10DBE00000800000001000C1000080000000400024
:10DBF0000000000000000000000000000000000025
:10DC00000000000000000000808980850004000002
:10DC1000C10084A020821004C120A1410804A010EA
:10DC2000A140898388890410C182A082C10588002F
:10DC30009121902041848203A18590A011C0840885
:10DC40008402A1C0C08508400001C18483A008856A
:10DC50009002C18211002000004100800008008075
:10DC600080038000004000800000000000000000F1
:10DC70000000000000000000000000400000000064
:10DC800000000000000000000000C005C0C082A02D
:10DC900084A0C0A0C0C1821089A0C189C090C04129
:10DCA00002A1C188C0C105408941C141C0C104A1D0
:10DCB00008A0C0A1C111820408A0C108C1C1840488
:10DCC00008A1C120C0C0098483A10001C141C1C114
:10DCD000820204A0C1892108018400014010902023
:10DCE00020048801C00090889082400000000090CD
:10DCF0000090000000000000000000000000000094
:10DD0000000000000000000000000000000000848F
:10DD1000830048420000008483004842000000085D
:10DD2000830050420000024483004842000000008B
:10DD30008300484200000020830048820000024423
:10DD400083004842000000008300484200000000B9
:10DD50000000830048428100008800006006000047
:10DD60000000000000000000000000000000500063
:10DD7000008800000000000000000000000081009A
:10DD8000008800000000000000000000000000000B
:10DD90000000000000000000000000000000000083
:10DDA0000000000000000000000000000000000073
:10DDB0000000000000000000000000000000000063
:10DDC0000000000000000000000000000000000053
:10DDD0000000000000000000FF99FF66FFFFFFFF4A
:10DDE0003C2430209F9F9F00FFFCFCFFC3FF030FDC
:10DDF0000000000000000000000000000000000023
:10DE00000000000000000000000000000000000012
:10DE10000000000000000000000000000000000002
:10DE200000000000000000000000000000000000F2
:10DE300000000000000000000000000000000000E2
:10DE400000000000000000000000000000000000D2
:10DE500000000000000000000000FFFFFFFFFFEFD8
:10DE6000FFF73C2430201C1C1C00FFFCFCFFC3FF00
:10DE7000C3FF0000000000000000000000000000E0
:10DE8000000040000400000100000000000000004D
:10DE90000000431020000088110643102000008875
:10DEA000110643102000008811064310200000884E
:10DEB000110643102000008811064310200000883E
:10DEC000110643102000008811064310200000882E
:10DED0001106000043102000008811060000000019
:10DEE0000000000000000000000000000000000032
:10DEF0000000000000000000000000000000000022
:10DF0000000000000000000004020000000000000B
:10DF10000000000000000000000000000000000001
:10DF200000000000000000000000000000000000F1
:10DF300000000000000000000000000000000000E1
:10DF400000000000000000000000000000000000D1
:10DF50000000000000000000000000000000003F82
:10DF60003F3F7F7F7F7FFFF0FFF00E0EFFFF00003F
:10DF700000007EFF7EFF00000000C343FF0F000093
:10DF80000000000000000000000000000000000091
:10DF90000000000000000000000000000000000081
:10DFA0000000000000000000000000000000000071
:10DFB0000000000000000000000000000000000061
:10DFC0000000000000000000000000000000000051
:10DFD0000000000000000000000000000000000041
:10DFE000002626263F3F3F0FFFF09990000EFFFFCF
:10DFF000000000007E7E7C7C00000000FF6FFF0FB1
:10E000000000000000000000000000000000000010
:10E01000000000000000000000610007009D0005F6
:10E0200000610007009D000500610087209D00053C
:10E03000006100040099200500610006009D0005B4
:10E0400000650087209D00050061000400992005FF
:10E0500000610006009D0005000000610006009DB3
:10E060000005A00000818090000100614006000DC5
:10E070000000A0610006009D000000610087800D87
:10E08000000500000000000000000000080810006B
:10E0900000000000000000000000000000003CFF45
:10E0A0000C0F005F5F5FB000BE00FCFF3FFF00FC95
:10E0B000FFFF3C0C0000000000A0FF0FAA2A30F078
:10E0C0003CFF5F551C1420A03CFF1C000C0000000E
:10E0D0000020FF7DFF30F0FFF0FF00000FFFAA2AB5
:10E0E000BAFFFFFF5F0AAFAF3F3F0CFC000000002C
:10E0F0003CBE3CFF0000000000FFFF0000000000ED
:10E10000000000000000000000000000000000000F
:10E11000000080020000000000000000000000007D
:10E1200028AA080A001C1C1CB0B0BEBEFCFF3FFFA2
:10E1300000A8FFFF1404000000000000FF0FFF3FD5
:10E1400020A028AA5F55000020203C3C00000000D1
:10E1500000000000FF7DFF3CA0BCF0FC00000FFFB2
:10E16000FF3FB0B0B0B05F0A050530300CFC0000D6
:10E1700000003CBC3CFC00000000FFFFFFFF000073
:10E18000000000000000000000000000000000028D
:10E19000020000000100000000000000000000007C
:10E1A0000000000000000000000000FF3CFFFFFF37
:10E1B000FFFF1C5F1C5F0F050C04F8FAFCFF2A2A06
:10E1C0003F3FFFFFFF0FC3034101000E0E0E7070B3
:10E1D00070000000FAFAFFFFFFFFFFFFFEFF0000E4
:10E1E000FFFFFFFF000000005F50F5F555FFA0F5B1
:10E1F0000000000080C082C300000000000000009A
:10E20000000000000000000000000000000000000E
:10E2100000000000000000400000000000000000BE
:10E220000000000003030C0C1000000000A020A060
:10E23000FEFFFDFF00001C5F0F050000F0F0F0F096
:10E240002A003F00F0FFFFFFFF0F550500BEBEBED6
:10E250007D7D7D000000AAAAF0FF0FFFFEFFFFFFFB
:10E260000000DFFFFFDF090000095F50050500AA7D
:10E27000A0F500000000A0F0AAFF000000000000D0
:10E28000000000000000000000000000000000008E
:10E29000000000000000000000000000000000007E
:10E2A00000008400110009000200000003000300C8
:10E2B0002000418021002100200004208400C000B3
:10E2C0002100C000C00004002000C0000400840041
:10E2D000200004008802200000000110200004003B
:10E2E0000002000004080000000000050000000417
:10E2F000000820820000000020080005002000081F
:10E3000000400009000000000000000000000000C4
:10E31000000000000080000000000002000000007B
:10E3200000000000200084008400A0000000900095
:10E3300088000000A020A0002000000002000000D3
:10E340000500400000000400000000000000000084
:10E35000050000000400040104000000080104009E
:10E36000200000010000000000000000000000008C
:10E370000001000104050000000000010000000091
:10E380000401000100000000000000000000000087
:10E390000000000000000004000000000001000078
:10E3A000000000000000000000000000000000006D
:10E3B000008000800000000000000000000000005D
:10E3C000000000000000000000000000000000004D
:10E3D000000000000000000000000000000000003D
:10E3E000000000000000000100000000000000002C
:10E3F0000400000000000000040000000080000095
:10E40000008000800080000000800000000000000C
:10E41000000000000000000000000000000000807C
:10E42000000000000000000000C00000000000002C
:10E4300000000004000400880000000000880000C4
:10E44000000000000000000000000000008200004A
:10E4500000000000000000400000008800000000F4
:10E460000000000000C000000000000000000000EC
:10E4700000400000000000820000000000000010CA
:10E480000000000200080040000000100000000032
:10E49000000000000000000000000000000000007C
:10E4A0000008000000000000000000800041A103FF
:10E4B000014100218203020008000000000000006A
:10E4C00001008403400000000420000008008202D4
:10E4D00009000041001000030810000000A1000521
:10E4E000000002000008000000090000000300090D
:10E4F000A0000810C00300000090084000030000C6
:10E50000C00500880080000010020811080000000B
:10E5100000000011000300000000080000000000DF
:10E5200000000000000000000000000000102100BA
:10E530000200400000001110830000004100009024
:10E5400000A04000038280004188A185008880A04F
:10E550000900C0000300210108000003001008109A
:10E56000031021A085A0000000A008A000000890D2
:10E57000009008004100058408100304058500840C
:10E5800000000000001000100000830180900800CF
:10E590000000000000000900000000000000000072
:10E5A0000000000000000000000000000000030068
:10E5B000C1008300410009400800010082004000C2
:10E5C00090000400820008004000A00083000800C2
:10E5D00084000400C0008800C08000000100080022
:10E5E0000000A000080002000000C00020000000A1
:10E5F0000800A00082008240020000000800000025
:10E60000000000000000000000000000008000008A
:10E6100000000000000000000000000000000000FA
:10E6200000000000000000000000000000000000EA
:10E6300088000800020084008200800020000000A2
:10E64000830000000000000004000000040004003B
:10E650000000080008000010000000020000040094
:10E6600011000000000000008002000200000020F5
:10E670000000000000000000024000400010008880
:10E680000088000000000000002000900000004012
:10E690000000009000000000000000000088000062
:10E6A000000000000000000000000000000000006A
:10E6B00000000002C000C10805808200A00882801E
:10E6C000A0200484000001802004A04100030088F1
:10E6D0008200820208410803A090C011C003000814
:10E6E0000180084101410008828308410902A08895
:10E6F00008800003820408042108C080080020026A
:10E7000020002041020508030000A00200A108111A
:10E71000008800410005000000000000000000002B
:10E7200000000000000000000000000200000000E7
:10E7300000000000000100000209C01021A000013B
:10E74000084000098303080820088801098203A003
:10E75000082021A00502080000C0110400000800E4
:10E760000088400403A00200000000021108080114
:10E770000040004000002101001190010804080041
:10E7800089008000830080000800000041A121086A
:10E79000080003090000000009002100000000003B
:10E7A0000000000000000000000008000001000060
:10E7B000000000000000022005840400200020006A
:10E7C000C0020900000008004000100440090400D5
:10E7D0009000082004008441848500A10808A0114D
:10E7E0000021822002410402004140080011401132
:10E7F00040080240020000008408880890001010C1
:10E80000020040110000080408400909000040050A
:10E8100082100009080400020009000000400020E6
:10E8200000090000000000000000000000000000DF
:10E83000000000020000000000018840800080000D
:10E840000000000008000000009080008001080027
:10E85000002000000001000000000802000200008B
:10E8600000000200000000000000000000000000A6
:10E8700000000000842100000001000100010000F0
:10E88000800000000000000080000001C000400087
:10E890000000000100000000000100000000000175
:10E8A0000000000000000000000000000000000068
:10E8B0000000000000000000000040C10021002115
:10E8C000202002A0021008C0820000C10100100038
:10E8D000000010C005000200020282A085850885A4
:10E8E000C010C082008883C0020920010101040019
:10E8F000020001C021A0400008A000004111010455
:10E900000390028902A1002183A1909120890084B3
:10E91000A08810A0C001A10110012000000000008B
:10E9200000000000000000000000000000000000E7
:10E9300000000000000000000000000091C1001075
:10E9400041100040808091808000800000C140051F
:10E95000C00000002085C1210002809109A00203AF
:10E96000910200100009110904400082000208020F
:10E97000001180402180880080008000000091C14B
:10E98000092104030584C0C121054008004040C19D
:10E990001020009180028041900280050005000057
:10E9A0000000000000000000000000000000000067
:10E9B0000000000020000000000000000000000037
:10E9C0000020802080808000802000410000080519
:10E9D000100002039100208010000200C0904080CF
:10E9E00020218200C003C100020089108510A00010
:10E9F000880090004090C000C0001000108300000C
:10EA0000000041828311C189A020210390A000044D
:10EA100041802120A040204100800302C000C1416C
:10EA200000000020000000000000000000000000C6
:10EA300000000000000000000000000000000010C6
:10EA4000200090A00400C00488000400829182404D
:10EA5000010201000100C000100801000100C18393
:10EA600089100500A182084110884100A0010241DF
:10EA700008A08300A100211108400800850011C1F1
:10EA8000000020A0C0C0208905C109031101A01009
:10EA900010A102024001A02090018210A101A082D9
:10EAA00009A100000000002000000000000000009C
:10EAB0000000000000000000000000000000000056
:10EAC000000190900120410001C104408801100123
:10EAD00009C19091C000040100C0000000009091A5
:10EAE00000C00411000402048383C002018200916B
:10EAF0000211002040A008C1008410000010A000F6
:10EB000000C0000011880008C1A10991C088050853
:10EB1000020308A1C0050105019183C000900121F5
:10EB2000008301050000000000000000000000005C
:10EB300000000000000000000000000000000000D5
:10EB40000000000005030203822141C140040010BF
:10EB5000002091C18090C0108321209100022009E3
:10EB600084A1009100104005C105C1A000A0024091
:10EB70000921C08200840409852104040041008326
:10EB800080030084000041000083890591C10005D5
:10EB9000118511A1C00800900284052184890040DC
:10EBA0004003409010410000000000000000000001
:10EBB0000000000000000000000000000000000055
:10EBC00000000000000080110040000000008002F2
:10EBD00000A1008000009191000009800002A102C4
:10EBE000218089801010A1050920049004052100CE
:10EBF0001003020020402180418010001010850089
:10EC000010000480900800024191910303800040AD
:10EC100083C0C00085800500032121A00800842056
:10EC200089001185028083038005000080000000B8
:10EC300000000000000000000000000000000000D4
:10EC40000000000000000000C00020902040900064
:10EC5000C0012002200400009103000000400001D8
:10EC6000C182004002020101412004C04102C001F2
:10EC700001100110018201010104008200840001E1
:10EC8000C00400A0821003010000058821C0051007
:10EC9000040140A103A00240400082834009834058
:10ECA0000300C000C002A1020400C00082004000B6
:10ECB0002000000000000000000000000000000034
:10ECC00000000000000000000000000000840400BC
:10ECD000000A8400008821000021008200444300D3
:10ECE0005000008200004300420000000084000049
:10ECF0000006000000842100000000000000000069
:10ED000000000000000000000042000060000088D9
:10ED10000000484250000088000000000000000091
:10ED20000000000600000000000082120000000049
:10ED30000000000000000000000000000042000091
:10ED4000410000000000000000000000030000037C
:10ED50000000000000000050BEBEFFFF0000FFFFEB
:10ED600000003C3C0000F0F0000000FFF050FF55B8
:10ED70001C1C5F5F000000008A8ACFCF00000000EB
:10ED80001C5F1C5F3F3FF3F30000F0F00000240025
:10ED9000002402800820A8A8FCFC080A0C0F10140C
:10EDA0005055FFBFFFFFBFFFBEFF30F03CFFFDFD32
:10EDB000FFFF000000000000000000000000000055
:10EDC0000000000000000000000000000000000043
:10EDD00000000808101005000000FFFFEBEB00002A
:10EDE000FFFF00003C3C0000F0F000000055301038
:10EDF0003C14001C005F00000000008A00CF0000EF
:10EE0000000000001C5F3F3FF3F300000F0F000005
:10EE1000810000810140041000A800FC28AA3CFFEA
:10EE2000303CF0FFFFFFFFBFFFFFFFFF20A03CFFD4
:10EE3000FFFF00FF000000000000000000000000D5
:10EE40000010008100000000000000000000000031
:10EE5000000000C000000000F050FF55FFFF3C3CE8
:10EE6000FFFF0000FFFF00003C3C00003C3C0000B6
:10EE70007F7F0F0FFF555F55AA0AFF0FFF00550058
:10EE8000000000007D557D55FFFFFFFF041001408D
:10EE900000000690000006009000CFFF0F0FFF5506
:10EEA0005F550F0305013F153F1500000000550099
:10EEB000140000000000000000000000000000003E
:10EEC00000000000402000000000000000000000E2
:10EED00000000003000002000100F0F0FFFFFFAFA0
:10EEE0003C2C00000000000000003C3C00002828F2
:10EEF00000007F0F0F0F7D555D5528083C0CFC006E
:10EF00005400000000000D050000FF3C3CFF0820FD
:10EF10000280000000000690000600904F5F0F0F77
:10EF20007D555D550F0F05053F15000000000000E1
:10EF30005500040000000000000000000000000078
:10EF400000000000000000000000000000000000C1
:10EF500000000000A5795A4F159D00A5A061008E04
:10EF6000809900A1036700B7200F920000E30036EC
:10EF70000C0DC2C000610007000D00000061000F11
:10EF8000000D00A000610006000D0001A061500608
:10EF900000AD9000000000000081800008000061CA
:10EFA0004087800D000080610006009D0000A06188
:10EFB0000006000D0000A00000000000000000009E
:10EFC0000000000000000000000000000000000041
:10EFD00000000000000000000000FFF3F3FF00004D
:10EFE0000000FFFF0F00FFFFFAFA2838AAFAFF5FC0
:10EFF000FF003CFE3CFEFF3F0F0F38FA0000FF3CD5
:10F000000000003C00FFFF3F3C3C00BEFFFFFFFF55
:10F01000DFCF303CFFFF0000F5055F5FAFAF0AFABE
:10F02000041008200022FFFF808000003CBE3CFF4F
:10F03000FDFDFCFCFFFFFFFF0000000000000000E2
:10F0400000000000000000000000010900000000B6
:10F05000000000001000000000000000FFF3F3FFBC
:10F06000000000007DFF0F00FFFFFAFA0000AAFA7F
:10F07000FF1CFF003C3C3CFE5F1F0F0F38FA38FAC4
:10F08000AF2C0000003800FA7D3D3C3C00B0FFFF93
:10F090005F005F002028FFFF0000F5055050A0A092
:10F0A0000AFA0140028000220022820000003CBCDB
:10F0B0003CFCFDFDFC00FFFEFFFD00000000000029
:10F0C0000000000000000000000000000000000040
:10F0D00000000000000000008000000000000000B0
:10F0E00000000000000000000000FFFF55FF1C5F53
:10F0F0001C5FC3FF4155F0C0FFC3FAFAFA003C0C95
:10F10000FF0F2A2A3F3FBEBE0E0E005F5F5F8A8A56
:10F11000CFCF00000000AA0AFF0F0000FC0C3F3F09
:10F12000FFAAAAF01040FF00C030C0300202FFFF6B
:10F13000FCFCFC00FFFFFFFDFFFAFFF500000000F4
:10F14000000000000000000000000000008000003F
:10F150000000000000020000000000000010000499
:10F16000000000000000000000000000AAFFFFFFF8
:10F1700000001C5F030F0105A080AA823838380008
:10F180002808AA0A2A003F0000BE000E001C1C1C12
:10F19000008A00CF0000000028083C0C0000FC0C96
:10F1A000303000AAAAF00000FFFF000000000202B9
:10F1B0007DFFA8A8A800FFFDFFFFFFFAFFF50000F4
:10F1C000000000000000000000000000000002003D
:10F1D00000000000004000000000000000000000EF
:10F1E0008400200084008400000088008400040063
:10F1F00002008800201084000200880082000400C1
:10F20000880020002000040088008400000088009E
:10F210002000040020090400042004002000000055
:10F22000200000000020200000002000040000005A
:10F2300000000000000000000000000000000000CE
:10F2400000000000000000000000000000000000BE
:10F2500000000000000000000000000000000000AE
:10F26000000000000000000005000500050005008A
:10F270000000000000000000050004000000000085
:10F280000000040005000000000000002000000055
:10F290000000000000000000050000002000000049
:10F2A0000000002000000400000000000000090031
:10F2B000000000000000000000000000000000004E
:10F2C000000000000000000000000000000000003E
:10F2D000000000000000000000000000000000002E
:10F2E000000000000000000000000000000000001E
:10F2F000000000000000000000000000000000000E
:10F3000000000000000000000000000000000000FD
:10F3100000000000000000000000000000000000ED
:10F3200000000000000000000000000000000000DD
:10F3300000000000000000000000000000000000CD
:10F3400000000000000000000000000000000000BD
:10F3500000000000000000000000000000000000AD
:10F36000000000000000000000000000000000009D
:10F37000000000000000000000000000000000008D
:10F38000001000000000000000000000000000006D
:10F39000000000000000000000000000000000105D
:10F3A00000000000000000200000000000880000B5
:10F3B000000000100000000000000000000000003D
:10F3C000000000000000000000000000000000003D
:10F3D00000000000000000000000000000400000ED
:10F3E0000000000000000000820000000000A000FB
:10F3F0008200A000C00000000000A000A000A00546
:10F400000000000000000000A00082000000A0003A
:10F41000A000820000000000000082000000A000A8
:10F420000000000082000000820000000800A00030
:10F43000A0000000820000008200C0000800000060
:10F4400000030000000000008200004100000000F6
:10F450000000000000000000000000000000A0000C
:10F460000000000000000000000021002100210039
:10F4700000000000000010000300210003840000D1
:10F4800008000808210000840300000000000000BC
:10F490000810000000102100088400C000000010C7
:10F4A00003000000001000C0000008C021C003C01D
:10F4B000080003A003004100030008C008A000C02A
:10F4C000030000C008000800000021000000000048
:10F4D0000000000000000000030000000000000029
:10F4E000000000000000000000009000000040004C
:10F4F000200000000000020004004000080090000E
:10F5000020000000C000080000004000000088004B
:10F510000000900020000000080008000000020029
:10F520000000040008000200880000000400000041
:10F530000000020000000000000040000400000085
:10F5400000000000000000000000080000000000B3
:10F5500000000000000000000800000000000000A3
:10F56000000000000000000000000000000000009B
:10F57000000000000000000000000000000000008B
:10F58000000000000000000000000000000000007B
:10F59000000000000000000000000000000000006B
:10F5A000000000000000000000000000000000005B
:10F5B000000000000000000000000000000000004B
:10F5C000000000000000000000000000000000003B
:10F5D000000000000000000000000000000000002B
:10F5E0000000000000000000000000000000A0007B
:10F5F0000000C000820000000000000008000000C1
:10F600000000C0000000000000000000000000003A
:10F6100008008200000000000000000000008200DE
:10F6200000000000000008000000000000000000D2
:10F63000000000000000C000000000008200000088
:10F640000000000000000000000000000000A0001A
:10F6500000000000C00000100000080000000100D1
:10F66000000000000000000000000000000000009A
:10F67000080008000000210040A04184008403002D
:10F68000210008000084030008840000211003C04A
:10F69000000821C000000308410041002108008447
:10F6A00000C02184088400000010030021104100E4
:10F6B000000003000888000421000884008408007A
:10F6C00000C0000021000800210808000800080010
:10F6D0000300080000000000080000000000000017
:10F6E0001000000000000000000000000000030007
:10F6F0000000040000008800000040009000C000EE
:10F700004000040000118202000000008800001088
:10F71000000004098200040088020000400000008C
:10F7200000000800000008000002004090090040AE
:10F7300004000000040000000000000000000400BD
:10F740000000400000090009000008000800000057
:10F7500000000000000000000000000000000000A9
:10F760000000820000000000000000000000000017
:10F770000000000000000000000000000000000089
:10F780000000000000000000000000000000000079
:10F790000000000000000000000000000000000069
:10F7A0000000000000000000000000000000000059
:10F7B0000000000000000000000008000000000041
:10F7C0000000000000000000000000000000000039
:10F7D0000000000000000000000000000000000029
:10F7E0000000000000000000000000000000000019
:10F7F0000000000000000000000000000000000009
:10F8000000000000000000000000000000000000F8
:10F8100000000000000000000000000000000000E8
:10F8200000000000000000000000000000000000D8
:10F8300000000000000000000000000000000000C8
:10F8400000000000000000000000000000000000B8
:10F8500000000000000000000000000000000000A8
:10F860000000000000000000000000000000000098
:10F870000000000000000000000000000000000088
:10F880000000000000000000000000000000000078
:10F890000000000000000000000000000000000068
:10F8A0000000000000000000000000000000000058
:10F8B0000000000000000000000000000000000048
:10F8C0000000000000000000000000000000000038
:10F8D0000000000000000000000000000000000028
:10F8E0000000000000000000000000000000000018
:10F8F0000000000000000000000000000000000008
:10F9000000000000000000000000000000000000F7
:10F9100000000000000000000000000000000000E7
:10F9200000000000000000000000000000000000D7
:10F9300000000000000000000000000000000000C7
:10F9400000000000000000000000000000000000B7
:10F9500000000000000000000000000000000000A7
:10F960000000000000000000000000000000000097
:10F970000000000000000000000000000000000087
:10F980000000000000000000000000000000000077
:10F990000000000000000000000000000000000067
:10F9A0000000000000000000000000000000000057
:10F9B0000000000000000000000000000000000047
:10F9C0000000000000000000000000000000000037
:10F9D0000000000000000000000000000000000027
:10F9E0000000000000000000000000000000000017
:10F9F0000000000000000000000000000000000007
:10FA000000000000000000000000000000000000F6
:10FA100000000000000000000000000000000000E6
:10FA200000000000000000000000000000000000D6
:10FA300000000000000000000000000000000000C6
:10FA400000000000000000000000000000000000B6
:10FA500000000000000000000000000000000000A6
:10FA60000000000000000000000000000000000096
:10FA70000000000000000000000000000000000086
:10FA80000000000000000000000000000000000076
:10FA90000000000000000000000000000000000066
:10FAA0000000000000000000000000000000000056
:10FAB0000000000000000000000000000000000046
:10FAC0000000000000000000000000000000000036
:10FAD0000000000000000000000000000000000026
:10FAE0000000000000000000000000000000000016
:10FAF0000300000000000000000000000000000003
:10FB000000000000000000000000000000000000F5
:10FB100000000000000000000000000000000000E5
:10FB200000000000000000000000000000000000D5
:10FB300000000000000000000000000000000000C5
:10FB400000000002000000000000000000000000B3
:10FB500000000000000000000000000000000000A5
:10FB60000000000000000000000000000000000095
:10FB70000000000000000000000000000000000085
:10FB80000000000000000000000000000000000075
:10FB90000000000000000000000000000000000065
:10FBA0000000000000000000000000000000000055
:10FBB0000000000000000000000000000000000045
:10FBC0000000000000000000000000000000000035
:10FBD0000000000000000000000000000000000025
:10FBE0000000000000000000000000000000000015
:10FBF0000000000000000000000000000000000005
:10FC000000000000000000000000000000000000F4
:10FC100000000000000000000000000000000000E4
:10FC200000000000000000000000000000000000D4
:10FC300000000000000000000000000000000000C4
:10FC400000000000000000000000000000000000B4
:10FC500000000000000000000000000000000000A4
:10FC60000000000000000000000000000000000094
:10FC70006000000000000021000000000000000003
:10FC80000000000000000000000000000000000074
:10FC90000000000000000000000000000000000064
:10FCA0000000000000000000000000000000000054
:10FCB0000000000000000000000000000000000044
:10FCC0000000000000000000000000000000000034
:10FCD0000000000000000000000000000000000024
:10FCE0000000000000000000000000000000000014
:10FCF0000000000000000000000000000000000004
:10FD000000000000000000000000000000000000F3
:10FD100000000000000000000000000000000000E3
:10FD200000000000000000000000000000000000D3
:10FD300000000000000000000000000000000000C3
:10FD400000000000000000000000000000000000B3
:10FD500000000000000000000000000000000000A3
:10FD60000000000000000000000000000000000093
:10FD700000000000000000001401800000000000EE
:10FD8000000000000008000000000000000000006B
:10FD90000000000000000000000000000000000063
:10FDA0000000000000000000000000000000000053
:10FDB0000000000000000000000000000000000043
:10FDC0000000000000000000000000000000000033
:10FDD0000000000000000000000000000000000023
:10FDE0000000000000000000000000000000000013
:10FDF0000000000000000200000000000000000001
:10FE000000000000000000000000000000000000F2
:10FE100000000000000000000000000000000000E2
:10FE200000000000000000000000000000000000D2
:10FE300000000000000000000000000000000000C2
:10FE400000000000000000000000000000000000B2
:10FE500000000000000000000000000000000000A2
:10FE60000000000000000000000000000000000092
:10FE7000000000000000000000000000100400006E
:10FE80000000000000000000000000000000000072
:10FE90000000000000000000000000000000000062
:10FEA0000000000000000000000000000000000052
:10FEB0000000000000000000000000000000000042
:10FEC0000000000000000000000000000000000032
:10FED0000000000000000000000000000000000022
:10FEE0000000000000000000000000000000000012
:10FEF0000000000000000000000000000000000002
:10FF000000000000000000000000000000000000F1
:10FF100000000000000000000000000000000000E1
:10FF200000000000000000000000000000000000D1
:10FF300000000000000000000000000000000000C1
:10FF400000000000000000000000000000000000B1
:10FF500000000000000000000000000000000000A1
:10FF60000000000000000000000000000000000091
:10FF70000000000000000000000000000000000081
:10FF80000000000000000000000000000000000071
:10FF90000000000000000000000000000000000061
:10FFA0000000000000000000000000000000000051
:10FFB0000000000000000000000000000000000041
:10FFC0000000000000000000000000000000000031
:10FFD0000000000000000000000000000000000021
:10FFE0000000000000000000000000000000000011
:10FFF0000000000000000000000000000000000001
:020000040001F9
:1000000000040000000000000000000000000000EC
:1000100000000000000000000000000000000000E0
:1000200000000000000000000000000000000000D0
:1000300000000000000000000000000000000000C0
:1000400000000000000000000000000000000000B0
:1000500000000000000000000000000000000000A0
:100060000000000000000000000000000000000090
:100070000000000000000000000000000000000080
:100080000000000000000000000000000000000070
:100090000000000000000000000000000000000060
:1000A0000000000000000000000000000000000050
:1000B0000000000000000000000000000000000040
:1000C0000000000000000000000000000000000030
:1000D0000000000000000000000000000000000020
:1000E0000000000000000000000000000000000010
:1000F0000000000000000000000000000000000000
:1001000000000000008180000000000000000000EE
:1001100000000000000000000000FFFFFFFFFFFFE5
:10012000FFFFFFFFFFFFFFFFFFFFFFFFFFFFFFFFDF
:10013000FFFFFFFFFFFFFFFFFFFFFFFFFFFFFFFFCF
:10014000FFFFFFFFFFFFFFFFFFFFFFFFFFFFFFFFBF
:10015000FFFFFFFFFFFFFFFFFFFFFFFFFFFFFFFFAF
:10016000FFFFFFFFFFFFFFFFFFFFFFFFFFFFFFFF9F
:10017000FFFFFFFFFFFFFFFFFFFFFFFFFFFFFFFF8F
:10018000FFFFFFFFFFFFFFFFFFFFFFFFFFFFFFFF7F
:10019000FFFFFFFFFFFFFFFFFFFFFFFFFFFFFFFF6F
:1001A000FFFFFFFFFFFFFFFFFFFFFFFFFFFFFFFF5F
:1001B000FFFFFFFFFFFFFFFFFFFFFFFFFFFFFFFF4F
:1001C000FFFFFFFFFFFFFFFFFFFFFFFFFFFFFFFF3F
:1001D000FFFFFFFFFFFFFFFFFFFFFFFFFFFFFFFF2F
:1001E000FFFFFFFFFFFFFFFFFFFFFFFFFFFFFFFF1F
:1001F000FFFFFFFFFFFFFFFFFFFFFFFFFFFFFFFF0F
:10020000FFFFFFFFFFFFFFFFFFFFFFFFFFFFFFFFFE
:10021000FFFFFFFFFFFFFFFFFFFFFFFFFFFF0000EC
:1002200000000000000000000000000000000000CE
:1002300000000000000000000000000000000000BE
:1002400000000000000000000000000000000000AE
:10025000000000000000000000000000000000009E
:10026000000800000008000000000000000000007E
:10027000000000000000000000000000000000007E
:10028000000000000000000000000000000000006E
:10029000000000000000000000000000000000005E
:1002A000000000000000000000000000000000004E
:1002B000000000000000000000000000000000003E
:1002C000000000000000000000000000000000002E
:1002D000000000000000000000000000000000001E
:1002E000000000000080000000000000000000008E
:1002F00000000000000000000000000000000000FE
:1003000000000000000000000000000000000000ED
:1003100000000000000000000000000000000000DD
:1003200000000000000000000000000000000000CD
:1003300000000000000000000000000000000000BD
:1003400000000000000000000000000000000000AD
:10035000000000000000000000000000000000009D
:10036000000000000104000009040000000000007B
:10037000000000000000000000000000000000007D
:10038000000000000000000000000000000000006D
:10039000000000000000000000000000000000005D
:1003A000000000000000000000000000000000004D
:1003B000000000000000000000000000000000003D
:1003C000000000000000000000000000000000002D
:1003D000000000000000000000000000000000001D
:1003E000000000000000000000000081000000008C
:1003F00000000000000000000000000000000000FD
:1004000000000000000000000000000000000000EC
:1004100000000000000000000000000000000000DC
:100420000000000000000400200000002000000088
:10043000000000000000200000000000A0000000FC
:10044000000000002000200020000000200000002C
:10045000000000004000200000000000A000880014
:100460000000000020000000200000000000C0008C
:100470008800400000002000200040000000000034
:1004800000000000000010002000400000002000DC
:10049000200020000000200020002000C0004000BC
:1004A00040000000000020000000000000000000EC
:1004B000000000000000000000000000000000003C
:1004C000000000000000000000000000000000002C
:1004D000000000000000000000000000000000C05C
:1004E000000000000000000000000000000000000C
:1004F00000000000000000000000000000000000FC
:10050000000000000000000080000000000000006B
:1005100000000000000000000000000000000000DB
:1005200000000000000000000000200000000000AB
:100530004100200000000000100800000000000042
:100540008200000000000000000000000000000029
:10055000000000000000000000000000000000009B
:10056000000000000000000000000000000000008B
:1005700000008800000000000000000000000000F3
:100580000000000011000000000040080000000012
:10059000000000000000000000000000110000004A
:1005A0000000100200000000000000008000410078
:1005B0000000908280000000000080010000000820
:1005C000000000000000000000000000000000002B
:1005D00000000000000000004000000000000008D3
:1005E00000000000000041000000000000000000CA
:1005F00000000000000800000000000000000000F3
:10060000000840000000A000000000008001000081
:100610004000000000840000000000000000A00076
:1006200009900000800100000000000000000000B0
:1006300000000000000000000000000000000000BA
:10064000000000000021000000000000A0050000E4
:100650000000000000080000000000000000000092
:10066000000000000000000000000000000000008A
:10067000000000000000000000000000000000007A
:10068000000000000000000000000000000000006A
:10069000000000000000000000000000000000005A
:1006A0000000000000000009000000000000000041
:1006B000000000000000000000000000000000003A
:1006C000000000000000000000000000000000002A
:1006D000000000000000000000000000000000001A
:1006E000000000000000000000000000000000000A
:1006F00000000000000000000000000000000000FA
:1007000000000000000000000000000000000000E9
:1007100000000000000000000000000000000000D9
:1007200000000000000000000000000000000000C9
:1007300000000000000000000000000000000000B9
:1007400000000000000000000000A0000000000009
:100750000000000000000000000082000000000017
:100760000000000000000000084010000000000031
:100770000000000000000000000000000011000068
:1007800010008400000000000000000000000000D5
:10079000000008000000C0000000C00008000000C9
:1007A00000000000000000000000890000000000C0
:1007B0000000000000000000000000000200000037
:1007C0000000000000000000000000000000000029
:1007D00000000000000000000000410009000000CF
:1007E00000000000000000000000100000000000F9
:1007F00010001000000000000000000000001000C9
:1008000000000000000000002100050008000000BA
:1008100021000300050000000000000000000000AF
:100820000000100000002000000000004000000058
:1008300000001000000008008400000000400011CB
:100840008800000000000000000000000005040017
:10085000000000000009000000000000000000008F
:10086000000000200000000900000000000000005F
:1008700000009000000000030000000000000800DD
:100880000200A000C0000000C000C0000011000075
:100890000800000088000000000000000000840044
:1008A00000000000000000000000000084000000C4
:1008B00000000000000000000000000000000084B4
:1008C0000082000000000000008200000000000024
:1008D0000084000000000000000000000000000094
:1008E0000000008800001000000000000000000070
:1008F0000090000000000000000000004100000027
:100900000000000000840000210011000000000031
:1009100000000000000000000000000000000000D7
:100920000000000000000000000000000000400087
:1009300000000000000000000000000000000000B7
:1009400000000000000000000009C00000000000DE
:1009500090210000000000000040000500000000A1
:10096000000300090000000000000000000000007B
:1009700000001000000000009000000000000800CF
:100980008800A00000001000A0000000000010116E
:100990000000C00000000000000000000000000097
:1009A0000000002108000000C000820000000000DC
:1009B0000000000000000000000000000000000037
:1009C000008810001000000000000000000000007F
:1009D00000000000000010000000110000000000F6
:1009E0000000000000000082000005000000100070
:1009F00000200500100000000000000000002100A1
:100A000000000000100000880000000008821000B4
:100A100000002100100400000000000000000000A1
:100A2000000000000000000000004100080021005C
:100A3000050021001000030041000000000000003C
:100A400000000000000000000000000000000000A6
:100A50000000000000000000000000000000000096
:100A60000000000000000000000000000000000086
:100A70000000000000000000000000000000000076
:100A80000000000000000000000000000000000066
:100A9000000000000000000000000000010008004D
:100AA0000000000000000000000000000000000046
:100AB000000000000000C100000000000000000075
:100AC0000000000000000200030000000000090018
:100AD0000000000000000000000000000000000016
:100AE0000000000000000000000000000000000006
:100AF00000000000000000000000000000000000F6
:100B000000000000000000000000000000000000E5
:100B100000000000000000000000000000001000C5
:100B20008905000000000000000000000000000037
:100B300000000000000000000800000000000000AD
:100B400000000000000000000003000000000000A2
:100B50000003000000000000000000000000000092
:100B60000000000000000000000000000000000085
:100B70000000000000000000000000000000000075
:100B80000000000000000000000000000000000065
:100B900000000000000000000000000080000000D5
:100BA0000000000300000000000000000000000042
:100BB0000000000000000000000000050000000030
:100BC0000000000000000000000000000000000025
:100BD0000000000000000000000000000000000015
:100BE0000000000000000000000000000000000005
:100BF00000000000000000000000000000000000F5
:100C000000000000000000000000000000000000E4
:100C100000000000000000000000000000000200D2
:100C200000000000000000000000000000000000C4
:100C300000000000000000000000000000000000B4
:100C40000000000000000000000000008200000022
:100C50000000000002000000000000000000000092
:100C60000000000000000000000000000000000084
:100C70000000000000000000000000000000000074
:100C80000000000000000000000000000000000064
:100C90000000000000000000000000000000000054
:100CA0000000000090004000000000000000000074
:100CB00000000000000000000000000000004000F4
:100CC00000000000000000000000000000008000A4
:100CD0000000000000000000000000000000000014
:100CE0000000000000000000000000000000000004
:100CF00000000000000000000000000000000000F4
:100D000000000000000000000000000000000000E3
:100D100000000000000000000000000000000000D3
:100D200000000000000000000000000000000000C3
:100D300000000000000000000000000000000000B3
:100D40000000000000000000000000200011000072
:100D50000000000000000000000000000000000093
:100D60000000000000000000000000000000000083
:100D70000000000000000000000000000000000073
:100D80000000000000000000000000020000000061
:100D90000000000000000000000000000000000053
:100DA0000000000000000000000000000000000043
:100DB00000000000000000000000000000400000F3
:100DC0000000000000000000000000000000000023
:100DD0000000000000000000000000000000000013
:100DE0000000000000000000000000000000000003
:100DF00000000000000000000000000000000000F3
:100E000000000000000000000000000000000000E2
:100E100000000000000000000000000000000000D2
:100E200000000000000000000000000000000000C2
:100E300000000000000000000000000000000000B2
:100E40000000000000000000000000000000008121
:100E500000004100000000410000410000000000CF
:100E60000000000000000000000000000000000082
:100E70000000000000000000000000000000000072
:100E80000000000000000000000000000000000062
:100E90000000000000000000000000000000000052
:100EA00000000000000000008400008841000000F5
:100EB0000000000000000000000000000000000032
:100EC0008181008841000000000000000000000057
:100ED0000000000000000000000000000000000012
:100EE0000000000000000000000000000000000002
:100EF00000000000000000000000000000000000F2
:100F000000000000000000000000000000000000E1
:100F100000000000000000000000000000000000D1
:100F200000000000000000000000000000000000C1
:100F300000000000000000000000000000000000B1
:100F400000000000000000000000000000000000A1
:100F5000000000100081000000000010008100006F
:100F60000000000000000000000000000000000081
:100F70000000000000000000000000000000000071
:100F80000000000000000000000000000000000061
:100F90000000000000000000000000000000000051
:100FA000000000000000000000000000401004915C
:100FB0000001000000000000000000000000000030
:100FC000000000004010048100010000000000004B
:100FD00000000000020000000000004002000000CD
:100FE0000000000000000000000000000000000001
:100FF00000000000000000000000000000000000F1
:1010000000000000000000000000000000000000E0
:1010100000000000000000000000000000000000D0
:1010200000000000000000000000000000000200BE
:101030000000000000400000000000000000000070
:10104000000000000000020000000000004000005E
:1010500000000000000000004060000000000000F0
:1010600040600000000000000000000000000000E0
:101070000000000000000000000000000000000070
:101080000000000000000000000000000000000060
:101090000000000000000000000000000000000050
:1010A0000000000000000000000000000000000040
:1010B0000000406006020000000000000000000088
:1010C000000000000000000000004060040200007A
:1010D0000000000000000000000000000000000010
:1010E0000000000000000000000000000000000000
:1010F00000000000000000000000000000000000F0
:1011000000000000000000000000000000000000DF
:1011100000000000000000000000000000000000CF
:1011200000000000000000000000000000000000BF
:1011300000000000000000000000000000000000AF
:10114000000000000000000000000000000000009F
:10115000000000000000000000000000000000008F
:10116000000000000000000000000000000000007F
:10117000000000000000000000000000000000006F
:10118000000000000000000000000000000000005F
:10119000000000000000000000000000000000004F
:1011A000000000000000000000000000000000003F
:1011B000000000000000000000000000000000002F
:1011C000000000000000000000000000000000001F
:1011D000000000000000000000000000000000000F
:1011E00000008002000000000000800200000000FB
:1011F00000000000000000000000000000000000EF
:1012000000000000000000000000000000000000DE
:1012100000000000000000000000000000000000CE
:1012200000000000000000000000000000000000BE
:101230000000000000000000000400088002000020
:10124000000000000000000000000000000000009E
:10125000000000008002000000000000000000828A
:1012600002000000000000820200000000000000F8
:10127000000000000000000000000000000000006E
:10128000000000000000000000000000000000005E
:10129000000000000000000000000000000000004E
:1012A000000000000000000000000000000000003E
:1012B0000000000000000000008202000040410029
:1012C000000000000000000000000000000000001E
:1012D0000082020000000100000000000000000089
:1012E00000000109100000000000010110000000D2
:1012F00000000000000000000000000000000000EE
:1013000000000000000000000000000000000000DD
:1013100000000000000000000000000000000000CD
:1013200000000000000000000000000000000000BD
:10133000000000000000000000000000090990000B
:10134000000000000000000000000000000000009D
:10135000000000000909100000000000000000006B
:101360000000100010004000C000200040004000BD
:1013700088002000200020000000200000008800DD
:101380000000000020000100C0002000200020001C
:1013900040002000C0000000C0002000400000000D
:1013A0008400000040002000840040002000200055
:1013B0002000000020008800400040002000A00025
:1013C0001000840002000200200020002000200005
:1013D00088004000880040008800200020000000B5
:1013E000C00040000000800000000000000000007D
:1013F00000000000000000000000000000000000ED
:10140000000000000000000040000000000000009C
:10141000000000000000000000000040000000008C
:10142000000000000000000000000000800000003C
:1014300000000000000000000000000000000000AC
:10144000000000000000800080000000000000009C
:10145000000000000000000000000000000000008C
:1014600000000000000000000000000000800004F8
:10147000000000000000002100000000000000004B
:101480000000200000000100000000000000000437
:1014900000400000880000400004000001800000BF
:1014A0000000000084000000000000400000001068
:1014B0000000000000000000008000800000888024
:1014C0000000000000000080000001000000000299
:1014D00000000040001000004040004000100010DC
:1014E00000880080000000804100000040000002F1
:1014F000000200000004400400000008400000005A
:10150000000440000008000010000000000040003F
:101510000900400900002008000100820008401076
:10152000000200004008000000030000000100006D
:1015300041010000000800004008002000200004D5
:101540000920000200000008410400001000000013
:101550000501000040090001090820010001000107
:101560004001004000400908001000050000002173
:1015700000210021000800210000000200000008F6
:10158000A002002100110002002100020000004022
:10159000000000050003000000050000000000102E
:1015A000000400050000000000000000000400111D
:1015B00000000009000300000104002000040000F6
:1015C00000001021000300000000010900000000DD
:1015D0000000000500400000000000102000000096
:1015E00000000000000000000000000800000000F3
:1015F00000000000000000000000000800000000E3
:1016000000000001000000000000000000000000D9
:10161000000104000000000000002000020008009B
:1016200000010001000000000000100000000000A8
:10163000000000001000000000002000000000007A
:1016400000000000830000000000000020000000F7
:101650000000000000000001100008000001000070
:101660000000000000000000000041000000000039
:1016700000800080088082400000A0800000000000
:10168000000084000800C0A1000082002000028049
:10169000020000000800820410048884C000C10019
:1016A00000044080C0808280828000800080000032
:1016B0008280C000C08408008540204010100810BF
:1016C000850021092000210001000000C000090060
:1016D0008200080040800200C000C000A000C000DE
:1016E0001000080000001000C002000000000809FF
:1016F000008200400502211010010800101003882C
:101700004100000010000300004021001000000014
:101710008840850000000084100100850011080049
:101720002000100990040004004010400010001038
:10173000000000400082001100842001C1018001EE
:10174000008304008200800084A002A0000000004A
:1017500020A00882210000408500108200000800BF
:1017600000000000000041001000030041000800DC
:1017700010001011000000040021822184021009D1
:10178000C0100000C0000400000000028440A0401F
:101790008840C004000084008200A0031000C00440
:1017A00040200008208040000008840000009021B4
:1017B0004008000290210000842040002021000009
:1017C0000811200584100400C12084050003A00036
:1017D0004000A020C000A000C0042005A0202000E0
:1017E000080082050000C0000800840320000000FB
:1017F00082109000000000000000000004000000C3
:1018000000000001000000000000000000080001CE
:1018100000010001000000000000000000000000C6
:101820000020000000008002800000000400000092
:101830000020800000000000000000008000808880
:101840000000000080000001800010010000000086
:101850000500000000000000000000000000000083
:1018600000000000000000A00000000000000000D8
:1018700000000001000001210000A10388050021F3
:1018800000A10000A0210000080008050000008061
:10189000000082090000C0000040A02100408480B8
:1018A000C00082110910A005A0C020800005A1057C
:1018B000A0020802010500000105C000A009900572
:1018C00089038280900984A1200208000000080595
:1018D0001000090083008304C0000000080000001D
:1018E0000000C000900000210009820000020005F5
:1018F0000000080084009005020003000888000032
:1019000000000040008402000000000000001008F9
:10191000000241840884000000000001080000016A
:10192000004000000800200103880303880800002D
:1019300010080001100110A000001000000041007C
:10194000080010A0090800000808908241821100D8
:10195000000003080208020002090008020841080A
:1019600010082184000041884100000000000800A8
:1019700003404100410008004002C1C004C090047F
:101980001008C1C020C000049002000000008800C0
:10199000000000000088000800009088000800880F
:1019A0009088C0C008C000400208C1C102C009043C
:1019B0000209C0C041C0080840080000C1C041C0C1
:1019C000A0044008C0C140C02004020301018900F6
:1019D0000100000100400000018200020040882058
:1019E00082104004C0C010C001080208C1C040C03D
:1019F0000082020840C008C000204008908080801B
:101A00000080A08085800080008000001000210000
:101A1000000000004000000000000009000000007D
:101A200009000000918000802000808082C1088031
:101A30002083808891801080C00000800000888012
:101A400090802080008090C100A111808008114109
:101A5000C121090500084000000008000080118035
:101A60009100C1800080C180008020008080838040
:101A7000808000008080888080800000008040009E
:101A800009C1889188808000000280808000200049
:101A9000200088009100000000100080000002007B
:101AA0000080030041000008808280A08000900038
:101AB000909188898808828080828580C109000091
:101AC000900080919190C100118082919190C10508
:101AD00011000508110041858000004000800000D1
:101AE0000000801000408000000080A080A08000E6
:101AF000000080A080908000000000C180C18000B4
:101B000088001082C0C0C04010008890C0C0C0A033
:101B100088000200030002009000089002400820A4
:101B2000900008020000012020000282C0C1C08293
:101B300005900582C0C0C10904020482C0C0C11161
:101B4000000004000482C1C1C1A008400482C1C1D8
:101B5000C120200288C09108A18204008882204010
:101B60004082000002830000048220000283C0C182
:101B7000C02020000483C0C1C0A020004083C0C199
:101B8000C0080902002040C0C0C10240002088C037
:101B9000C0C0000000010201000040400000208899
:101BA000880090080010400082820820082000C0B1
:101BB000C1C00805080501C1C1C00804000400C077
:101BC000C0C000010804000400C0C0C11009000426
:101BD00001C1C1C10000000040010101000200027A
:101BE0000800C00002020020822002059020002090
:101BF00000C0C0C041200004A0C0C0C0C12000403F
:101C0000C0C0C0C088410088008880C108800080B2
:101C100000808080001100090021001120000000D8
:101C2000000000001100008000008080C0000080E3
:101C300000809080829090900988C085C0A000911B
:101C400000A08091000188A0008800838082C0905D
:101C500021A1098591C10503111180051141088059
:101C600000800000801085880008000080C1090005
:101C7000008000808080A000008000808080A00024
:101C80000000808080808090808380A080208008F9
:101C90008088800800800080008000000020000014
:101CA0000080000000008080000800000002800327
:101CB000808380A08080900388A190C08505C18327
:101CC00080A1200289090001808080C080098002F3
:101CD000C102918380880200C10911400080030283
:101CE0000000000380000000000000800080000071
:101CF0008003809080888080804080A10085800063
:101D00008000808500208000C040C0C0041008888A
:101D1000C001C0C104900202004000100010000188
:101D2000880008100010880010881089001000003A
:101D3000C000C0C004020802C108C0C005020802F9
:101D4000C188C0C0914008400001C088C0C00440A4
:101D50000888C190C1C00402024011012188080214
:101D6000900000008808822040004000001000041D
:101D70000000C000C0C108020802C000C0C090023C
:101D80000888C000C040104008A000000000830088
:101D900048420000000083004842000000000000AC
:101DA00000000000000000000000000000C1000072
:101DB0000000000000C183004842000000C1830011
:101DC0004842000000C1830048420000000000C1FA
:101DD00083004842000000C183004842000000C167
:101DE000830041000000008800000006000000C1E0
:101DF00000000000000000008300484200000000D6
:101E000083004842000000008300604200000000A0
:101E100000000000000000000000000000000000C2
:101E2000000000002400DBFFC33CC33CFF0000FFB8
:101E30009696171700000000000000000000000048
:101E40000000000000000000000000000000000092
:101E50000000000000000000000000000000000181
:101E600000000000000020DF20DFCCCCCCCCFFFF46
:101E700000000F0FF0330000000000000000000021
:101E80000000000000000000000000000000000052
:101E90000000000000000000000000000000000042
:101EA000000000000000DBFF2400C33CC33CFF0037
:101EB00000FF6969E8E80000000000000000000081
:101EC0000000000000000000000000000000000012
:101ED0000000000000000000000000000000000002
:101EE0000000000000000000DF20DF20CCCCCCCCC4
:101EF0000000FFFFF0F00FCC000000000000000029
:101F000000000000000000000000000000000000D1
:101F1000431020000088110643102000008811069D
:101F200000000000000000000000000000000000B1
:101F3000000000000000000043102000008811068F
:101F4000431020000088110643102000008811066D
:101F50000000431020000088110643102000008874
:101F6000110600000000000000000000000000005A
:101F70000000000000000000000043102000008866
:101F8000110643102000008811064310200000882D
:101F9000110600000000000000000000000000002A
:101FA0000000000000009696968E966996693CC3E4
:101FB0003CC3CCCC333353535353000000000000D8
:101FC0000000000000000000000000000000000011
:101FD0000000000000000000000000000000000001
:101FE000000000000000000099669566D4D4AAAAFB
:101FF00053C33CC399A5665A6F6F909000000000D0
:1020000000000000000000000000000000000000D0
:1020100000000000000000000000000000000000C0
:10202000000000000000000069696971F906F90606
:10203000AC53C33CCCCC55CCACACACAC0000000039
:102040000000000000000000000000000000000090
:102050000000000000000000000000000000000080
:102060000000000000000000000066996A99D4D4C6
:10207000AAAAAC3CC33C9965669A90906F6F000029
:102080000000000000000000000000000000000050
:1020900000000000000000610006009D0005000037
:1020A00000000090000500610006000D1002406174
:1020B0008006002D100240608007002D080200619C
:1020C0000007009D000500210003009D0005004061
:1020D0000007009D00050000006000070095000556
:1020E000002100010091000585610A09050110A287
:1020F000406180870029100240618007002C08029F
:1021000000000000009000050000000000900005A5
:1021100000000000009000050000000001004000E9
:1021200000000000000000000000000000020000AD
:10213000000000000000000000000000000000009F
:10214000000000000000000000000000000000008F
:1021500017173F3F000000000000000000000000D3
:102160000000FFC3D7D73A3A0AFAFFAABEBEFCFC6A
:102170000CFC00000000FFFF000000000000AAAA05
:102180003C3C0000000000000000000000000000D7
:10219000000000000000000000000000000001003E
:1021A00040000000000000000000000000000000EF
:1021B000000000000000000000000000000000001F
:1021C000000000000000000000000000008020006F
:1021D00000001717030304000000000000000000C7
:1021E000800000003C0014143A3A0AFA5500141416
:1021F0000C0C0CFC00000000FFFF000000000000C1
:10220000F0F0F0F00000000000000000000000000E
:1022100000000000000000000000000000000000BE
:1022200000010000000000000000000000000000AD
:1022300000000000C3C3C3C3000000000000000092
:102240003CFF28EB00000000000000002D2D5F5F28
:102250000000000000000000BEBE14BE0000000030
:102260000000BEBE287D7D28FF553F3F0FFF5F0A5F
:102270001E1E787850FA00000000000000000000E8
:10228000000000000000000000000000000000004E
:10229000000000000000000000000000000000003E
:1022A000000000000000000000000000000000002E
:1022B000000040000000C3C3C3C3000000000000D2
:1022C000000000C328EB00000000000000002D2DDE
:1022D0000A0A8000000000000000141414BE000070
:1022E000000000001414287D7D28AA00303000F082
:1022F0005F0A1E1E787850FA0000000000000000FF
:1023000000000000000000000000000000000000CD
:1023100000000000000000000000000000000000BD
:102320000800000002002000400021002000008082
:102330000000840020008840A000C0000000400091
:102340000000C10084000000C000A0002000A00028
:10235000400020008800000088008800A0002000C5
:10236000000000004000400001002000200040006C
:102370002000C0001000C000100202002000400039
:102380000000000020004000C00020008400880001
:102390004000020002002100028010000500080039
:1023A000000080000000800000000000020000002B
:1023B00000020000000000000001000000002000FA
:1023C000200000000200000020002000000011009A
:1023D00009000000000000000500090005004000A1
:1023E000000000000900090020004000000000007B
:1023F000000000000000A0000000000080000000BD
:102400002000000000000020000005002100000066
:102410002000000080008000400080048000C00098
:10242000800000000000000000004000000040208C
:102430000000000010800000010004000100000006
:1024400000000084000000000000200400080004D8
:1024500000000000000000000011008800000000E3
:102460000020400000000004000000000000828006
:1024700000000080008000000002410040000000D9
:102480004100000001C000000000000000404000CA
:1024900000000000000002000200890000408800E7
:1024A00000000000000200000000000480000000A6
:1024B000048400000004804000004000098404847B
:1024C0000000000005400000050010000085050523
:1024D000408200000904000009000000094041009A
:1024E000408441848008000341012000008400886A
:1024F00000200908414040200084000190000004B1
:1025000000008200000008034100000009004001B3
:1025100004002008200000008000800040004101ED
:10252000400000000000090100000000000200213E
:102530000100010000030000000001020003A040B0
:10254000000501030000000000000000000300205F
:10255000004001400000010800080000008008025F
:1025600000400000000000410000000000200000CA
:102570000021000000200020000000400021010890
:1025800000400000000000000009000300080021D6
:1025900000080040004000800008000000090440DE
:1025A000000400000000000900000284020000A0F6
:1025B00000A002A004000300000008000284020042
:1025C000030800A00200418809000304000011086C
:1025D0004100000902C100080200200000000510AF
:1025E0000001080100C021002100000003000000DC
:1025F0000904409003000001050103900001100050
:10260000100110010000410040000800050000001A
:102610000000091021010001000421000340000016
:10262000400140401000020041002104021003104C
:1026300001008209100884050000840002030400E0
:10264000840509000000880911028402020082004A
:1026500008008200110008000041C041C00090093C
:1026600008000011C0000805A0008400000002045A
:1026700002008404A080A009040008001010820059
:102680000800820090028400000082108202840010
:102690008209C000000040001002000983094000C8
:1026A0000820108001000910A0401009C0408001DE
:1026B0008801080000000000000000900000C00039
:1026C0004000000020A0088811000801000080A040
:1026D00000001000000002000090110003000084C0
:1026E000000089002040030000C00002100000002C
:1026F00085019000418900040500000005000000EC
:1027000008001000210000010800058210014101AD
:102710000000080010000500030000010000200078
:10272000100000001004400002010801088441016B
:1027300003040021A000A0080200200410040211DC
:1027400088042040408402808800822100002011FB
:10275000082100418200022188001004030040404B
:1027600088008400080902000041004010418240B6
:1027700000020009040020400204C0008308410553
:10278000A10284008200820808000040004000404E
:1027900008400008100808004002900041409000E6
:1027A0008209080420000800840200001000A01123
:1027B00000000840100400000500104080080205D9
:1027C00080080000800100418002114009080908CA
:1027D00082A0000200400282850800000000C000C4
:1027E0008001208400001100210440040001C00485
:1027F000000100004020040480018000418404891D
:1028000084000401008409040005808400C00004E1
:1028100000040390100000000000000100004000D0
:102820000000210000408200400000010000000084
:102830000000000408100821850084080021A02160
:1028400002008804880000200009400020032021A5
:1028500020028308000310020241C0000000820829
:1028600082008200C000000088000800400284004E
:102870001040C0030000020090040021200000006E
:102880001000840910A14002C000101010000002C6
:1028900000000005000284411000040840081000F8
:1028A0000800004008400000900982000800040071
:1028B000000990008200100180000200000000006A
:1028C00000008000000100000000000041008000C6
:1028D000800080014000000000008000000008002F
:1028E0000000000000004000000000000808800018
:1028F00000000001000000008000210100008000B5
:102900000800000000000010800000008801100096
:102910000000000000000300000000004100000271
:102920000800000000012101000000204010050007
:1029300080004100410000001020200204888882AD
:1029400011C0022020088282110000200302000032
:102950000804C01083C00810020220040082000096
:1029600000080004030800001110A020021082A03B
:1029700000030000880000A00000C0881182102021
:102980009010000001000000000088050140C11007
:10299000001088020111A010201000C000C000C06B
:1029A0000040030210020100008803020008032017
:1029B000000040C0029082004004000041800000FE
:1029C0000080918008000900808091000000A00034
:1029D00000000800210005000080038000800080C6
:1029E000000000000080900000002080C180C080B6
:1029F000000003C11009050300040000A0009000BE
:102A0000400000800000090040000000C0410908AB
:102A1000084000008385200303090009000000002E
:102A20000000000091808080030000009180090078
:102A30008800000080809180080000002100C00014
:102A400040820200000400A100100000402005A008
:102A500090824100084010888290A080000000020F
:102A60000080000000002005A0004100C00003A17C
:102A70004089910503002021C000C08000000010A3
:102A8000002180030080000000000380000091000E
:102A9000A0C00980C040200002C082808491000054
:102AA0008003000000800008002180C0002000108A
:102AB0000090208280801080C0200905418891000C
:102AC000100090A10100100090028203104000004D
:102AD000000284410108000041C1110902A08800E0
:102AE00090A040400840000001088508010802103D
:102AF0002004038402A091008982110002040000D6
:102B0000000188400801A0C0000000C0008800C08B
:102B10000208830288400490919090051040C00400
:102B2000A0001009002008108210088810038808EF
:102B30000001C005014104040010030000000182EF
:102B4000A08800900003C0909001100804000201CA
:102B5000C000820010020282050220210882C120EA
:102B600003000020820400000302000940000090DE
:102B700089400089200510080500009021012020CF
:102B80000000C00220000421202000000001840178
:102B9000010140A1000201C004C1400400010591EF
:102BA00011C0400100012000C000C00090A004003E
:102BB0000188000340019020020090A000A100893C
:102BC000A1910008000200A100080508800380030D
:102BD0008502900400400005A080908380100008CA
:102BE000022010000009008000008282000280059F
:102BF00000000591000900A18002C0110010092108
:102C000000100000A040800580031109000300406F
:102C10008010204100080080100300C10011410213
:102C2000882110828002000900090309A000000029
:102C300080004000058200200003A011000200086F
:102C40000021020880008080008000C0000000A0F9
:102C50000000000000800020000000090082000841
:102C600000000005000580800000800080880000D2
:102C70000000008210C00841100008090080000018
:102C800000800008000080050002000000008011A4
:102C9000800500000000A1908502C1829002A1C0C1
:102CA0001108200008110000000000800000A010A2
:102CB0008991020002000000000000000000C091A5
:102CC000850340000305C0A0A008081000082000EC
:102CD0000885209000009008200002880000044130
:102CE0001021C0400400200020020090040002894E
:102CF000200000202004049004910510040020020C
:102D0000A088200840010000020000000020000010
:102D1000C00120000800040011A010C11004100020
:102D20000982C021C1084101100002A040840200B4
:102D300002000421009089000800200000004000EB
:102D4000C089200104000400000000000000000011
:102D5000004200C183000000000000C100008100AB
:102D6000004200C183008200000000C1000000009A
:102D7000000000C10000000000810000830082000C
:102D8000000000C1000000000000000000C10000C1
:102D9000420A000000C183000000000000C183005F
:102DA0000000810000C1830000000000000000005E
:102DB0000000000000C100008100000000C1000010
:102DC000000048000088830000005000050000005B
:102DD0000000A5F0F0F0A5A5A5A55AAAA55555AAED
:102DE000AA553F3FA0AF00000000C33CC33C5AA51A
:102DF0005AA596693CC33333CCCCB4B4B4B4000008
:102E0000000030CFCF30F0F00F0F00000000FFFFC8
:102E100069966996E8E830F30000000028287D7D77
:102E20003CAA3CF0C2D6EAFE28EB3CFF15B51FBF1A
:102E30000000000069AAAAAA5A5AA5A59669969602
:102E400069966996C0FCFCFC00000040500005003B
:102E5000000000405A0F0F0F5A5A5A5A5A5AA5A545
:102E600055AAAA553030A0AF000100009669C33CB6
:102E70005AA55AA5966996693333CCCC0055AAFF5A
:102E80000400000000FFFF00F0F00F0F0000FFFF44
:102E900000003CC36996E8E830F30000000050FAF7
:102EA00050FA3CAA3CF04054687C28EB00C310B0B8
:102EB0001ABA00000000965555555A5AA5A59669AC
:102EC000966969966996C0FCC0C0000000000000C9
:102ED0000000F0F0F0F0956AFFFF6965969A5AA538
:102EE0005AA5FF00FF00F5053F3F0000FFFFFF0070
:102EF00000FF5A666666F00F0FF0FF00FF00D7CFA5
:102F000014CF5D55A2AA69699696F0F00F0F0000E4
:102F100033CC33CC00FFFF000000000000000000B5
:102F20003CFF3C00000000003C3CFF003C3F7D7D3E
:102F3000D7D71414AAAAAAAAFF003CC35955A6AA17
:102F40005AA555AA0F0FF0F07D7D7D41F0F0F0F00D
:102F500002000000F072F072956A000065659A9AAE
:102F600055AA55AA00FF00FFF505303000A0FF5F0D
:102F70000FF0F00FA5A5A5A5FF0000FF00FF00FFC3
:102F8000D70C140CA2AA5D559696C3C3CC4E33B190
:102F900000003CC336C9F00F0FF000000000000035
:102FA0000000550F550F0000400055550F0F3C3CD9
:102FB000555D3F033F03AAAA6A6A00FFC33C6969E3
:102FC00096965AA555AA0F0FF0F041417D41F0F0B9
:102FD000F0F0A0610006001D10024061843F002D4A
:102FE000100240618007002D08020561303F000D8E
:102FF0001002406180060029100240608007002D09
:1030000008020561303E000D100240218007002DAE
:103010001002000040618007002D080210610A0FB5
:10302000050C00A00061300F004C00000061300F63
:10303000C04D000500613006000D100240618007A0
:10304000002D100240618007002D08020860448FA7
:10305000801D1006000000002C2C2C2C000000000D
:10306000000000000000000001000100000000005E
:1030700000000000000000000F0F0F0F0000000014
:10308000010001000000000000000000000000003E
:103090000000F8FF0000000000007D7DFF7D0000C3
:1030A0000000F0FF303F55007500AAFF287D3C3C32
:1030B00004140000000000000000030000000000F5
:1030C0000000000000000000000000000000000000
:1030D00000000000100000000000202C2C2C00003C
:1030E00000000400000000000000010001000000DA
:1030F000000001000000000000000F0F0F0F000093
:10310000000001000100000000800000000200003B
:1031100000000000282F0000000000000000100048
:1031200000000000000F303F750075000055287D3D
:10313000FFFF055500000004000000000300000030
:10314000000000400000000000000000000000013E
:1031500000000008000000000000000028383C3C8F
:10316000000000000000000000000000FFFFC000A1
:10317000000000000000000000000000000000004F
:1031800000000000FAFA50FA000000000100000000
:103190003F033F3FA0BCFFFF000000000000000015
:1031A000000000000000FF00FF00FFFFF0FFF0D074
:1031B000F0F0E000A00000000000000000000000AF
:1031C0000000000000000000000000000000FF0000
:1031D000FF0000000000FFEFFFCF00000000003004
:1031E0003C3C000000000000000000000000AAAA13
:1031F000C00000000000000100000000000000000E
:10320000000000000000505050FA000000000000D4
:1032100000003F030303A0BCA0BC000000000000AE
:103220000000000000000000FF00FF000F00FFFF93
:10323000F0C0F0F0000000000200000000000000FC
:10324000000000000000000000000000000000007E
:10325000FF00FF00000000000020FFCFC000004082
:1032600088008802000388088404A000A0000000F1
:10327000000020004040A0008808200520008400B5
:103280000400200000050400880088008400C000BD
:10329000000020002021200020002020000020002D
:1032A00040088800840000008800000020004000E2
:1032B000200000002000000088002000880000009E
:1032C00084000002200000002000C00088002000D0
:1032D0000400100004008400200020000000000012
:1032E00000002000100000A02000200000000000CE
:1032F0000000000040002100050000004004000024
:1033000010004000000011002100200010002000EB
:103310000000000010400000000000000400000059
:103320004000000020000400050000000000000034
:1033300000000000000040000500200000004000E8
:103340000500200000004100000000000000040013
:103350002000000021002000050004000000000003
:10336000000000000000000000000000000000005D
:103370000000000000000003000000042000210005
:103380000004000000000003000000000000000036
:10339000000000000000000000000000000220000B
:1033A0000003000000030000000300000000000014
:1033B0000004000000000000000000000000000009
:1033C00000040000000800110000000000000000E0
:1033D00000040000000000000000000000000000E9
:1033E000000400000004002000040008200400087D
:1033F0000908008200820084008408844084400020
:10340000840000000010000000004008410800088F
:10341000200800080000008204820000400000082C
:103420008000000040000002000020024008000868
:1034300000080008008400C041004100200800008E
:103440000008000100084102000040004010000890
:1034500000082008000000000088000000080000AC
:103460000008000100210021400920000002022183
:1034700000008211000500210008002100219005B4
:10348000880210210020202100210021C002820991
:103490002021822100002021A011A021000800008D
:1034A0009021002100000020A02108020009A011A5
:1034B0000000002108040000842110000200000424
:1034C0008800880288000020102120088400000065
:1034D00000009000100000000004000000008400C4
:1034E00000000000A0200002058808C040820500FE
:1034F0000500050405040000050005040300009014
:10350000054000901000411000C04100110011045E
:103510001100210000000200098805000590052027
:1035200000000584400000000890008208000002AE
:103530001100008408000000410009002100400043
:103540002120001002104120091011100010091054
:103550000082000005000802008809000000000049
:10356000000020000000218382008200820004000D
:1035700082000000C0000000820082000005C00040
:10358000400040001000A00082008200080082007D
:1035900082040800000084008221820882028203E3
:1035A00082008203A000C02000008200820082000E
:1035B00082008200C004C0048204820082000000F5
:1035C0008200820000008209080082008200080058
:1035D00082008208100082050000820082098200B9
:1035E0008200820982008202080000000088080030
:1035F0000400000040000802080004080800080059
:10360000210000C040001100412005000000000022
:10361000000000C0200020000000100010040088FE
:1036200021400400040040C021C100001100080036
:10363000410010000000080003001000100000000E
:103640001108040000000084400000000990000000
:1036500000000084000000000000000000000500E1
:10366000008821901000050005002082000000085D
:10367000000084000400080200200020400500052E
:10368000882100090010C0008200C002C000400074
:10369000840020030000100010029000900000033E
:1036A00000110000002100000841820000000040DD
:1036B00008000411A00000040800001100004000F0
:1036C00000000011A0000840400008098200C0006E
:1036D0000000C0000000021100008800820000000D
:1036E0000000001100020000000008090000048230
:1036F000052041004002110002880500050040A09D
:1037000000000000108420884010088421902100CF
:103710000000410408000000419005001000000076
:1037200009102140101021840002000410820000C2
:103730000900210440001100000005000088080075
:10374000100009041002218210200800418805029F
:1037500000900000200041001120000205C00084FC
:103760001100080000020584009000000504050413
:10377000001000008403100000040000000084001A
:10378000000000000000A000840300218208000265
:10379000000000080402000000000000A0009000EB
:1037A00004000000C00010050000080008008405A7
:1037B000000040080000C0044003C0008200082050
:1037C000080008000041002100000000000008007F
:1037D00000850800000340000808A0000800000061
:1037E00004210000000000418402000404000800DD
:1037F00004020084400200A02188000000000002B2
:103800002100000008000400030820000000000060
:103810000000400200000400050800000000200035
:103820000300000000C000A000020000080000002B
:1038300000000000000000000084000009040000F7
:10384000402005000000118800022110100208022B
:10385000110204200000110000000400000000001C
:10386000110008000000110000900082000011000B
:10387000000000200000C1000001C1820100100012
:103880000141C089C000C1000088C0820000C000A2
:103890000183C0000000C1000001C1820100880056
:1038A0000141C088C001C1000004C0820000C00006
:1038B0000183C00000000000C1000001C1830100BD
:1038C00090000140C141C001C0000010C082000052
:1038D000C0000183C0000000C1000001C1830100DD
:1038E00002000141C083C001C0000002C08200008C
:1038F000C0000183C0000841C1410003C1824141B1
:10390000804141888403C0048341110080800041CC
:103910008041418380000041C1410003C182414197
:10392000004141889103C010834100008080004124
:1039300080414183800000000041C1410003C188F3
:103940004141004141C08320C010854100808080FA
:1039500000418041418380000041C1410003C18298
:10396000414180414182A0A0C010854100808080FB
:1039700000418041418380004100214100C100009D
:103980004141824100C1114103C1C04100418080D9
:103990004140C14100C180024100034100C100001B
:1039A0004141904100C1034103C1C0410041008039
:1039B0004100C1C100C1800200004100034100C1BB
:1039C00000004141824100C1054103C1C0410041A5
:1039D00080004100C14100C180104100034100C18D
:1039E00000004141824100C1054182C1C041004106
:1039F00080004100C14100C180110000000100C1F0
:103A00000000000140010005000190C120090003F1
:103A100020848200400100C182000000000100C13A
:103A20000000000140010003010104C1200900035E
:103A3000A0404000408300C18282000000000001DD
:103A400000C10000000141010009000182C12009FC
:103A5000000308004000400100C182000000000196
:103A600000C10000000141010085008905C1200955
:103A7000000902004000400100C182000040000037
:103A8000C140000000000000C182100300100000CF
:103A9000C140000000000000C10000000040000024
:103AA000C18300000000C0011183110200C00000AA
:103AB000C140000000008200C10000000000004082
:103AC0008200C183000000008200C18210090088CA
:103AD0008200C140000000008200C10000000040E0
:103AE0008200C183000000008200C18210830008B0
:103AF0008200C140010000000000C1000000008001
:103B00000041C1C1200000000041C188801000C1F7
:103B10000041C1C1000000000021C141000000803F
:103B20000041C1830000000080034182C1090041BF
:103B30000041C1C1000021008021C14141000000BD
:103B400000808041C183410000008041C188C110D4
:103B500000418041C1C1410021008021C14141009B
:103B600000808041C183410000008041C188C110B4
:103B700000C18041C1C1050000000021C141000019
:103B8000C1C18000802000004110804141C103C1BB
:103B9000C14100A08083000041410041808003C1F9
:103BA000C1838041808500002120804141C103C143
:103BB000C1C1008080A1000041410041808003C15B
:103BC0000000C18380418085000041028041C1C165
:103BD00003C1C1C1008080A100004141004180803B
:103BE00003C1C1838041808500004100004183C141
:103BF00003C1C1C1008080C00000414100418080FC
:103C000003C140C18200402000000000100102C139
:103C100001C1408940C140C100000001000140C015
:103C200001C140C02001820400000000400120C109
:103C300001C1400340C040C000000001000140C07D
:103C400001C1000040C02001820400000000020108
:103C500004C101C1400540C040C000000001000196
:103C600040C001C140C020018204000000004001AA
:103C700004C101C1400340C040C000000001000178
:103C800040C001C1000000000000484200000000E8
:103C900000004842811200C8430048420000000072
:103CA0000000484200000000000048420000000000
:103CB00000004842811200C8430048420000000052
:103CC00000004842000000000000000048420000E0
:103CD000000000004842811200C843004842000032
:103CE00000000000484200000000000048420000C0
:103CF000000000004842811200C843004842000012
:103D00000000000048420000000000000000000029
:103D100000000000000000000000000000000000A3
:103D20000000000000000000000000000000000093
:103D30000000000000000000000000000000000083
:103D40000000000000000000000000000000000073
:103D50000000000000000000000000000000000063
:103D60000000000000000000000000000000000053
:103D70000000000000000000000000000000000043
:103D80000000000000000000000000000000000033
:103D90000000000000000000000000000000000023
:103DA0000000000000000000000000000000000013
:103DB0000000000000000000000000000000000003
:103DC00000000000000000000000000000000000F3
:103DD00000000000000000000000000000000000E3
:103DE00000000000000000000000000000000000D3
:103DF00000000000000000000000000000000000C3
:103E000000000000000000000000757B00000000C2
:103E100000000000000000000000000000000000A2
:103E20000000000000000000DEAE757B0000000016
:103E30000000000000000000000000000000000082
:103E40000000000000000000DEAE0000757B0000F6
:103E50000000000000000000000000000000000062
:103E600000000000000000000000DEAE757B0000D6
:103E70000000000000000000000000000000000042
:103E800000000000000000000000DEAE600603003D
:103E90000000000000000031E00000000000000011
:103EA0000C0000000000000000C060066006030077
:103EB0000000000000000031E000000000000000F1
:103EC0000C0000000000000000C06006000060065A
:103ED00003000000000000000031E00000000000CE
:103EE00000000C0000000000000000C0600660063A
:103EF00003000000000000000031E00000000000AE
:103F000000000C0000000000000000C0600604413A
:103F1000020088401004200920418440404188412B
:103F20000000A003880901410210000002082000DF
:103F300084400400C0022041C00010410002000083
:103F40008241100000000440404140000441000054
:103F5000C0000000C04104002000840004004000B4
:103F6000C00084002000400088000000C000000065
:103F7000200002000000882020408840881088101F
:103F80001000C000C0002000050041400000A0005B
:103F900000008000000000000000000041008900D7
:103FA00000000900080000C00200C10000008000FD
:103FB00010000000000000010000080021041000B3
:103FC000000010002000000000010400410041003A
:103FD00000000000040000000500000000000500D3
:103FE0000000040004000500090020000400000097
:103FF00002000900800004000000050141012001C9
:104000000001000000000900210010001001040060
:104010004100000000000000400000030004000018
:1040200088000000000084000010008000A0000252
:10403000008000000000400000024000400200003C
:1040400000040000C000C0080008000002000100D9
:104050002088000040000000000000000020000058
:10406000000000110000010001000100028888002A
:104070000000000500000000000008000000000033
:1040800000000004004000040004080400000000D8
:10409000000084000200000800828240028441087F
:1040A00000820090000200004084020000400040B6
:1040B000000140020000000820000005210000046B
:1040C0002100000800004100090141830008A0828E
:1040D000400884040003050809100084410000081A
:1040E00000002008001000080208020040008202C0
:1040F0002008000800080084000000824184008439
:10410000000000840084020900090909A1890084D3
:10411000000840840084A000202008408408A005F6
:10412000A003822140080009848908051008A02105
:10413000000001098540002088000120C040C00324
:10414000100220008200000800808200102140023E
:104150000808888208800000C0000080C000850830
:10416000022100000000C000A00010001008821012
:10417000004100094040C102000884000004C00062
:10418000880804000000A010000304008440850893
:10419000020800029088888821A041014185210001
:1041A000008821000304808409A04102000000006F
:1041B0000484000840002020000004002020041196
:1041C00000880800211009C02120000205200400F9
:1041D000009000000010001000000000080800001F
:1041E0000800800009044104038200000000000070
:1041F00003000000410000044000000000000583AF
:104200000384000109880000030009000904030079
:10421000208283000001211040100200C004C04130
:10422000030084000400000004000280020000007B
:10423000408000101000C102A100A0088400080006
:104240000800008000000985042089800220C00346
:104250000800A00040000000C100000008020203A6
:1042600008000800820009400400A0020480082021
:104270000420C02040004000A04082400200020014
:10428000C0A000028202908900090800A004A0805A
:1042900004800200080000002080C1008088000027
:1042A0004000A000002020000000020080028000EA
:1042B0000500800421084000400040000500110076
:1042C00000000400004003881004218402028008DA
:1042D0001020030021828084210020200000008221
:1042E0008300100821400004402104004085002084
:1042F000080183010501A1008090042103058800C5
:10430000900000402109000004080000008403011F
:104310000840001004C000900400000240000000AB
:10432000200082040421201008008200A009C0415E
:10433000820008048200C000202102048240008024
:104340002000000890C00008A04020080840C010CD
:104350009000A0409020C0008802C00582000001AB
:1043600089000802080982A11021A000A0410008CC
:10437000A000200010090400040082034002088508
:104380000003A00082004002820000218802900207
:104390000900C0002000C000820300000811820252
:1043A00000A080000003008400A1000002040010AF
:1043B0000020048400011188030085A0840100010D
:1043C0000004800000000904008208910020002100
:1043D00009000000048909000000000100900500A8
:1043E0000000029000008800080210000000080091
:1043F0000090100000C008008900050011000301B2
:104400000002402000904100850108200800029130
:1044100000C1200000208800090004000000000006
:104420000090402182000841840020200204A00264
:104430008810840382009000102184008204850883
:104440004000841108091109A00210A000A182C037
:10445000208308000000822002050000000485007F
:10446000040500004000402008048405402190001D
:1044700000218821C0210400081110080000A100BB
:1044800008040400100020000820090340009000E8
:1044900010098220A02020008400A021C0844000B8
:1044A000A000A004800000000000082000008000A0
:1044B00000010000000000000000000000000000FB
:1044C00040002008000021880810110000040004AA
:1044D000000585040300050205028590100205848D
:1044E00040824182000000080500008403824000F1
:1044F000089000C020840090900011842000008269
:1045000002200920084010000000000002000008FE
:10451000000841080008039083000000000000022A
:10452000A0A0200400C011C19003110200050000EA
:104530000100820000001100400289080000110201
:10454000030091820090011041040910000201054E
:104550000020008590900041002001212020C1C052
:1045600082C0019002080000C1C083C0012002087F
:10457000C1C004C1A1214003000000008800000068
:1045800001011140211100A00020009082200808A4
:10459000C0C091C020048408C1C084C000200802AB
:1045A000C1C083C08205100991901084208400C08E
:1045B000000003000000000091050588841000053C
:1045C00091801000048000000980038082000000B8
:1045D00011C100210320000900C100401040000566
:1045E0009080008008008080000090800980020098
:1045F000C0809089C1A0A008001020002000000009
:1046000000004010C1218310000440000800020097
:104610000000C18009800380008090800080050038
:104620000000A080098089908082040540210582D5
:10463000400080002003034000000020002180058E
:1046400080050520090505A0A18040050389030513
:104650001100000000008020000000008000000821
:10466000000980008082808085200000000080C1D9
:10467000809180004000A08282909085C0000580DB
:1046800090804080A00000028300C1411010C12131
:1046900009114180830080A088A0C1000009008525
:1046A00080918080000005C08580C18001000108E4
:1046B0000003890840004000A0820040900390A0C1
:1046C000820002820000000800400504200004204F
:1046D00021C02040900088401090200400400284B7
:1046E0000000840504080282C0C0C08200002000CF
:1046F0000282C0C0C02041888482C0C1C0050400BD
:104700009010408841C003C088080800058300015C
:104710000240080101C008000483C1C1C1408800F3
:104720009082C0C0C00420909082C1C0C104030226
:104730002003020102010000000100000001050445
:104740002000834082010000200202010391020048
:1047500082030001A0000100900005000184020214
:104760000008092010040304002000C0C0C000019C
:104770000921002000C1C0C10240010204C1A1C042
:10478000000000001001000002880101404000010B
:1047900002030008042183908208000400C1C0C104
:1047A0000502889020C0C0C00420009000C1C0C194
:1047B000411102C082218510000300100008000290
:1047C000041003001080A00940118008800282209C
:1047D0000011008900210510020000008900080076
:1047E000858000000900800020800080008080809B
:1047F000000182040083008589C1050303C189A1EA
:1048000040910003004080211108A09005202088DD
:104810000840C0900003800588050583008000855E
:1048200089C1A08000000080898089030000038581
:1048300089C1008300118000000400008080000016
:1048400000084003021188801000008200000080F0
:10485000801000908005808080098000000000802A
:104860000000C1008200000009009003C08805C05C
:10487000C0000001800380C000908080A14090A112
:10488000050321A080118008000000052083A000FE
:104890000800A0100089000800800000808080844B
:1048A0000004800980418083802000008080839103
:1048B000C0A09009020820004008000190100410D8
:1048C0000820820005000941401009000003020091
:1048D000900808011009108882401000040004109C
:1048E000900890000500090800200000C100C0C029
:1048F000900208080001C000C0C008050802C1A05D
:10490000C1C020400303C089202120021082838877
:104910002108A08203000089002088400000C08890
:10492000C0C190840808C000C0C0400802C0C08850
:10493000C0C0041008A0004200C183008200000033
:10494000000000000000000000C1000000000000A6
:1049500000C100000000000000C1000000000000D5
:1049600000C100000000000000C10000000048007D
:104970000088830048420000000000C183004842D4
:104980000000000083004842000000008300002176
:10499000000000C100005021000000C10000000A1A
:1049A000000000C183004842000000C1830048426B
:1049B000000000C1830048429F6000FF55555555D7
:1049C00000000000000000003C3C3C33A55AA55A02
:1049D000555A555A96966969BFB92F290F0F0F0F6F
:1049E000A35CC33C0000FFFFFF0000FF00FFFF00CF
:1049F00000000000000000000000000000000000B7
:104A000000000000000000000000F330E4E40000BB
:104A100000003000CFFFC33CC33CF0F0F0F00F0CBF
:104A2000F0F30000000000000000000000000000A3
:104A300000000000000000000000609FFF005555CE
:104A400055550000000400000000C3C3C3CCA55AA4
:104A5000A55AA55AA55A96966969B6B026200F0F91
:104A60000F0FA35CC33CFFFF0000FF0000FFFC032F
:104A700003FC000000000000000000000000000037
:104A8000000000000000000000000000F330E4E43B
:104A900000000000CFFF3000C33CC33C0F0F0F0FDE
:104AA000F0F30F0C00000000000000000000000008
:104AB00000000000000000000000000000000000F6
:104AC00000000000000000000000000000000000E6
:104AD00000000000000000000000000000000000D6
:104AE00000000000000000000000000000000000C6
:104AF0000000000043102000008811060000431051
:104B000020000088110643102000008811060000D4
:104B10000000000000000000000000000000000095
:104B20000000000000004310200000881106431020
:104B300020000088110643102000008811063C3C2C
:104B400096690000FFFF00000000FF00FF0096963E
:104B50009696C3C53C3A95956A6A0000FFFF6F18A8
:104B60006F7EF0F00F0FF0CCCC3300FFFF00956AA2
:104B7000956A6F6F90900000000000000000000038
:104B80000000000000000000000000000000000025
:104B900000000000C3C13C3ECC33CC3353C33CC304
:104BA000DB2424DB6F906F90000000000000000009
:104BB00000000000000000000000000000000000F5
:104BC0003C3C9966FFFF0000000000007F807F8072
:104BD00069966996CCCC333395956A6AFFFF0000DD
:104BE0000918097E0F2BF0D4F0CCCC33BC4343BC66
:104BF0009669956A90906F6F0000000000000000B9
:104C000000000000000000000000000000000000A4
:104C10000000000000003C3EC3C1F0CCF0CCAC3C36
:104C2000C33CCB3434CB906F906F00000000000089
:104C30000000000000000000000000000000000074
:104C400000004061843F002D080200610006000D55
:104C5000100240618007002D100240618007002D86
:104C6000080200613007001D100240218003002D62
:104C7000100240018007002D080200610087809D1E
:104C80000005000000610007009C000500610006AF
:104C9000009D000510610A0E050D10A240608007FE
:104CA000002D100240608007002508020060000708
:104CB000009C000500610007009D000500600007E2
:104CC000009C000500000000B4F5F5F500000000B0
:104CD0000000000055555555000000000000000080
:104CE000FFFFFFFF000000000000000100000000C7
:104CF000000000007D417D7D0000000000000000FC
:104D000000000000000000000000F0FFF03C5555DE
:104D100055040000BCBC00000000A0A0A8A8000032
:104D20000000000000000000000000000000000083
:104D30000000AAFFAA3C00000000000000003D386F
:104D40003D38AAFFAA3C000000000000000000005F
:104D5000000040000000FF0C000C4141000000007A
:104D60000000FBFFFEFF000000000000000000004C
:104D70000000000000007D414141000000000000F3
:104D8000200000000000000000000000F000F03CE7
:104D9000045504040000A0FF0000000000AA28AA97
:104DA00000000100100000000000000000000040B2
:104DB00000000000AA00AA3C000000000000000063
:104DC0003D383D38AA00AA3C3F5F3F0F283C383CA5
:104DD00000000000FFF5FFF5CF4D0C4D0000000076
:104DE00000000000000000000000000001000000C2
:104DF000CF0C3F3F00000000FC0CFF0F0000000044
:104E000000000000FFFF00000000000000000000A4
:104E100000007F5F3F0FF0FAFCFE00000000BABA0E
:104E2000BAFFFCFC0C0CBEBE14BE000000003CFF30
:104E3000C0FC00000000AAFF287D00000000000068
:104E40000000FFFFFFFFAAFFA0F530503000003C3C
:104E5000303C0000000000A000A0CF0C0C0C0000B3
:104E600000000000000000800000000000000000C2
:104E70000000CF0C030300000000FC0CF000000059
:104E8000000000000000FFFF000000000000000024
:104E9000000000007D553C0000AA3CBE0000000060
:104EA000303030FFF505F505141414BE0000000085
:104EB00000C3C0FC000000000055287D0000000079
:104EC000000000003F3F3F3F0055A0F52020842018
:104ED000880004A0008004000402052000002002D5
:104EE000200020022020000520020400880000008D
:104EF000888084008400400200800404210820008F
:104F00002000418020800400208084030000C00035
:104F1000400088200200C0000400000088002041FA
:104F200021002000200004008800C0002041200053
:104F300020000421040004200041400020008800DB
:104F4000200020002010000040000100044000016B
:104F500000010000890310209000890084010000F6
:104F600000201000000008000400020109001100E8
:104F700020000010200004008401000420C18200F1
:104F800040000000020210400000801003000000FA
:104F900020008000052084002000000000004190D7
:104FA0000000200000004000200420C0000040203D
:104FB000000000000000000020C000008000000091
:104FC000000004000000040004000500400005018A
:104FD000008000800002000001200080000000002E
:104FE0000000A102400584C00000A0008400001160
:104FF0000008000000080004010020009009C02102
:105000002003A100A000A00088020000C0840004CA
:1050100000010000000000402009200020030100E2
:105020004084880408040088880400000000880088
:105030000000000000030000000000000009000064
:1050400000100002000000000040830000800110FA
:105050000100002000200001051004830020000052
:1050600000820004400989080003008209080082C8
:105070000002090100000001000010088000000883
:1050800000008084020400040010000540080005B0
:1050900020050003000000000085A100800280823E
:1050A0004002904000038501000511050000000842
:1050B0000000008800820004410400000004000099
:1050C00040880008020900080008000902000002E8
:1050D00010011000880300059005C0A100210020E8
:1050E00000888420A0100800000040080408080080
:1050F000000000080021C021012140000000080834
:105100000000000000040804000400400041000307
:1051100000008400000000030004200400200000C0
:105120000880000082001021082120212011008326
:105130000800000500400003002100054041000870
:1051400000000000084000410821040000020002A5
:1051500000000003820010C02100110041204082A5
:105160002111042021C108080300214005014184C8
:10517000080203840300000005004000880000A02E
:1051800008C008000808000102890401030041006A
:10519000040040002108000000C04189400940018E
:1051A000080008020500210040000000900880006F
:1051B0002140214040002184009009C0090080C0A6
:1051C0000000080040400301210000000000210011
:1051D000400108002100080004200420900083A062
:1051E00000208210848083058205820540058400AA
:1051F000A0000000410500008200A0000020820005
:1052000020080000A002000088212010200840098A
:1052100040009100080905000000200282080802F1
:1052200008838441840091080809000082058202F5
:1052300082020011A002080040004105020482021F
:1052400008800100A00082804182084100008205A0
:105250000005040000000000A0008001C00108005B
:105260000421000141000802040000000000A00425
:10527000000000000300A000030003000000000184
:1052800000008000000000214040000080008000FD
:10529000000800004000110004C0000080A00000D1
:1052A00000830402030800002088009004004100ED
:1052B000000002A1000000000300100208028001AB
:1052C00021000004020000000002880200000982A0
:1052D00000000000000000882100000804210400F4
:1052E0000420042008004080100200210041824078
:1052F00000000808000082000800824082050800C3
:1053000004418880004000400040A040004104006B
:10531000900008000002021082411010000384086F
:10532000400400102080000200031021080800053E
:1053300000108400000400210000080084214104C2
:10534000820085040488880402000010880540005B
:10535000101184008200C008C00082100005900077
:105360008000A100A18440C0002000010000219025
:10537000040400204010400009009000088403004D
:1053800000004190030221C02102410108000000F9
:105390000320080021200500C00140000882000011
:1053A0004084000121018308090008000300A1A036
:1053B00021000008081021040000030480400300BD
:1053C0000291210002010340219009004005402084
:1053D0000900000008C021000800400008A00800E3
:1053E000C0414100002040A01008010340A001027C
:1053F000C000000000004002009190210008000061
:1054000040418440080888C1000400110011C00018
:1054100020202002004090418820C000C00002A04F
:105420000000020920C1200482009003080040000F
:10543000210090080200004104088211C103840287
:1054400000104080020009080041402100090005C9
:105450008200900040038405A00540219021104166
:10546000000500840400110100200000400000211C
:1054700004000800000221000000004008844100F0
:1054800004008800030341000840000008000810E1
:105490000000000100000001080200840000410239
:1054A00008050000800080029189000008000000CB
:1054B0001100881000008000000000C000824088B9
:1054C0000000400000028000200000022100410096
:1054D000000041080000000441004100800000007D
:1054E0008000002000C001902000000000C09090CB
:1054F0000000000000020002840200888800010011
:10550000080008000389012191A004880182000499
:10551000000200C1C0A0A0A002A182C0C005050079
:10552000884110910000C1A02002109004100008D2
:1055300083880282001001A10188041000088800FD
:1055400000000100080088C003208388048202C094
:1055500001C084C090C00188008800880088C08392
:10556000008990C02089038003800000000005802E
:105570008080000000000000030080000000800028
:10558000030080008000A041038202094004090951
:10559000218840891008A01002111110A1099090D3
:1055A000C02080918002000009808000410000003E
:1055B00005800300C180008011C103218380008227
:1055C00090000000090080008089901105400010C3
:1055D000A0004100800000002004001100400020D5
:1055E00000410510020900400000210000009090D9
:1055F000038021000300918309002180080000211D
:10560000200040000800218011001021800041008E
:1056100005900285000241210580102110044141BE
:10562000A111C1000311891100004010212011C0F7
:10563000888503882102102010880000001100A036
:10564000000000000021000000100041000000A147
:105650000080820021218400098800000010008061
:1056600000000900880410001021882001000000BB
:10567000C18800C001000000C110000801C0010085
:1056800000090000010001000104400021A002A067
:105690009140851189081000218391080120830021
:1056A000018521A084842101C1A10000890103009A
:1056B00000030582209191418285828900000000CB
:1056C0000009820400A00000008400010001000025
:1056D000008900A010102140032002890000004032
:1056E000004000008402834084040983000000829B
:1056F000009110C140000040A09000C010000000C8
:10570000000010000001001000A100C11001000500
:10571000019102C100C0C1022100000090018388F4
:1057200020849190080109A1C08403C10000118860
:1057300020880002C0C1400110000001080188015A
:10574000C1000100050000000010208801C0008495
:10575000A010880089C020900040400482C0A000B2
:1057600000000000A00004A00100010810A1000931
:1057700000A000A091908000008080804080800583
:1057800000080003004000100082001000880002A2
:10579000000809C000824003888803080800200927
:1057A000850800110809800890A108A1A1910000B6
:1057B0000505808500000282000880050003A01115
:1057C000001020040920401000000080000002802A
:1057D0000085A183090588C00003008900918489A0
:1057E0000000100009000000802041030908008328
:1057F000C1119000088090008391C0009100104179
:105800004108210004001000002000210000004198
:1058100080C08085808000032100910910100989D3
:105820008388101000410989C18385802020C00928
:105830000000C111088002000311C10221910580FE
:10584000404000008000000000008800104004007C
:105850001180800280090000800041040220058040
:1058600008038000800000008000418289202180A0
:105870001102C1C1200001841000C0912008A100C4
:1058800000010110000001000100001100000000F3
:1058900000011088100810401000832002A1C104EC
:1058A0004184C12101A0C0908210C1212188898931
:1058B00084110000C10221109088104085C084C16D
:1058C000C002840190000400200008004100A101F2
:1058D000C000C110C00040A0A0009000118911902C
:1058E0001140110008000800A0001000111120C094
:1058F0001102A000004100008300000000410000F0
:1059000083008221000000000000420000000088A7
:1059100083000082000000C18300000000000088B6
:1059200000004100001100C883005006840000C838
:105930004300420000000000008841000000000019
:10594000008800004200000000C10000000050007C
:1059500000C183000000000000C18300820000003D
:105960000000000042000000000000000000600095
:10597000008800004100000000C30000000F00008C
:10598000000F0000000FFFFFFFFF000000000000FD
:105990000000AAAAF0F028287D7D00FFF0F0CCCC12
:1059A000CC33CCCCCCCC3C3CF0F0AF50AA550CFF67
:1059B000FF0C50FF00FF0000FFAA30300000000085
:1059C0003C3CAAAA00000000F3C3D3C300000000BF
:1059D00000020000AAAAF0F0F0AAF03CAAAA3C3CFF
:1059E000A0A0F5F55050F3032A2F7A7F00000000A5
:1059F000BE30BEF3FFFFFFFF000000C30000000F3A
:105A00000000000F0000000FFFFFFFFF000000007C
:105A10000000000000FF00FF50FA50FAAAAAAAAA4C
:105A2000CCCCCCCCCCCCCCCC3C3C0F0F50AF55AA82
:105A30000CFFFF0C00FFA0FF000000AA3030001098
:105A4000004000FFF0F000000000F3FFD3D700009B
:105A500000000000000000FF00FFF0AAF03CF0F0A2
:105A6000F0F0287D287D5F5FF3032025707500002E
:105A70000000823082F300EBFFFFAA00000000006C
:105A800000000000000055550000FBF7FEFD00007F
:105A9000000000000000000000005F3F503F956ADA
:105AA000966933CCCCC369696969333CCCC3AA55C8
:105AB000AA552020000008083C3C00003C3C3C3C2F
:105AC00000004040FFF00F0000000000C3F50000A0
:105AD0000000FFFF00000000000000003F303535EF
:105AE000AAAAAAAABE14BE14E3E300025F0A5F0AD0
:105AF00000000000FF0055550000BD3FAA00000057
:105B00003C3C0000FF00000055550000EFDFBF7F68
:105B10000000000000000000000000005F30503076
:105B20009669966933CCCCC396966999933C6CC3BD
:105B30006996699600000000FF083C3C00003C3C70
:105B40003C1C000000003535353500200000C3FF47
:105B500000000000FFFF00000000000000003F30D8
:105B60003535AAAAAAAA5F5F0A0A43430002BEBE4D
:105B70001414000000003C3C0F0F0000FCFC03E389
:105B800003260C0D92C003E303260C0DC2C0006176
:105B90003006000D00000061008E0045000000206E
:105BA000300F020D100240618087002D1002486501
:105BB000803900270802A0614006C09100A80000BB
:105BC000A0614087109D00A100613087000D00009A
:105BD00000210003000D00018061000FC04D000096
:105BE0001061200F004D000100613006009D000093
:105BF00000613006000D000000213087801D00008C
:105C000000FF000000500000000000400000000005
:105C100040C0FFFF0000000000000000FFFFFFFF8A
:105C200000000000000000008000000000000000F4
:105C3000D755555530700050000000FF3C7C3C7C2F
:105C400000000000300010100000FFFF7F7F000008
:105C50000000000000000000000000000000000044
:105C600000000000000002000000FFFFEBFF00004A
:105C70001000000000000000000000010104FAFF15
:105C8000FAFF2A7F0A0A10501010080000000000D6
:105C9000000040C0C0C04000000000000000FFFF46
:105CA000FFBF00000000040000000000000003002F
:105CB00003001455555530B000A0010105F5005002
:105CC000FFFF00000303000010100000FF007F7FB3
:105CD0000000008000000000000000040000002020
:105CE000000000000000000000000000FF5FFFFF58
:105CF000000000000000000000000000000100049F
:105D0000FA3CFAFF00000000FFFFF0F00000000086
:105D10000000008000000000000000000000000003
:105D200054000000CF0CFF3CFAFA3A3A00000000A1
:105D300000000000FF01FE00003CFFFBFBFB050034
:105D4000F000F0FF00000000000000000000000074
:105D5000000000008000D7147D7D000000000000DE
:105D6000000000000000000000080000000000002B
:105D70000000000400000000000800000000BFBF99
:105D8000FFBFAAFFFFAA000000000000F0F0000023
:105D90000000000000000000000000C000C0000083
:105DA000000000000000CF0CC3000A0A3A3A00804D
:105DB000000040408080FF01FE00003C0010FFFF1B
:105DC0000000F282F2FF000000000000000000105E
:105DD0000000000000000000D71441410000000056
:105DE00000000000000000000000000000000000B3
:105DF00000000000000000000000000000000000A3
:105E0000BFBF4000207575200000040088002005F9
:105E100088008410840004112000000000000204A7
:105E2000040004108800880088000040C0002000A2
:105E30004000400040000410880000000000880876
:105E40002010200320042008000020000000400053
:105E500020002000040020002000000000000200BC
:105E60002000200020000400C000200040000000AE
:105E7000820000002000200520008400C0000200F5
:105E8000C0008800A020C000000800000000100032
:105E900041000000410000004000000000004100FF
:105EA00000004100090000000000000000000400A4
:105EB00004901100410020000000100000000400C8
:105EC00000004000000000000900000040A0042085
:105ED000200004000000000000000000040010008A
:105EE00000A00040000000000900000000000000C9
:105EF0000000000000000400050000000000000297
:105F0000000009000000000020000900000000005F
:105F1000000002000000000000090002A040840010
:105F200000000400000000008800001000000000D5
:105F300000100210A000000000001000A0000041AE
:105F400000000008880000000000000500000000BC
:105F5000004140000000000000000000002000049C
:105F6000100000000000000000050000840400088C
:105F7000001000100010000000000000001100419F
:105F800000400000100400090000000000090008A3
:105F90000000000000100084050000000002400026
:105FA000400000000040000441084100008400C09F
:105FB000000020000904058409080000038800840B
:105FC0000000000805000088000800880088000024
:105FD000000800080088008800100008000005087C
:105FE00000840000008421840000000400000010F0
:105FF00000040008008800040000400400080008B5
:1060000000040088000404882004001000840004B8
:106010004000A0000000840000000002000084088E
:106020000200820088004010C008820408030008B3
:106030000008004000080000000000000800000206
:10604000000000002000880088030000A00000007D
:106050000000824100000000880000000000820073
:1060600010109000000800000000C00084028808A2
:1060700082084021C000820284080000000800005D
:1060800000009009000040004000000000020040B5
:10609000A0000020008809C002A00000008800C005
:1060A00005A0098200000000000200840900000031
:1060B000001000080882030803C003020300080060
:1060C000008205004002038440C00940418803006B
:1060D000001000000984110008004104008403023C
:1060E000408403A0008200080382210009001100FF
:1060F000080000042100050009000000000200A0C3
:106100000388110841A000A008A041A0408240A03F
:106110004100020800052000000000000000A0214E
:1061200008100800042190218421404084090800BF
:1061300088040821880000094011100808020000A6
:10614000C0041005C008A0040000080082418800B7
:106150000409A011000000000400041182000011D5
:1061600000009000040204200000C0000441000070
:10617000022188038200880310030802080504092D
:1061800000410000A008A0400000021110000040E3
:1061900008210000000011000088000040000800F5
:1061A00003084000090000084000408211821104E9
:1061B00000901102000011820002080011084188BD
:1061C00021880000039009000000112000080090C1
:1061D0002100110002A000000004208808004100F6
:1061E00010001100000011C0090203204102034009
:1061F000210840A01184000403100020052003C0E2
:106200002004200020881188000003C000404008BE
:106210000090000200000810004000000000000094
:106220000000080000210000840088000000000039
:106230000800000300080011A04082080008C00008
:10624000000808000000842000020000C0020000D6
:1062500084000000000000000000000000000000BA
:106260000040000008000000A0000000A0000000A6
:10627000000000000008A0000040000000400000F6
:106280000000080382000000001100000000000070
:1062900040080000A0000000000800000000038883
:1062A0001008000000000000000040080000008806
:1062B0000000400820000008408220884088050235
:1062C0000000009000040304110808840940200421
:1062D000400011020084090003840000000802A0AD
:1062E0002008030803000088000840840800008498
:1062F0000002210000000904050011844084100000
:10630000000000081002040405000584001020109D
:106310000010211009084008020800C00011A00068
:10632000000000030008000000000000C000900012
:10633000000000001000000000000000000340000A
:106340000000004000000800000008000000A0005D
:106350002000A0020020000000200000000000003B
:106360008202000004020040202100000400040812
:106370000000820800084000002100000800000022
:1063800000000004080202020000000010080000E3
:106390009000900008080000000000000000008449
:1063A000090420004000048804401100400000005F
:1063B00008000908408221082188080041842088BB
:1063C000408811C00302110200820000410409004C
:1063D000210405000000000011000000050000007D
:1063E00000002084040200901000218804A020886E
:1063F000419000044104200011C009A0090440C0DC
:1064000009001190080021200090080003020300F9
:1064100003820000030000000000000021000000D3
:10642000000000000000000000000000000000006C
:10643000000000000000000000000000000000005C
:10644000000000000000000000000000000000004C
:10645000000000000000000000000000000000003C
:10646000000000000000000000000000000000002C
:10647000000000000000000000000000000000001C
:10648000000000000000000000000000000000000C
:1064900000000000000000000000000000000000FC
:1064A00000000000000000000000000000000000EC
:1064B00000000000000000000000000000000000DC
:1064C00000000000000000000000000000000000CC
:1064D00000000000000000000000000000000000BC
:1064E00000000000000000000000000000000000AC
:1064F000000000000000000000000000000000009C
:10650000000000000000000000000000000000008B
:10651000000000000000000000000000000000007B
:10652000000000000000000000000000000000006B
:10653000000000000000000000000000000000005B
:10654000000000000000000000000000000000004B
:10655000000000000000000000000000000000003B
:10656000000000000000000000000000000000002B
:10657000000000000000000000000000000000001B
:10658000000000000000000000000000000000000B
:1065900000000000000000000000000000000000FB
:1065A00000000000000000000000000000000000EB
:1065B00000000000000000000000000000000000DB
:1065C00000000000000000000000000000000000CB
:1065D00000000000000000000000000000000000BB
:1065E00000000000000000000000000000000000AB
:1065F000000000000000000000000000000000009B
:10660000000000000000000000000000000000008A
:10661000000000000000000000000000000000007A
:10662000000000000000000000000000000000006A
:10663000000000000000000000000000000000005A
:10664000000000000000000000000000000000004A
:10665000000000000000000000000000000000003A
:10666000000000000000000000000000000000002A
:10667000000000000000000000000000000000001A
:10668000000000000000000000000000000000000A
:1066900000000000000000000000000000000000FA
:1066A00000000000000000000000000000000000EA
:1066B00000000000000000000000000000000000DA
:1066C00000000000000000000000000000000000CA
:1066D00000000000000000000000000000000000BA
:1066E00000000000000000000000000000000000AA
:1066F000000000000000000000000000000000009A
:106700000000000000000000000000000000000089
:106710000000000000000000000000000000000079
:106720000000000000000000000000000000000069
:106730000000000000000000000000000000000059
:106740000000000000000000000000000000000049
:106750000000000000000000000000000000000039
:106760000000000000000000000000000000000029
:106770000000000000000000000000000000000019
:106780000000000000000000000000000000000009
:1067900000000000000000000000000000000000F9
:1067A00000000000000000000000000000000000E9
:1067B00000000000000000000000000000000000D9
:1067C00000000000000000000000000000000000C9
:1067D00000000000000000000000000000000000B9
:1067E00000000000000000000000000000000000A9
:1067F0000000000000000000000000000000000099
:106800000000000000000000000000000000000088
:106810000000000000000000000000000000000078
:106820000000000000000000000000000000000068
:106830000000000000000000000000000000000058
:106840000000000000000000000000000000000048
:106850000000000000000000000000000000000038
:106860000000000000000000000000000000000028
:106870000000000000000000000000000000000018
:106880000000000000000000000000000000000008
:1068900000000000000000000000000000000000F8
:1068A00000000000000000000000000000000000E8
:1068B00000000000000000000000000000000000D8
:1068C00000000000000000000000000000000000C8
:1068D00000000000000000000000000000000000B8
:1068E00000000000000000000000000000000000A8
:1068F0000000000000000000000000000000000098
:106900000000000000000000000000000000000087
:106910000000000000000000000000000000000077
:106920000000000000000000000000000000000067
:106930000000000000000000000000000000000057
:106940000000000000000000000000000000000047
:106950000000000000000000000000000000000037
:106960000000000000000000000000000000000027
:106970000000000000000000000000000000000017
:106980000000000000000000000000000000000007
:1069900000000000000000000000000000000000F7
:1069A00000000000000000000000000000000000E7
:1069B00000000000000000000000000000000000D7
:1069C00000000000000000000000000000000000C7
:1069D00000000000000000000000000000000000B7
:1069E00000000000000000000000000000000000A7
:1069F0000000000000000000000000000000000097
:106A00000000000000000000000000000000000086
:106A10000000000000000000000000000000000076
:106A20000000000000000000000000000000000066
:106A3000000000000000000088002080C0840002E8
:106A400020000003C0808889840000008400840046
:106A5000C00084002000C0002010200200050009B2
:106A600088000400008000080000880020800010DA
:106A700000402040840040100000212104840104D3
:106A8000899088112000C00000408400A000880088
:106A90008200880010000400848420800180C0806F
:106AA000001040408940001040108400408920417F
:106AB0004000C008C000204000000000004000026C
:106AC000000300000000094000400000000000003A
:106AD0000000000000000000000000204101000054
:106AE0004100000004000002050000000000000258
:106AF000000100C1000120020001000040C00003AD
:106B0000200140030000000000000401000000001C
:106B10000000000000208000200000040040204011
:106B2000001000018083400100010001000080028C
:106B30000000000000000000000000000082A0052E
:106B4000001082050000000000008504000000C164
:106B5000000200880000000400100880000000000F
:106B60000000008000108800000410900000000069
:106B7000880000100000000000000000000310105A
:106B8000218220801002000000008402000000002A
:106B9000000020020000020000828408009000042F
:106BA000000000040000400300000000000400405A
:106BB0000000000000101080208000800090411133
:106BC00000080000410841842082000840080008B5
:106BD0000004000900020984008402850210418437
:106BE00000840000400400040904000800100008AC
:106BF0000084090800902008000005000000000340
:106C00008008904180108009000020A0110904082C
:106C100000080900000900208004050920850004FF
:106C2000001000840000208280841100001005887C
:106C30000009008404080084004011400010201066
:106C400000000000000000408408C0084000001060
:106C5000040489032040081008400000001000418F
:106C60001040000000000100004040404010402162
:106C700084400040A01001090009C0004080840841
:106C80000000104002884011881000000000000041
:106C900000408400000000000000400801088488D3
:106CA00000084008000001080100000008008421DD
:106CB000A0030800000801110000880482410004BC
:106CC0008241000008000082050003000000A100CE
:106CD000000021000208080100000001000003007C
:106CE00000A000204100000020840901000109C12A
:106CF000002009A100010000400800080008001061
:106D00000000000080410008000000000000008238
:106D10000000000000000384090021008000100032
:106D20000802090080000008200020000000080080
:106D300000082100002000002000000005090000DC
:106D4000000108000803C100A0800000C0C100804D
:106D5000C00090099004008284000002040084C1F5
:106D60008400A0000002040588211000A000040097
:106D700020004002080520808880A0100400000048
:106D8000A0020810000082020805820440410800A9
:106D90000020A000400582000800C04190002000B3
:106DA00009408280200240418203C0110009820014
:106DB0008202000083000802000200840005000037
:106DC0000802000082000408401000080010004083
:106DD0000340030020000800084141040891038893
:106DE000054003042184400808840004008803004F
:106DF00003902010910100044104411000A00308F9
:106E00000508110800A00002100111100010000078
:106E100000002100059041000000119003000400D3
:106E200020884001094083022190218803840008C2
:106E300000080891088240000800219020110008F5
:106E40000808030000200308A00084000800820056
:106E5000200300030820C021002182028200A0023A
:106E6000000808008802A00082400000080010000E
:106E7000000500000800080090080004400082029D
:106E800010208210008282000003A00000802005F4
:106E9000820000080200C0058200C04102100221E9
:106EA00000080002110000020804A000000088058C
:106EB000A0100805A00810021000A021084000033F
:106EC000C100000008050004820000000500002049
:106ED0000082000000000088000008000800000098
:106EE00010820300000000000000000000080008FD
:106EF0001100400000000000000804C1000008006C
:106F000000000000400000024100000000000004FA
:106F1000400010000090800000C000000000000051
:106F20008000000011009084000111A00000080002
:106F30000000000000400001000000020000008589
:106F40000000080000000000000008002000080009
:106F50008221200090000404004109208310C041D8
:106F60000010044001118511844082824100910586
:106F70000480A105082140084000A0410020100025
:106F80008204204182090005200900050000000458
:106F90004005C000C0410000000240032000012164
:106FA0004088080502031041880811880200000982
:106FB000A00400000820908011008485A1214002D7
:106FC0004002A004A00000000809C0000841000021
:106FD000000040000020000041000000400002903E
:106FE00000880500052120001088034008050208DC
:106FF0000290001008084002A182008400A0210035
:1070000000000882080000000000000000400000AE
:107010002188000203000304000000000000410872
:10702000020041400300A00000021111100384C0BF
:1070300000000320090400200004A08211042002A3
:1070400020020388000008044100080000000084BA
:1070500000018400C00000000008002000020000C1
:107060000588000404A00010C1C105C1A120A0082A
:10707000C0C104C1A1202009C1C040C020400204F9
:10708000C0C183C020099009C1C040C00108840864
:107090000000C0C182C10009C004000200028402D5
:1070A00000024088A100100400C041419083408349
:1070B0009090C0C104C088084008C0C004C08820A7
:1070C0000202C0C021C01004C008C0C182C10404B3
:1070D000020400418411001100110380008000802F
:1070E0000000100021800000000090C010C00211BC
:1070F0000084C1C084A0081100C0C08011800000BD
:107100008000899020C000080082828000800400F6
:1071100080800000C1C1009000100010000003003A
:1071200000000000800040008080000084C1082131
:1071300090400009C19080C0040500919180828038
:10714000110388008480108000808080918802A1D3
:10715000099180400300052010002005840020A133
:107160004090820002000400080009A18003808989
:107170008080800000000089808380A10200A182BD
:10718000908090C09100A0898983C1119000858969
:10719000838483800000110010899182C100110056
:1071A00041041008A100100091008985210004000D
:1071B00091000420208311800884918280000010B7
:1071C0000089808880040500A0829103A1008000CE
:1071D00011858280A18284A02001A09040004100FE
:1071E000A104A10811C000088982910001C1040016
:1071F0000482C0C0C08288022082C0C0C0052002B4
:107200000382C1C0C10505904082C0C0C18408008E
:107210004082C0C0C00400008400C182C0C1C1401F
:107220008400C0A08205050004000840820491206B
:1072300000108884820001C040108382C1C1C0A0B8
:1072400088219082C0C1C08389004183C190C1A0C0
:1072500008880482C0C0C1050000000101000000D0
:107260008200000204100000C089001182A0828206
:107270008904000400C0C0C10902012000C1C1C1CD
:107280000221402004C0C0C189049002C0C0C0C116
:107290008808400400C0C0C00001A084412089C10A
:1072A000C0C105010001900183000000000084A11D
:1072B000820009C10000058302030541018300C06B
:1072C000C0C10902C09020C0C0C18211000200C02C
:1072D00010C00508002010C0C0C100020220031029
:1072E00000090300008080000009850300100003EE
:1072F0000009208400A1009083C182844011109075
:10730000A0C005100083808480880290918511912F
:10731000808804800000008080800001050084C116
:10732000C0A180C1410800030020C0092009000459
:1073300000051140C1200005A105C0C102042003C1
:107340000289889182880004008991C140100085DB
:1073500000C1008390820290008280900221A140AF
:10736000090082A00005808580030005C182091004
:10737000418011108021808300408000A10884C0DA
:107380008002C0808403C1A082C00809C08391A18B
:1073900008208291800380C0800280880001C14063
:1073A000C1A0218200218091800480008010000211
:1073B0008000000000032083A1002000054084001D
:1073C00091A005029008A041A0C08482408080C0A6
:1073D00080C08002844082848283828808418991AF
:1073E0000885C08809C082820209400300000508A0
:1073F00000A088820000C001C0C090A108A0C10107
:10740000C0C004210840C184C0C1110204A0C02032
:10741000C0C003910940C020C0C0408508020001DF
:10742000C111C0C0910504A00840084040A0100050
:1074300088212084C0048220908408200004000158
:10744000C184C1C191410904C000C1C0400303020D
:10745000C002C0C004890882C040C0C0040205A0A8
:10746000000000000000001100000000000000000B
:107470005000008800008112600000C8830048426C
:1074800081000088830048420000000083004842D9
:1074900084000088830048420000000083004842C6
:1074A0000000000000C88300484200000000000007
:1074B0009000000000000000000050000088000064
:1074C000820A00000088830048425000028883003E
:1074D00048424100008883004882000000C18300C8
:1074E0004842FFFFFFFF00000000699696960FF0EC
:1074F0000FF0F0F00F0F9965669A00000000000091
:10750000000000000000000000000000000000007B
:10751000000000000000000000000000000000006B
:10752000000000000000000000000000BDBD242499
:10753000000000002BD40FF099669966FF0000FF51
:10754000C33CC3A5000000000000000000000000D4
:10755000000000000000000000000000000000002B
:1075600000000000FFFFFFFE0000000096969696C8
:107570000FF00FF0F0F00F0F9965669A0000000011
:1075800000000000000000000000000000000000FB
:1075900000000000000000000000000000000000EB
:1075A0000000000000000000000000000000F96082
:1075B000F960000000002BD40FF099669966FF0077
:1075C00000FF3CC33C5A0000000000000000000027
:1075D00000000000000000000000000000000000AB
:1075E000000000000000000000000000000000009B
:1075F0000000000000000000000000000000431038
:107600002000008811064310200000881106431056
:107610002000008811064310200000881106431046
:107620002000008811060000431020000088110689
:10763000000000000000000000000000000000004A
:107640000000000000000000431020000088110628
:107650004310200000881106431020000088110606
:10766000431020000088110600000000C33CC13E0A
:10767000F00F0FF066996699C53AC53A6699669912
:1076800000000000000000000000000000000000FA
:1076900000000000000000000000000000000000EA
:1076A00000000000000000000000000000000000DA
:1076B000000006069F9FA5A5A5A5C5C5AAAA5A5A5A
:1076C0005A5A1CE30CF36F906F900000000000000A
:1076D00000000000000000000000000000000000AA
:1076E00000000000000000000000000000003CC39B
:1076F0003EC1FFF0000FA9566996A55AC53A966992
:10770000966900000000000000000000000000007A
:107710000000000000000000000000000000000069
:107720000000000000000000000000000000000059
:107730000000000024BD24BD5A5A5A55C5C5AAAA46
:10774000AAA55AA5E31CF30C906F906F00000000EF
:107750000000000000000000000000000000000029
:1077600000000000000000000000000000610006B2
:10777000000D100240618006002D100240618084DF
:10778000802D080200610007C09C00050061008791
:10779000809D000500610006009D000500610080DD
:1077A000809D000500610006009D0005000000614D
:1077B00000060095000500613006000D10024061D2
:1077C0008006002D10024061808780280802006139
:1077D00000850091000500650087809F20050061FD
:1077E0000086C095000500610003009500050000BB
:1077F0000000F0FAF4FE00000000FFFF0000555505
:10780000FFF34100000000000000AAAAFF3CFFFFB8
:10781000FFFFFDFDFFFDFD7DF0000000000000000A
:107820000000505050540000000000000000000014
:10783000000F00F0F00000F00000000000FFAAFFC1
:1078400000000000003CFFFF00000000020080027A
:10785000FF00FE040080FFBF0000004000FF3C046A
:10786000C3C3C3C30028002805FF05FFAAFAAAFA6C
:1078700004040004000A040E00000000FFFF0000E2
:107880000000FFFF0100000000000000AAAAFFFCAA
:10789000FFFFC3D7D5D5FFD5FC3CF000800000002A
:1078A00020000000000000000000000000000000B8
:1078B0000000000F00F0F00000F00000000030FFBA
:1078C000AAFF00000000A03CFFFF00010000000034
:1078D0000000FF00FE040080FFBF0000000000FA6F
:1078E0003C14C3C3C3C300000020053D0505AAFA2C
:1078F000BEFE0200F0FF0000000000000000F0F0FB
:10790000F0F00000000004000000FFF3FFFF0000A3
:107910000000FFFFFFFF000000000000000000F477
:10792000000000000000FFFFA0FF000000000000BA
:10793000000000000F3C55FFA0AF3F3F00000000DB
:10794000A0A8A0A8000000002838283800000000E7
:10795000000040005500000000FF00FFF0F0F0F0D4
:10796000000000000000000000FF80FFFF15FF0185
:1079700000FAFFFF0000F0FF00000100000000001F
:10798000F0F0F0D00000000000000000FFF3FFFF67
:1079900000000000D5FFFFFF000000000000000015
:1079A00000F00000100000003C3CA0FF00000000C0
:1079B0000000010000000F3C5500A0AF3030000077
:1079C00000000028AAAA0000000000303C3CC0C013
:1079D000003C000000000400000020F720F7F0F059
:1079E000F0F0000000000000000000FF00DFFF15C5
:1079F000FF01000AFFFF0400040020212000000016
:107A00008400040002004083840085028400850015
:107A100040000100018400802000A08000408920F7
:107A2000028004808880408400880280008488006E
:107A300020000000000000000000A002C000400084
:107A40008503C0002002C00000100000C0008408B0
:107A5000890084008800C100001020000000200080
:107A6000C0004004C00000908808892089002110CF
:107A70008200000520000000A000A00080A080007F
:107A8000200000000000000000080000400110A0DD
:107A90004000A02010002011004000000010000154
:107AA0004001000800080002050200020408000866
:107AB00004000000000003000000000000000000BF
:107AC00000001000000000010000000005000000A0
:107AD00000A0020020000000020000C00000000022
:107AE000050000A000000000001100A010A120006F
:107AF0008805200000000000410000410000000453
:107B000000040000000000000010110000004020F0
:107B10000020880200092004010302000800082157
:107B200082044140200410004004400040401040C6
:107B30001000000000000000000400010000000030
:107B40000000000020000003000000040009000005
:107B5000200000040008880000020000000300006C
:107B60000002000400080000001100000000008076
:107B70000080001000040000000000100510000844
:107B80000009020800080484000400088208400874
:107B9000800903090000008441852082C108000893
:107BA000800808089009A009808880088082808861
:107BB0008083C10809040440008440080003028453
:107BC0002082000800080008401000820008000819
:107BD0000508000000021004090800010082418825
:107BE000000009090008208220081088038800840A
:107BF00009022002000500080908000840080203E5
:107C00000021004000210021000000080021880020
:107C1000004100419121880800402002C00400007A
:107C2000A0000000002140410002208820200041E7
:107C3000A0000000881100050008000000000000FE
:107C40000008002100210021041100008805900097
:107C500001030110001001100000000002080000E4
:107C6000840000090000001000030000080000006C
:107C700002A00003A020840290080210000000C0AF
:107C800008C000C008000000000000A00884082010
:107C90004100030805100200110005A1A1C1210344
:107CA0002100000009880000C00008000802000050
:107CB000000003000000090000A0040021000010E3
:107CC00000000000000008820000088211C000A02F
:107CD0002100400040A04000409000000000A100B2
:107CE00000100508400408000000000005008000A6
:107CF00008084109400000C100890590C104000046
:107D0000414040008200001004A09002A041900079
:107D1000822000410800C004100282049000088004
:107D200040100002048008400800024008800080E3
:107D30000080C0410841084084110800820500000D
:107D4000020000001000820282418220820008416D
:107D5000A0008205C0008205C000A180A109C00268
:107D60000002040082058241820008024010C00027
:107D70008482400020002000C0000008001008009D
:107D8000402109C00990210041A18805210010006F
:107D90004100210000C01100020011C04004402039
:107DA000001040850500400800C0401005C00208D2
:107DB0000340004000024088000000002000210035
:107DC00020000400000005024184008800000390A8
:107DD0002100000008100304100000002040029061
:107DE000090521000908050205820082848200A09D
:107DF0000002210385A08904890000001108030006
:107E000000028302020240024000820008200011AA
:107E10000800102104200400C00010200802404186
:107E2000C0088220C008080010118200829000055E
:107E3000C0000000001000051041000300410003D5
:107E400000412000000000030000880008000040FE
:107E50002000C008080008002082210082042005BC
:107E60002008200020112005A0098408A041030358
:107E7000880582410808820511118305A1020820A6
:107E800000030000901140000501C184000000843F
:107E900000000000000080034000210800C14010E5
:107EA000049009C02101030000001010000000022E
:107EB000009010000800080000400010090008842D
:107EC000000000840000000000000300080005001E
:107ED00000004100111000080000004082844001B1
:107EE000000088008000A1008088009009C0080080
:107EF00088820890000080080510824008000889E8
:107F0000839100020082200021008308408000004D
:107F10000488820010080041C004A04000008403CF
:107F2000840008208220000888204020831102005D
:107F3000A0100200C0A00000A00008882184400911
:107F40000120000800200041004000008410401182
:107F5000400004000800020890008200080082002F
:107F600008080021A04091C0400001418421200266
:107F700020214021881008050805C0000141008229
:107F80008802084040040020000382090404002005
:107F900000A085090000800000001011419105003B
:107FA00000000088000104C1000000A1000002C020
:107FB00009040000000240400400080000400240A4
:107FC00000004088090000024000002000000090EE
:107FD0000988209000888304C1C008002000410067
:107FE0000382030040000008020211C00202409018
:107FF000001040000040410011882100000010C026
:108000001009210108C00000000040002140018843
:10801000A191A011898900008500850000001188C8
:10802000000800089008040182018800100103A0E4
:10803000000802A090A001051040890000C1019134
:10804000A004000203900000840000000100000072
:10805000000084000000000000000000000000009C
:1080600011C00110C183008401001102C08400000E
:108070000102A0028302000285A085C083A082C005
:10808000C0000900820082000000010082000000A0
:1080900003880591C19105910300890084000000C7
:1080A00091800080118080808341412100008010F8
:1080B000900010808000000004C182034003001083
:1080C000044100054140054000008000000003001D
:1080D0000000000080000000000000000000000020
:1080E000000091891105200900032000C0800300D1
:1080F00000001180118003800080110041004000C9
:108100008000080390218940000320000400000043
:10811000000083004105A1918985000080000000D6
:108120008000040403210384C1000200A100201187
:108130000300000000A10000000003004040408058
:10814000C10000800080800000A100050000000048
:108150000000000000000000000000000000C0055A
:108160001000410000200090008500001004090864
:1081700011032104040985A190842180C010A0A1CD
:108180009085100003802100C000C1002000040081
:10819000410009008802080185A1899100000200C0
:1081A00000009040000101840091914091A01102D3
:1081B0008501C184820084021020C000A0000382D7
:1081C00085400984900200080800000400000000B7
:1081D000000000000000000000000000000040005F
:1081E000020000908500109140024040884001004C
:1081F0000240000101200900820810918510090049
:108200000508A1908500A0028882A0000904010051
:1082100000000000000001840110080801110000A6
:108220000000000101010840C082C08211C00109A4
:108230000141840900A190C000100040C0C10000AD
:1082400000400500A005C0900004C0A0829100007D
:1082500000000000000000000000C000000000005E
:1082600000000000040000002011820120820300B1
:108270000802C09120088301040120000401C1000C
:10828000400902000810100100020000859000A1C2
:10829000000100000000000041800300C1A0119116
:1082A00000110000000511418000000000008280E4
:1082B00005830208C1210488001100A1000300C148
:1082C0004003110585031041850021008400000949
:1082D000000000000000000000000000800000001E
:1082E00000000000000080000000400800100004B2
:1082F0009011208480040091824080408002804060
:108300008220001000118011850905C0400502413E
:1083100005410040000300050020C1114141030058
:10832000100000090000004100808085802080410D
:1083300080054002030920000200000280000000C6
:1083400000008085040080808008C10211080300BD
:1083500003000000000000000000000021000000F9
:108360000000000080A00080008000092005882116
:108370002080000090098405C000A0118082800246
:1083800080008003808080008000800809094020F0
:1083900002000311008000000000000891010001AC
:1083A0000900000000000084000200C0821190015A
:1083B0000800908401890004018201002000080463
:1083C00020829000C0C0C0104010100105000205BE
:1083D000019000000000000000000000000000000C
:1083E0000000000000000440821088408820000047
:1083F000850883C0400002A020000220830004C141
:10840000908508409001400490040288900100414A
:1084100000010140000000080040000000010000D1
:1084200000C843008200004100C1430000118421C4
:10843000028843000000004100C841000000000025
:108440000000000000004800008812004200000008
:1084500000000000501100000000000000000000BB
:10846000000000000000820000000000000000008A
:10847000000A00C183000006880002880000500046
:108480008400028800004112600002880000600041
:10849000000000C183000000000000000000000098
:1084A000505050500000000C000000000000000080
:1084B0000CFCFAFA3CCC55550000000000400000CE
:1084C0003CAA3CAAF0FF3CAA00009666F0F00F0F11
:1084D000FF0000FF3FC03CC30000000000000000A0
:1084E000000000000000000000000000000000008C
:1084F000000069696969966996690FF033CC33CCDD
:1085000033CC0CFCFAFA00000000ACACF0FF000029
:108510000000000000001400000000000000000047
:1085200000000000555500000000000000000000A1
:1085300000000CFC0A0A3CCCAAAA000000000000C3
:10854000000000F0FFF0F0003CAA00009696F0F06A
:108550000F0FFF0000FFC03FC33C00000000000001
:108560000000000000000000000000000000040007
:10857000000000006669666996699669F00FF00F61
:1085800033CC33CC0CFC0A0A00000000ACAC000F6A
:108590004100410000000000000000000000000059
:1085A000000000000000CF0C0303C3000000000027
:1085B000FAFAAAAA5F5F3F300000FFFF0000000048
:1085C000FFFFFFFF553C553C8D72A55A699696C337
:1085D00033CC33335A5AA566C33CC33C0000000079
:1085E000000000000000000000000000000000008B
:1085F00000000000FFFF55A53C3CD3D72C285AA50E
:108600005AA50F0F0F0FBE14BE14000000007D28E6
:108610007D2800008000000000003C0C3C000000B1
:108620000000555555550000CF0C0303C300000052
:108630000000F0F0000050503F300000FFFF00004D
:108640000000FFFFFFFE0FFF0F00A55AA55A699615
:1086500096C333CC3399A5A5A5A569966996000064
:10866000000000000000000000000000000000000A
:108670000000000080807F7FAA5A3C3C2C28D3D782
:10868000A5A5A5A5F0F0F0F05F5F0A0A0000008044
:108690005F5F0A0A00000000000000000000000008
:1086A00000000000555555550061000600110000FE
:1086B0000061003700080000006530BF809F200087
:1086C00005790A2E150105A100613006009D1002F2
:1086D00048718045902D100240618006002D0802EF
:1086E000000000000000000000000000000000008A
:1086F000000000610006000D10024061843F002D63
:10870000100240658087802F280200653087800F27
:10871000200000653087800F200005610A090514DC
:1087200000A000614006000D1002C3FF04000055C8
:10873000005500000000BEBE28EB00000000000055
:108740000000FBFFFFFF0000FFFF00000000FFFF35
:10875000040400FF00FFC3FFB2B2FF551E1EFFFF5F
:108760000000000000000000000000000000000009
:10877000000000000000000000000000000000A059
:1087800001000000000000003C3CBEBE00000000F4
:1087900080FFFFFF00000000ACE2AFEE1B0F0F0FE9
:1087A000F5F5FFCF0000000000000000FFFF000013
:1087B0000000555500000000828228EB00000000F8
:1087C00000000000FBFFFFFF0000FFDF00000000D3
:1087D000F300040400FF00FF003CB2B2AA001E1E1A
:1087E000FFFF00000000000000000000000000008B
:1087F0000000000000000000000000000000000079
:1088000000A000000000300000003CFCBEBE0000E4
:10881000000080FF00FF00000000A022A32E1B0F1D
:108820000F0F0A0AF0FC0000000000000020040006
:108830000000F0003C00000000000000000000000C
:108840000000FFF03CAA3C7DC38200000000000055
:108850000000000000003CFF0F55F7FF0C0C0FFF5D
:108860003C55000000000000000000000000000077
:10887000000000000000000000000000FFFFFFFFFC
:10888000000000C00000000000000000203C2C3C64
:108890000000000000F800FD0000000040000000A3
:1088A000C6C3C3C3007030CF00000000AAAABAFA42
:1088B00000000000F0003C0000000000000000008C
:1088C0000000000000F03CAABE3C41C300000C00C8
:1088D00000000000000000003C000F55FFBF0C0C22
:1088E0000F003C55000000000000000000000000E8
:1088F0000000000000000000000000000000A0A038
:1089000000F0000000C00000000000000000202077
:108910002C2C000000000028007D0000000000005A
:108920000000C3C3C3C3005000FF000000000000EC
:1089300030F0000000000000000000000000000017
:108940000000000000000000000000000000000027
:108950000000000000000000000000000000000017
:108960000000000000000000000000000000000007
:1089700000000000000000000000000000000000F7
:1089800000000000000000000000000000000000E7
:1089900000000000000000000000000000000000D7
:1089A00000000000000000000000000000000000C7
:1089B0000000000084002000C08020102080208063
:1089C000C09020088480208040842088040000001B
:1089D0002000008988008480000020008400900529
:1089E00088000100208820808400888020040404FE
:1089F00020020000000000004000040020008880E9
:108A0000C00088804000848820002000C000400012
:108A10000400200005104010200000004000200548
:108A2000880020000088C04020008208200000202C
:108A30001000200004820000000000021004000862
:108A400080020002800003400002001004020000C7
:108A50000000000000020000404000000000040090
:108A6000000000004000044000400000044000C13D
:108A700000010001000000000000000000000000F4
:108A8000040200004002000000020000000000009C
:108A900000000000020002000000000000200900A9
:108AA0000000000000004002000100022000000061
:108AB0000000800080001109002100000004000374
:108AC0000108880401028404000541050008000033
:108AD00000000005000800042004900500000011BB
:108AE000000000000040000000080800020008002C
:108AF00000000088001000020001C0000200081001
:108B00000000000400820010000402040040820003
:108B100000002009004040080211400090020000BF
:108B20000000A0000003000300000004C0000009D2
:108B3000001088002003888004090008410800080C
:108B4000048410090011400903834082C008418455
:108B50000004008400080010118405082008008427
:108B6000008440080040410800840040050840049B
:108B700009081108000200840009000300088008A9
:108B800080840588000820114108020005080408B7
:108B900003084188050800890904C0848008000989
:108BA00005082010000800080408091003820908BD
:108BB000201004010904008440042000004000400B
:108BC0000085000800020040000500052003022186
:108BD00000110021000801110140011000410005B1
:108BE000000800110240020802000240404000213B
:108BF00082A1004040820440A083001000000800D1
:108C00000005A0080003002041200008000000A08B
:108C1000C009000200030004200300410005020215
:108C200000038402000410802002000308400000BA
:108C300000400004000400030100000808020001D5
:108C400000110040000800000588210009A0000074
:108C5000C1000300008208900200080008C008005C
:108C6000000000000010800280828000C000000030
:108C7000008800400002884100012110000100002E
:108C8000000008820000410041018209080100C083
:108C9000032000A008100804081008000084030046
:108CA00083882100080121C000400004000041C069
:108CB0000508000100A1410100004000000008007B
:108CC00008200010C000A085A00200000000A00540
:108CD000040010050840820804050000400010410F
:108CE0004041A0891011821008090841000004C009
:108CF00040040000080004008200A005C0041085A4
:108D000000008204080040004004A0008305C00069
:108D10002089080940099002C0210305200290A083
:108D200004C1C0050404A011A000820082004020FC
:108D30000000822100090089000902000003900060
:108D40000000109021102110034000004008100086
:108D500000040404004040C002C100000240404042
:108D600005200300100241820900030041001100A8
:108D700003040088109010842104089010C00000A3
:108D80000004000008C000A0038221092184409053
:108D900021A02120411000C008010040820008905D
:108DA00009040904050003C000001100100004823A
:108DB000898200C041A00900091000204000040081
:108DC00010004008A000A040820002020000002124
:108DD000C0094021000800118400858010030800AC
:108DE00010401008A000A000C00390050021204002
:108DF00000040800A0109021C0000804C0218221B6
:108E00000000004000020803080384008205C1102E
:108E1000C01010208208010040C1008409402010C9
:108E2000020441211010A003A0828285008010035B
:108E300008400010401082030005000500020800F1
:108E40001008080590400082000000008001050025
:108E500000000000800000900000000010100310CF
:108E6000008811C00810000010000800210803C08D
:108E70008000080141880000030011082100000063
:108E800000000000020000001100000000000000CF
:108E900040050510000100900200004003410284DB
:108EA000C190800102000200030000400010001089
:108EB000039008010501A189080220C0000000C03C
:108EC0000308000040884100020400A110091000BE
:108ED00001214080A10921828200C002A0410084BA
:108EE000021104050011400082044004C003000286
:108EF000C000000500110284880840218200002083
:108F000000000400A0041000000083210804822156
:108F10001104904090050820901090419003082182
:108F20000004900204088803200240042000840406
:108F3000822100412000A020900220040000A00017
:108F4000040488A104A000851080890409400890C9
:108F500011900290084008020802090400001084E1
:108F600004028000410041000300000020000000D6
:108F700009110384000200200502118209401190AA
:108F80000440094000000209008400000284080235
:108F900000840840080202880000200003A00000AE
:108FA0000884400109C00990034010200900000016
:108FB000410011004088008800A008A0000005843E
:108FC00040C003A0104003401010C0100140030037
:108FD00020041010C1C120C002049004C0C005C00C
:108FE0002004A004C1C084C0080490040000010053
:108FF000080001011100000404200010019000206D
:1090000000200010C1C182C0902002090000C0C031
:1090100005C0010410840021000300C000111104E8
:109020000001011000020205000411200001C0C06F
:1090300004C103208409C0C082C0C0040208C0C0AB
:1090400020C004041084C0C084C010040204058041
:109050008800418000808283038900910011C180D3
:1090600004808080000090802080808000000003C9
:10907000034000090208910008808200008010006F
:10908000000003000080C0830391091080A000004D
:10909000C180A080048000000041002100050090F4
:1090A00091A0002110880082889100C140020040F8
:1090B0009190108240088082A08020800080808073
:1090C00091800980408080009180118080808000A4
:1090D0000900820010080380880080888083C18294
:1090E0000900058990C0A0800811C189908488007A
:1090F00010000800200008048040800900C0000023
:109100000000802100000000838008899180841085
:1091100000000000008480828080410082080810E6
:109120001082004108C080A0001111884121110265
:1091300010809080088490C0A1108200A085A0C0FB
:10914000C00080000984918084800900C1828891D8
:109150008988000082820008000405844083C0C022
:10916000C10482009082C1C1C00441000482C0C019
:10917000C14083A0820000002008840110A090411B
:10918000900800008282002000400582A182C0C0B9
:10919000C104000008009083C0C1C004A00208847C
:1091A000A1200004A003A004204182200040004030
:1091B000012000C00940C083C1C1C18505004082B3
:1091C000C0C0C1880800C083C1C0C040400008833F
:1091D000C0C1C10501010009820502018805010322
:1091E00000C0C0C04083889008C1C0C04040000596
:1091F000C0C1C0C0000001000001000101008208E0
:10920000402103000100008882200002200408A001
:10921000C1C0C0C00001A1110491C0C1C0C11000F3
:109220000100410084000004201004008200880135
:109230000104040001918408012005C0C0C0080594
:10924000004140C0C0C084090220A0C1C0C1044187
:109250000009A0C1C0C1020800100088801004C02D
:10926000028303C190898408002080A180C0830507
:10927000009000A180890008081141040405024003
:1092800000A1002082090200000000000000848983
:10929000C0400588C0A0000140028040008584884D
:1092A00083004100A100000009800080A000C000F0
:1092B0004040038280020411038420900583919032
:1092C0008382009000A0C1834188808000908091BB
:1092D000C10200A0009080C1000080418003009185
:1092E000A10385C085020941C1218391C102000209
:1092F0008000808280200011210303C0032110031D
:1093000000050085800000000000800000000000D3
:10931000900088C18890839000018000808880023E
:109320000000090490828000089082119091400012
:109330009000A000918002004040A04082C111092D
:1093400002888000808380C080038040808580897F
:109350000082C100A0C09089108010400401040365
:1093600040C0C101C1C0059104A0C108C0C004A192
:1093700004A1C088C0C10490040801020108009142
:109380000001000020028210400020001000008830
:109390000800C140C1C0050308400001C000C0C0B2
:1093A000041184C08210030502A09008C00010853B
:1093B000A19004000500050200888901C101C0C018
:1093C00020C09102C090C0C1040208A0C089C0C0E2
:1093D00004108405C100C0C00402040200000000A3
:1093E00000008211000000C8830048420000000015
:1093F0008300484200000000830048420000000053
:1094000000000000000000C100000000000000009B
:1094100000000000000002C88300484200008400F1
:109420000088830048420000000083004200008161
:1094300000C1040060000000008800000006000079
:109440000000830048420000000083004842000002
:10945000008883004842000000C183004842C5A53F
:109460003A5A0FF00FF0000000000000000000006A
:1094700000000000000000000000000000000000EC
:10948000000000000000A5A5A5A5699669965AA54B
:109490003CC30FF0F00F00000000000000000000CF
:1094A00000000000000000000000000000000000BC
:1094B000A5A5FFFFAAAAAAAAC3A5A5A5969669690C
:1094C000000000000000000000000000000000009C
:1094D000000000000000000000000000000000008C
:1094E000C5A53A5AF00FF00F000000000000000080
:1094F000000000000000000000000000000000006C
:109500000000000000000000A5AAA5AA69966996BF
:10951000C33CC33C0FF0F00F00000000000000004F
:10952000000000000000000000000001000000003A
:109530000000A5AAFFFFAAAAAAAA3C5A5A5A9696C0
:109540006969000000000000000000000000000049
:10955000000000000000000000000000000000000B
:109560000000000000000000000043102000008800
:1095700011064310200000881106431020000088C7
:1095800011060000000000000000000000000000C4
:1095900000000000000000000000431020000088D0
:1095A0001106000043102000008811060000000092
:1095B00000000000000000000000000000000000AB
:1095C0000000000043102000008811064310200016
:1095D0000088110643102000008811064310200067
:1095E00000881106A5A5AAAA0F0F0F0F0000000002
:1095F000000000000000000000000000000000006B
:109600000000000000000000FFFF000059A659A65E
:10961000A5A5A5AAC33CCC330F0F0F0F0000000077
:109620000000000000000000000000000000096FC2
:10963000197FFF00FF005555A5A59995666A000F93
:10964000FFF0666666660000000000000000000093
:10965000000000000000000000000000000000000A
:10966000000000000000A5A5AAAAF0F0F0F000009C
:1096700000000000000000000000000000000000EA
:10968000000000000000000000007F7F808059A6DD
:1096900059A6AAAAAAAAC33CCC33F0F0F0F0000065
:1096A00000000000000000000000000000000000BA
:1096B000006610767F807F805555A5A599666699CE
:1096C000FFF0000F99999999000000000000000038
:1096D000000000000000000000000000000000008A
:1096E000000000000000000040618006002D08021C
:1096F000006100040099000500610006009D00055E
:1097000000610006009D000500610006000D1002CA
:1097100040618007002D10024000800000200802F8
:10972000006500010093200500000061008780991A
:10973000000505610A0E050D10A248618027102D55
:109740001002406580810021080200610006009D32
:10975000000500610006009D000500610087009182
:1097600020050061000600970005000000000000D1
:109770000020FFFFFF00FFFFFFFF000FF00040FF92
:10978000E0FF000000003CFF3EFF00000000008200
:1097900055D7000000000400000000000000000099
:1097A0000000DF9E5D1C00F00FFF000000000000C5
:1097B000FFFFFFFC0000000000000000FFFF0400AE
:1097C00000000000FF40BF001000BFFFCF4D4D4D17
:1097D000FFFF00FF0000000000000000000000008C
:1097E0000014EBFFFFFF000000400000000000003D
:1097F00000000000FFFF510000BE00AE000FF000AF
:1098000010FFB0FF000000003C3C3C3C00080000A2
:109810008080D5D50000000000000000000000009E
:1098200000000000CB8A49083A3A3A3A00000000AA
:109830000000FFFFFFFF4100000000000000C3C365
:10984000040000000000FF40BF001000BFFF8E0CAE
:109850000C0C0000202000000000000008000000A8
:1098600000000000FFFFF3FF0C0000405555000012
:109870000000B455B4FFBFAFBEAA41412828000084
:1098800000000CFFACFF00000000545454540000D2
:109890000000AFAF0CFC0000000000000000000062
:1098A000000000000000FFAA1E1E3030F3F300008D
:1098B0000000000000000000003000F0FFF0FFF0AA
:1098C0000C0C00000F0F0F0F7FFF400000BF40FF88
:1098D0003F7D3F3C002030200000000010000000D1
:1098E00000000000A0AF00FF00000000FCF000F04E
:1098F00000000000B400B4AA3D053C004141282806
:10990000000000000C0CACAC0000000014545454D7
:1099100000800000A0A00CFC00000000000000007F
:10992000000000000000000055001E1E28EB28EB80
:109930000000000000000000000000300050FCF0BB
:10994000FEF00F0000000F0F0F0F7FFF400000BF61
:1099500040FF034103000020302000000000000011
:1099600000000000000000FF00FF00000000FCF00D
:1099700000F0050005008400890482108400840042
:109980008440C00000008802001000000000200891
:109990002000200020008400200084000200040039
:1099A0000880200000008400850904008400200055
:1099B0002010000020080000080020020010000015
:1099C0002000400540000000880088102000200092
:1099D00020008808200084004000C003A0900200FE
:1099E000200020002000C00020008810840040409B
:1099F00000002040202020880900200100000000F5
:109A000000000083000002000001000000000400CC
:109A100000000000040004000000000000008000BE
:109A20000000A0200400000000002000000004004E
:109A3000000000000000000105008000000100009F
:109A4000000000000000000800000000000000000E
:109A500004000000000000000500000000000020DD
:109A60008000000009000000052000000000000048
:109A70000001000000010091000400058403400083
:109A80000008A0000089000000004000020500104E
:109A900000090000000000000000000040022080DB
:109AA000000000000040A000000000020004882028
:109AB0000000000001000001001000000000008311
:109AC00040030040001000020000008540900004A8
:109AD0000000000084000080402100000000002100
:109AE00000020005019000000000000000040005D5
:109AF00000000000008082001004000800104008F0
:109B0000808208820008001041002104080440847B
:109B10000090001005880010008400820084C005B9
:109B2000000209080088050400040000000141004B
:109B3000008941880082100800030088400020004E
:109B400040108500400900001101000804020010C7
:109B500040880510110041840202000809880908A4
:109B60004084400140044011001000840000108532
:109B70004088000000000510000883000209010869
:109B8000021000880041008200C1900300410009DA
:109B90008400104000110003840500000003080049
:109BA00000022011002100110040000800080008F8
:109BB0000008000800100005001000000002080363
:109BC00000080041000000000005000800090083B3
:109BD000844000080000C003000200058221100834
:109BE00008200010018820A10021080810044082EC
:109BF0000005000800000021C02108040282A1A085
:109C00002000800000040302030403020084030018
:109C1000000021A00082000021000900000000A037
:109C200008002101000008000800008500901000D5
:109C30000502100021000000030000A10000200028
:109C400021C0414000A00902210020822100000221
:109C500000100503000405000002210905840984A1
:109C6000108803A1008204022102000080A000A14C
:109C700080030508000008842100000089410802D3
:109C800008090800082008082021A0008811A01158
:109C900000020004C004400008009000200282047A
:109CA000A0100804C0000804000082008211100007
:109CB0000040820240020008418000200020000095
:109CC00082080011408020040820002010110400A8
:109CD0000402210208020002828290008800080328
:109CE00000002000400408828200418000008500BE
:109CF00004000002C0030200040082000820108259
:109D000021A02182080402C02000A10208840910B9
:109D1000002009C0000020201100088805882100CB
:109D2000218800028088040021902102090002A0FD
:109D300082C04005110421210001102000C1409182
:109D40000000118440828810041000004100008847
:109D5000000208840800108808A0092111002100D1
:109D600010A000820408218500050320C002000421
:109D700008A0100021A010900800411010200482BB
:109D800003030504828408A084C004400400820008
:109D9000200800400009084082419008A0210041AD
:109DA0000009000000021009820282050004000080
:109DB000901020000021A0000804000004004000D2
:109DC000820900020005A040821182408810000034
:109DD00020022040201100118480A000008220A1D8
:109DE000051090A100058408004100020002100047
:109DF0000041A002C00390A1840240028200904072
:109E00000008A08220840005030400040000001064
:109E100021108002089020C041C0000040000308CB
:109E20000390030800900000081002C000A0080082
:109E300008000200000000840002A0A12084A08489
:109E40009088008400000210000000000000000064
:109E5000030021020000000021000502080009059E
:109E60000004A0000004000020A0090009000385F0
:109E70000000000011C1000003020000800100008A
:109E80000800000000211004A0058804A00520118E
:109E90000002000088100208100340040809200591
:109EA000400502008400A008404000000208004075
:109EB0004000902104020411820908A104400040DE
:109EC000C011000300020000001140080241040814
:109ED000900208210008080010100202100840003B
:109EE0002021210020218802A004402008A1210572
:109EF000000304000108002188214000401188006F
:109F0000020000A0402004040989099011034102C5
:109F1000402009030002100041044102110000909A
:109F200021008800000000820390000100820202EC
:109F3000000003000990114103000004090203011D
:109F400009C020880508000100001102210409C091
:109F500011900811008209000588A10009880000FD
:109F600000880988040003A0000100000483210484
:109F7000048800002108020100820588038404008F
:109F80000084A10000028400058300C1010088A1B3
:109F9000C001080420859002840900000000100020
:109FA00000000088049001020084400001000800C5
:109FB000020000050402C002008201A001C00008E6
:109FC00000084000A1000000040000004000010063
:109FD0000200200000000000820000002008022093
:109FE0004089088388889004A08210A00010029005
:109FF00020A00482820111018400C0000001000140
:10A000008401000141A000C0A1C008C0009103006C
:10A010008004002010842140048200881100210067
:10A0200000000000200000000800008080004100C7
:10A03000800000000010059180890091200003003D
:10A0400000800900800089001100000000008000ED
:10A0500041000000000000030920000300041080FC
:10A060001183808880900011908203820003038016
:10A0700021800000808005410821804000020011FD
:10A080004021C0400040A0001000040080000300F8
:10A0900041000411A000030402839040030040002B
:10A0A000090020002100000000900000000388004B
:10A0B00010000510090000000090000000000400DE
:10A0C000902104004180880040808210C1890000F6
:10A0D0001100038011044180900003001000020071
:10A0E000210003080380418020020908102091000C
:10A0F000210090800903890040000211C000A0C126
:10A100000000210011004090C000202005908384B1
:10A11000000000000101C1A082219011A0A021C077
:10A12000000000000000010000900021001000016C
:10A130008900200008012000820082088204A08893
:10A14000830005A0A01083048900918405000341C9
:10A15000000090000902A00189A009000500A000EC
:10A16000881003020301C00803A001018801C00098
:10A17000910000008202888890849090010009A0DC
:10A1800083110082010001000188880205900440CB
:10A19000C02000000000840101C1A0880488A11033
:10A1A00009020001000100000000020000000000A0
:10A1B000030000100088002100C108000001000019
:10A1C0002000100000009001C100011100899004DE
:10A1D00000C1000000110008002000100000010173
:10A1E0000001010090400182008310A000080401DA
:10A1F00000914041004088039005828201C1010224
:10A20000050200A000000101A0000001C0020085BD
:10A21000089121C00000030000040491004189104E
:10A220008890401000100020001100110000000074
:10A2300000008900008200100021008800202140D9
:10A2400002080504000200000008412041C000038C
:10A2500000400341000000080082001000110020AF
:10A26000400341210420000940020305919005911B
:10A270000010119085900088002080210310210893
:10A280000902850211A00041200300091104008980
:10A2900000820008A085C10011002080C00000835A
:10A2A00011801080851000000000000000400300B5
:10A2B000830005000200008000000000001000087C
:10A2C000000000000000800900800080000441912F
:10A2D0002183200005000000001100000080000024
:10A2E00000020004008000082121408884800803C7
:10A2F0008000800480008009808500050000002126
:10A30000840491C111800803418002004000404054
:10A31000028411A005000340C000010001849000E8
:10A32000A0088420A00208000040000000000000F7
:10A3300010000400110010000008009000900000C0
:10A34000040110A01040900010208820A00290016D
:10A3500001890004010200000000000200880040A2
:10A360000000008900840082000191110521102065
:10A37000C10190200489081040009090020204045A
:10A380000400C0412010C010830001C00000010083
:10A3900001210841882011902000000000C8000021
:10A3A0000000000000C100000000000000000000EC
:10A3B000000000000000000000000000000000009D
:10A3C00041000000000008000021000000440000DF
:10A3D0000006000000C183008200000000000000B1
:10A3E000000042000000000000000000000000002B
:10A3F00000000000000000C1410000008100008852
:10A4000041000000004100004100001200000088EF
:10A4100000006000480000888300000000003C3C11
:10A420000000FFFFF382F3BEF0A0FFFF000000007A
:10A430000000000000F0FFF000000000000000003D
:10A4400050FAFFFFAAFFB4B40000000000F00FFFB5
:10A450000000000000000000FFFF0A0300000000F1
:10A4600000000000FF90000000000000000000005D
:10A4700000000C0E0C0E00C0FFFC287D00FF000445
:10A48000FFFEFC3C3C3CBEFF808000000000000062
:10A49000000000000000C1E9D5FD003C0000000004
:10A4A0003C3C00000000308230BE30A0FFFF0000C6
:10A4B000000000000000AA3CAA3C000000000000D0
:10A4C000000050FAC3C30055B4B4000000003A3A8B
:10A4D0003A3A0000000000000000FFFFAAC300009D
:10A4E000000000000000FFB00000000000000000BD
:10A4F00000180000000A0C0E0000FFFF00FF00FF24
:10A500000004FFFE0C3C3C3CBEFF0000000040018C
:10A51000000000000000000080A894BC0000550569
:10A520000F0F00000000FFFF17FF17C33C3C1C0C7F
:10A530000000000000000000AFBEAF1400000000EB
:10A5400000000000FFFF5F0A3F03D7D700000000B4
:10A55000BEBE5F0A0000000000000000105014554D
:10A56000000000000000FF005D5D000000003C5F97
:10A570003C0A00000000FFFFFFFF2D0F0F0FFFF54B
:10A580000A00FF00DF08FFFF0000000000000000DD
:10A5900000000000000000000000BEBE5F0AAA002C
:10A5A000AA000F0F0000FFFFFFFF173C17003C3C05
:10A5B0001400000000000000000005BE05140000AB
:10A5C000000000000000FFFF3C3C3F0314140002A9
:10A5D000000014145F0A000000800000000000501A
:10A5E0000055000000000000FF0008080000000007
:10A5F0003C553C0010000000550541052D0F0F0F84
:10A60000FFFF0000FF00DF08FFAF000500000000B3
:10A6100000001400000000000000000014145F0A95
:10A620000000303040E380000021820200613007EA
:10A63000000D000000610006000D00000061300602
:10A64000000D000000610006009D00010061304621
:10A65000100D00A100613086200D000105400A0F99
:10A66000051C00A0000000610006000D0000006154
:10A670000006000D000180610006000D0000006171
:10A68000000F100D00000061000E900D0400A0618D
:10A69000002E100D00010061008300050000006124
:10A6A000300F809D00A50000FC0CAA00AA00AC5C45
:10A6B000AC5C3C0F3C0A0000000035350000C3C311
:10A6C000C3C30000000000000000FFFFFFFF000008
:10A6D000000020A020A0000000003C3C00FF3F0341
:10A6E0003F3F3CFF30F3000000000000FFFF3CFF55
:10A6F0000000000000000000AF3C00000020AAAAFB
:10A7000000000000000041FF0000000000A00AAAB5
:10A7100000000000000000005500FFFF00000000E6
:10A72000CBC3C3C3000000000000FC0C0000FF000E
:10A73000AC5CAC5C3C003C0A000000003035000022
:10A74000F0F0AAFF0000000000000000FAFEFFFF8A
:10A7500000000000202020A0000000003C3C3C3C09
:10A760003F03030300C330F3000000000000FEFFBE
:10A770003CFF0000000078287D28AF3C000000204E
:10A78000002000000000000005FF0000000008A8F5
:10A7900008A840000000000000040000FBFF0000CB
:10A7A0000004C3C3C3C300000800D0D01010F000E1
:10A7B0003C00000000A0FA28FA7D0000000028F804
:10A7C000FFFF000000000000000000000000FFFF8D
:10A7D000FFFF0000404100000000000000000000FA
:10A7E000FEFE00000000F0FF303F0000000000000F
:10A7F000FFFF00000000000000000000001C001C23
:10A80000000000000C000000F5F5F5F50000000068
:10A81000FAFEFAFE00000C0000000200FDFF01003D
:10A8200000FF50FF0000000000000000D0D010101A
:10A83000F0003C00000000805028507D0000000027
:10A840002828282800000000000000000000000068
:10A85000FEFFFFFF000000000000000000000000FD
:10A86000FEFFFEFE00000000000F303F0000000071
:10A8700000000F0FC30001000000FFDFCFDF00006A
:10A88000000040005400000000000000002800000C
:10A890000000FAFEF0F405050C0000000000FDFFCA
:10A8A000010000FF00AF00000000000000020200F5
:10A8B0004120118888800500844101102080880093
:10A8C0008809000804028800204020008400040059
:10A8D000040004088409400088004005C0082008DE
:10A8E0002000000020004082201040008409000069
:10A8F000201020000009000400002000881021051D
:10A90000C00000008200880002400400040020040F
:10A910002010000004004010C10008004002200088
:10A92000840088004000040010002100C0001004D2
:10A93000A0008201900800024000000002C0410413
:10A9400000004100090100011000000100000000AA
:10A950000020200004010000800002000000090225
:10A9600000000400000009008003000041022000F4
:10A9700000000000000000000000200000000200B5
:10A980004000110000000000200020010000000035
:10A990000400000000000000000110008500040118
:10A9A0000000208400004000040020000200040099
:10A9B00041014005842000108404100000040004BC
:10A9C000A0848884844000104041000890048805D9
:10A9D0000010000000000000850200000010C00808
:10A9E0000004000000000010000800044000000403
:10A9F0002010000000800000A0000400880000007B
:10AA000000000103000000000000008800000000BA
:10AA1000201001410000A02000040008008000096F
:10AA2000900000400000000000800004020083004D
:10AA30000000002180080409048409080404048437
:10AA400020840002054041010085000404040082C6
:10AA500004820305058400080084108500080000B6
:10AA600000100010030400084188008800088008D6
:10AA700020090000000300100208028204820088FE
:10AA8000001020084082200800100900110241082F
:10AA90001108020920080008050821080510090806
:10AAA0000000000808092082008441020008C10853
:10AAB0000208400804840002009090020000014057
:10AAC0000040000301400002101000080011004087
:10AAD000000800080002A0888480848284911021EC
:10AAE00010400002A01008A1008000A100218202F5
:10AAF000008001834040000090080000C008000969
:10AB00000000A000000000080882C0039040000080
:10AB100082004021A18200100200A0030811000061
:10AB20001080004141410040004100210002010528
:10AB30000005000082090000200005020002080054
:10AB40000201000110002008101000020902090291
:10AB50000091218841001100204000400010411068
:10AB600080A0411121010841004041400310002014
:10AB700000100040400408080000218205100088F1
:10AB8000030821100000038400C0084011A00384C2
:10AB9000098400C08800400809A1804000C080846A
:10ABA0002100A11008008400000341A0110008004A
:10ABB0000200080008000888030041020400820027
:10ABC000030284808840042000400009A0A0C00047
:10ABD0004004C00082000010048040028200820411
:10ABE0008208080008009000000404000100100022
:10ABF00088808200000421044080000000200400BE
:10AC0000080005408202C0040241A000A10020000B
:10AC100000000480C08082850290821100028202BE
:10AC2000A08004040205028008044082020004009F
:10AC30008200A10010C00240820008404001A1A093
:10AC400000C02001114010C10008020508080004DE
:10AC50004108030800900002210102022010200494
:10AC600000040082400421C005000405408410C097
:10AC70008290000800000000A004A102000020054E
:10AC8000404009404004050821A0024021880200FC
:10AC90000808024000400302004004024002000095
:10ACA0004100410205010000A11003049003C00807
:10ACB0008000040020040940004104C01109001074
:10ACC00040000884021100004005000002C000841A
:10ACD00040080000089084214000820400020041E6
:10ACE000820508002002C1110000C1A183211000CB
:10ACF000A1118200910402C182000800210000031A
:10AD000000000040A0030000000020218204414018
:10AD10000811A100C002A000000811098341101110
:10AD200000210300000010000810048000800000D3
:10AD300000032080020410000000A0C10200904027
:10AD400000008000000980000508A1100088800430
:10AD50004103000000080510084002A0080005A1FA
:10AD600008840500050880840200001008082008F7
:10AD7000089040000084089008400900001008A0D6
:10AD80000000000000A00288028800088002000184
:10AD9000C01008C002081189118209019010408476
:10ADA00021C0000002002110030080850010004037
:10ADB00002100000804080010000030009088304A5
:10ADC0000084400308200221852120200220002049
:10ADD000841000A108038204000490088400A000ED
:10ADE000200440004000A009080400110808A00049
:10ADF000044084854005A000C0800409400404107C
:10AE0000000000008400840900200811050011845E
:10AE100040408340A0000104828891202089C00026
:10AE20004082400204020804001000050408820267
:10AE300000410410002182410000084102028410F8
:10AE40004020408400100040808840C000008800FE
:10AE5000400040200002000000012101000110001C
:10AE6000031000888000A000000400840004000497
:10AE700000C04004000200880000000200C003007F
:10AE8000009111000003028821900300410202009A
:10AE90008220838920050000020021400200410831
:10AEA00040C0A003830100004020002021000001D9
:10AEB00011100808030000880000032000000000B3
:10AEC00011828000040511C18403C00900C10088FB
:10AED000100082C01011C0C182C0C040A008C0C014
:10AEE00008C008041084C1C183C00005C005C0C1EA
:10AEF000A0C000049004C1C105C100050308C0C181
:10AF000040C1400404A0000000000900000000004F
:10AF100011C0840210820004008400840800001024
:10AF2000C0C185C090202008C1C008C0C18284086B
:10AF300000C000041102C01011C0A10402C00084AE
:10AF4000000002048340008291C109211003002007
:10AF50002000A1000003000885C1118808000085B9
:10AF60009180008080808000C0C14091218800884D
:10AF700084C100910090001184C1898811828205EA
:10AF8000C1C1208504A080090000000090000000DD
:10AF900000009180108082800080110021008000DC
:10AFA000000089C1408208100082828084800400F1
:10AFB000808000802000C00080009180028004001A
:10AFC00000000000410040000080850420A1102006
:10AFD000211009C18204108088050002008480C00D
:10AFE0008000020080848480C100000080908091F5
:10AFF00080004105118990A0C1000000808980C0B7
:10B00000802088008584908488910000200085023B
:10B010004005C00008049003088841002000820316
:10B0200002000400048009899180C1880900058418
:10B030009180A10002000240050241808820100595
:10B04000C0842100000040022010918008A0C104AB
:10B050000508884100038220001009400801908300
:10B06000C0C1C00488001082C0C0C10408904082E2
:10B07000C0C0C0A020009082C0C0C14020904082CB
:10B08000C0C0C0A005820283C0C1C102000041004F
:10B09000400001A08300400009A0214091820100EE
:10B0A0008340001001408202A182C0C0C1418400DF
:10B0B000C083C0C0C12010004001210501A00900CB
:10B0C0004184824189400000008201050404C000DF
:10B0D0004003040109C1010000014009C0C1C1844D
:10B0E000839088C1C1C00510822108C1C1C0114030
:10B0F000011008C1C1C00920009088C0C0C008214B
:10B10000004041C0C0C1A00401A108C1C0C00001ED
:10B1100001000001A0000100830382858201020179
:10B1200003030084C0020000848200A188C0C0C163
:10B130000484002104C1C1C008410041C08509C088
:10B14000C001C00408000285000000040802028358
:10B1500088102105912184080203401005A11020C8
:10B1600020892011C18482C10402808380A188903B
:10B170000283108541908291820008002080908097
:10B18000C0080083098880C141884002C182858847
:10B190000001400000098009080940880040004083
:10B1A0008941C09000030011000905100408828342
:10B1B000C0C1C004008800A0C08480900088809036
:10B1C000C1A0850400A10003820204000083804026
:10B1D00080C10202401102820408058004090300B4
:10B1E0000204802080C100058000809180918088C9
:10B1F0000089C10884909040C0008000808580084C
:10B200000008C14090A090C088808882848389848F
:10B2100040910001000380C10000002000090021CE
:10B220000000000800910000008000118300C1832D
:10B2300021208340804080C1004080038085808041
:10B240000090001000400008008000050088804049
:10B2500000008000849103890108C00000828800FA
:10B26000C100C008C000C0C082A108A0C040C0C0CA
:10B2700004108402C100C0C0058204A0C008C0C080
:10B28000049004C0C100C1C105400402C1A1C0C0F6
:10B290000585850200011020822088A09000820987
:10B2A0008440000484008408840000404000C004FE
:10B2B000C0C0832108A1C001C0C0828408A0C0C052
:10B2C000A0080441080000010491A010840082033A
:10B2D000048800008200000000C1400081000000DE
:10B2E000004200005000000000C1830048420000FE
:10B2F00000008300484200000084830048420000B0
:10B30000004483004842000000C1830048424800D6
:10B310000088830048420000000A0000830000000B
:10B32000000000C12100000000000000000000003B
:10B330000000008483004842500000888300484297
:10B340008200008841006042004200C18300420048
:10B350008100008800000000FF7E008169699696E8
:10B360005699569900FFFF00000000000000000001
:10B3700000000000000000000000000000000000CD
:10B3800000000000000000000000000000000000BD
:10B390000000000000000000000066FC660C0000D9
:10B3A0000000A5A5A5A5AAAAAAAA5AA5A5A5CC3319
:10B3B000CC3300000000000000000000000000008E
:10B3C00000000000FFFF0000000069696969696909
:10B3D0009696183CE7C30FF0F00F0081FF7E696975
:10B3E0009696A966A966FF0000FF00000000000015
:10B3F000000000000000000000000000000000004D
:10B40000000000000000000000000000000000003C
:10B4100000000000000000000000000066F0660070
:10B4200000000000A5A5A55AAAAAAAAA5A5A5A5AC3
:10B43000CC33CC330000000000000000000000000E
:10B44000000000000100F0F00000000069AA69AAF5
:10B4500069699696E7C3183C0FF0F00F00000000F2
:10B460000000000000000000000000004310200069
:10B4700000881106431020000088110643102000A8
:10B480000088110643102000008811064310200098
:10B4900000881106431020000088110600000000FB
:10B4A000000000000000000000000000000000009C
:10B4B0000000000000004310200000881106431027
:10B4C0002000008811060000000000840100000038
:10B4D00000000000000000000000000000006666A0
:10B4E000CC0FE8CC1733D4D42B2BF0F00F0F000087
:10B4F000000000000000000000000000000000004C
:10B50000000000000000000000000000000000003B
:10B51000000000000000000000000000000000002B
:10B5200000000000999999993C3C966618E71CE345
:10B53000C33C3CC30F0F0F0F0000000000000000D1
:10B54000000000000000000000000000FF00FF00FD
:10B55000FFFF5596E31C1CE3C53AC53A9999666608
:10B56000666633F0E8E81717D4D42B2BF0F00F0FF2
:10B5700000000000000000000000000000000000CB
:10B5800000000000000000000000000000000000BB
:10B5900000000000000000000000000000000000AB
:10B5A000000000000000595999993C3C6999E7183E
:10B5B000E31CC3C33C3CF0F0F0F0000000000000CE
:10B5C00000000000000000000000002024247F8014
:10B5D0007F8000005596E71818E7C53AC53A999953
:10B5E000666640618447102D100240618086202DE0
:10B5F000080200610007009D000500610006009D33
:10B60000000500610007009D000500610086209D87
:10B61000000500210007009C00050061008780955F
:10B62000000500000561003E000D10024061840F1E
:10B63000002D100240618006002D08020061000705
:10B64000009D000500610006809D0005A060500778
:10B65000800D10024061843F002D10024061800780
:10B660008029080200000000B0FF70FF0000010008
:10B670000000FCFE0000000000AA00AA000000007C
:10B680000C04848400400080F0F0F0FC0000000016
:10B690000000000000000000F0FFF03C000000008F
:10B6A000000000000000000000000000000000009A
:10B6B000000001000000000000005F5F57550C0C07
:10B6C0000F0F0000000000000000000010BA000092
:10B6D00000000000000000000000A0FFA2FF00002A
:10B6E000000000F5000A1000000080FF40FF00008D
:10B6F000000000003CBE0000000000000008000048
:10B7000000000C048484004000800000003C000025
:10B7100000000000000000100001F000F03C20A03C
:10B720000000000000400000000000000F000000CA
:10B73000000000000000820000000000FFFFD7555D
:10B740000C0C0D0C5400550000000000000000AA75
:10B7500000000000000000020000000000FF82FF67
:10B76000000000000000000003000200C3EBF3FB38
:10B77000000000003C3CFCFC000000000000000059
:10B7800000000000283CBEFF08000400000000008C
:10B7900000010100000000003F033F3F00000000E7
:10B7A0000000BEBEFFFFDFFF000000000000001031
:10B7B0000000000000000020008000000000B2FF38
:10B7C000B20000003C3CFEFF4100000000000A3ACD
:10B7D000FA3A000000007D7D0000000000003C7C83
:10B7E0003CFE00000000000000000000000000AA75
:10B7F00030BA808080803C3CBEFF001400410000D5
:10B800000000000000000000BEFF0000000000007B
:10B81000000000000000000820003F0303030000B8
:10B8200000000002BEBEFFFFFFFF0000000000009E
:10B830000000000000000000000000000000000008
:10B8400030FF30003D3C050040004100000000009A
:10B850000A3AFA3A000000007D7D0F000000000067
:10B860003C7C3CFE000000000F00000020408400F3
:10B8700084002002000588000000001082000040C3
:10B88000200082088403880084008400200882024B
:10B8900084100400880502008800200020000100B8
:10B8A0002005821088008800080505020000400974
:10B8B0008800880004058400200000004009200062
:10B8C0000009880584858400840084000404200025
:10B8D0000000880020104000400084000400200088
:10B8E00084002000C0002000880400004000000008
:10B8F0002000110003080500000000000083000084
:10B90000000140A0048800200000000000000000AA
:10B91000040100004100000000000400800200005B
:10B920001000000004000002200020004001000080
:10B9300020000040200020C0000000000000200087
:10B940002000050005000410200004000000000095
:10B950000500000003000400000004000000410096
:10B9600000000000000004000400000105000000C9
:10B9700000000003002090000000000000084008C4
:10B98000000901830002050200000000049100008C
:10B990008800020300400003844000000000000211
:10B9A00000000000000004C00009000900090010A8
:10B9B000000000000008000000000400010000007A
:10B9C000010000000000000000A004002011208001
:10B9D00001000000000000000002004001400000E3
:10B9E0000000200000000040000000800000000077
:10B9F000010000080088008841C005082010009060
:10BA000080840040400200090811000800208020C6
:10BA100000080082008400820008000800080084FA
:10BA2000020502080040400821200084001005089B
:10BA30004008000300C0008800100910800802843C
:10BA400000844082001000000004052100088410DA
:10BA5000C1102008400800840000408909850401C5
:10BA6000008400000084038804012088000420046E
:10BA700000044004004110080008000320090008E9
:10BA8000008401020800010000000010042005A04D
:10BA900001A001A000030000A00200000005820038
:10BAA0008800A02100080004000420040008000011
:10BAB0000010004100000021200000890002010365
:10BAC0000000000200000008000800000090404054
:10BAD0000008000800110011C10800890008844016
:10BAE00000000008000900030010000000210040D1
:10BAF00020000004080903822104100805080084BE
:10BB00004182000302011000028400A0080280C1EB
:10BB100084210421042109A000084108081021C043
:10BB20000084210840080000038841010003080048
:10BB300008000000000000000508001011020000CD
:10BB400002A00000000800A021820084030003205E
:10BB500000A000820082080004A002C005020500C7
:10BB600020000000050000C0050003004102080895
:10BB700009840500009105002041821140008220C7
:10BB80009020C00282000800C02040020010000483
:10BB90008300A10082400820201108082002A0058F
:10BBA00020404003002020408202A00382110205B1
:10BBB00020000220100082000000200388000802FC
:10BBC00040000011040988050300A004A000902093
:10BBD00000842102101000108209C0008200084178
:10BBE000C002000008050003820202410503822012
:10BBF00008008800020008092000050005200088D0
:10BC0000000000000400000000000320A190024199
:10BC10000082048804002100001102400800020094
:10BC2000000000010882008200010040004000C0C6
:10BC300020400000840080040804000010820000FE
:10BC400000881100080041000088C0001100410078
:10BC5000114008038420410008000000080021A0D2
:10BC6000090010001000000000004008808402203D
:10BC700008001002000080000088100882C0000048
:10BC8000C0404010A000C0001003004100020008A6
:10BC90000009004000000000000982C1000000000F
:10BCA0000040000000109000820082048221008485
:10BCB00000A0200283118200A000090000030100FF
:10BCC000080040110200000000000800900200007F
:10BCD0000008900088080810080040100105C020E6
:10BCE00088200102C10088002003C08009000010E4
:10BCF000400200102011000410030000A0084003BF
:10BD0000410003099184101000C0008421C009097A
:10BD100008000300000008C000000008022040885E
:10BD200003000801100409000000090021C12010CF
:10BD30000905110483C14010000800004084000080
:10BD40000282000080008008400000C04004200102
:10BD50000300008203C0118200002000A1A040A0C7
:10BD6000000100010411040000080300104002005B
:10BD70001100A1410084808420C00384008800C099
:10BD800004000040880088408800C00000000102D4
:10BD90000203100420214008021102081000822131
:10BDA00005042000022002000000888000400005F9
:10BDB0008204010220080008A00041058409101136
:10BDC0000000880002080241C0210240200040001B
:10BDD00000208200902008200011040404111000AB
:10BDE00000008200084108090010902090204020A7
:10BDF0000400000588102002021040410405842040
:10BE0000088200000001000004050804008200828E
:10BE1000040020004100030041002100808803004D
:10BE20002000020010400800002002000040020133
:10BE30000282000108000285082000004084000002
:10BE4000802000020000A0008000080040000000E8
:10BE5000000410A00500050010004020000002882A
:10BE60000000000021000020000020200800000049
:10BE70008002080000000002C120882000000000AD
:10BE80000000000200C1010282000400C182002003
:10BE9000049010400800880084002000000000008A
:10BEA0000000010001840020000200010040110494
:10BEB0001004C01001018500210000010101C00033
:10BEC000890100000000000200A00004000004023C
:10BED00000A0044010100400010004001000000045
:10BEE000C00008008200000005008200000000C0C1
:10BEF000098282A00002404005849082C090000028
:10BF000000018500000000C0418420008004C08042
:10BF1000098080000000854011058040000300007A
:10BF2000000000000200202000A000090010008096
:10BF3000C18080000000114108210304000220415B
:10BF40001021030400200000038000000000000016
:10BF5000808040008000808000000200830000009C
:10BF600000000900A0008000000090008000000098
:10BF70000080C1008000008080809000058000006B
:10BF80000002050340020009800000050000800057
:10BF9000080002108280820021009180410080838D
:10BFA00080000000804080000080802100000008A8
:10BFB0000000000000080000800080000040000039
:10BFC00080000000000280090000A00003214082E0
:10BFD000C000A00005000900A000000080000021B2
:10BFE00000001008090005402000A0000580820024
:10BFF00082000200118888002100404120001004C6
:10C00000038208801100100510A102000001000049
:10C01000C0004000A085A0400284828210A01000D1
:10C0200008890800029008000484C0108404048871
:10C030001083040000200001048402000800900125
:10C040008800408240002001020100004100C04001
:10C05000030509840500A08401001140C0004000D0
:10C060000201088210018800010085C00300100849
:10C0700005001104C000A0052100918801020140C3
:10C080000500900401400000000000A10001000133
:10C09000010000C0900400214005100400080005C4
:10C0A000018500840100000004000000828201007C
:10C0B00084000002C1C00088C005C010000120003B
:10C0C000010101010001000001000000000040002A
:10C0D000000040040004054000880441820100097A
:10C0E00000080004010801A04088000501C000010B
:10C0F000000008010001880000830400100890007F
:10C1000000048488C09000000000000000010502C7
:10C110000004054102A000100083002190090002E4
:10C1200020082008004040000000800000008580BA
:10C130000900200004000410002100200900001064
:10C1400080110902084100100004090400110000D8
:10C1500009000000000000808410000300A180029C
:10C16000008200C000410404410500A1004008090C
:10C170000920002180020002052000108011A08209
:10C18000031000A000410003002010114109000825
:10C190008004000000000000001100030000800285
:10C1A000410410004180092100000008000900003E
:10C1B0002103858008800900000200000080000043
:10C1C000004000100000000041000300208000003B
:10C1D0000000800080800000000480200008000033
:10C1E0008009000200200000000000080085000017
:10C1F00000840085000500000003800400880080A2
:10C200000003052040801100200311911000100050
:10C210000909C00100000000000020882008082053
:10C2200010000140008800400001000000050004EB
:10C230000000850120100084C100840104880008EA
:10C240000000000100080020000001000088000834
:10C25000000000000420040204100000C0918221AC
:10C260002000040000000084008400000089000811
:10C27000000800110004001100900000080882204E
:10C28000C0084000889101044004010000C0000083
:10C2900000400000000000000000600084210088D1
:10C2A00083005000000000000000000000110000AA
:10C2B00041000000000000000000000000000042FB
:10C2C00000004100000600C141000000000000C164
:10C2D000000000000000000000000000000000005E
:10C2E000000004000000600000C121000000000008
:10C2F0000008210050000000000083000000000042
:10C300000000210084004800008800000000480070
:10C310000088000060000000FFFF0000FFFF687C55
:10C32000EAFEF0F0FEFF000000007DFFFFFF0000CE
:10C33000000000000000969696693C3CC3C3FF00D5
:10C3400000FF3F3CC0C300000000000000000000F0
:10C350000000000000000000AA555AA500FFFF00E1
:10C36000F0F0C33C9999999900000000000000008A
:10C3700000000000000000000000000000000000BD
:10C38000F0CC0F33F0F00F0F0F0FF0F005FAFF00B5
:10C39000000000000000000000000000000000009D
:10C3A0004054C2D6F0F0FEF0000000007FFFFFFF17
:10C3B0000000000000000000969696963C3CC3C327
:10C3C000FF0000FFC0C33F3C000000000000000071
:10C3D00000000000000000000000AA55AA5500FF60
:10C3E000FF00F0F0C33CCC99CC99000000000F0F87
:10C3F0000D0F0000000003030F000000000000000C
:10C400000000F0F00F0FF0F00F0F0F0FF0F0FA0533
:10C4100000FF0000000000000000FF000000C3C398
:10C42000FFFFFF2D552D3C3C3C3C00000000F5F586
:10C43000F5F4000000000F0FF0F0F00F0FF09999E5
:10C44000999969966996C3C3696900000000040060
:10C45000000000000000966696690000F00F0FF0E3
:10C46000AAAA55555A5AA5A56969999900000000CC
:10C47000AAAA0000000000003C3C050500000000E6
:10C480001FE0E01F69960F0F69699696EB14AB5495
:10C4900000AAFF550000000000000000FF0000009F
:10C4A000C3C3FFFFAA2D002D1C140C0000000000C8
:10C4B000F5F4F5F400000000E4F01B0F0FF0F0F0CD
:10C4C0005A5A5A993CC36C933C3C96960000000023
:10C4D00000000000000000009669966900000FF05F
:10C4E00000FFA5655A9A0F4EF0B16969999900004D
:10C4F0000000A020A02000000000000000000000BC
:10C5000000000FF0F00F96AA0F0FAA6A559514EBD2
:10C5100054ABFF5500AA00000000FFFFFFFF40E3FF
:10C520008006002D8202006130BE800500A00061FF
:10C530000006000D000105000A28150010A2406148
:10C540008006002D100240618086202D0802002107
:10C55000002B100D000000010007000D100200006C
:10C5600040618006002D100248618046102D0802AF
:10C570000061000FC00D00A00561008F200F200199
:10C5800005610A0E050D10A24061840E002D1002F7
:10C5900040618087802108020061008180050001E0
:10C5A00000000000000000000000000000FF04FF89
:10C5B00000A2FF5D00E01FFF00000000000000007F
:10C5C0000002000000000000000000000000000069
:10C5D00000000000000000005F505F5FAF30AF3F21
:10C5E000000000000000000000000000000000004B
:10C5F0000000000000000000000100000000FFFF3C
:10C600007FFF0000000000000200000000000000AA
:10C61000000000000000FFEFFFFFFFFFFFFF000032
:10C6200000200000000001000000000000000000E9
:10C630000000FFFFFF5D00FF00FF000000000000A2
:10C6400000000000000000000000000000000400E6
:10C65000040000000000000400805F505050A03033
:10C66000A03F0000000000000000000000000000EB
:10C6700000000004000000000000000000000000B6
:10C68000FFFFFFFF000000000000000000000000AE
:10C690000080000000000002FFEFFFEF0000507C70
:10C6A000000000003C3C3C000000000000000000D6
:10C6B000000001000000000230BA30BA00000000A3
:10C6C00000000000000000800000000000000000EA
:10C6D00000000000CF0C3F3F00000000CF0CFF3CEB
:10C6E0000000000000000000000000000004000046
:10C6F0000000010000000000000000000000000039
:10C7000000000000145400000000000000000000C1
:10C71000000018183C3C0000000020203020FFFFE3
:10C72000FFFFFDFFFCFC0000000000000000000017
:10C730000000000000000000000000AA00AA0000A5
:10C7400000000000000000000000000000000000E9
:10C75000000000000000CF0C030300000000CF0C1D
:10C76000C300000000000000000000000000000006
:10C7700000000000000000000000000000000000B9
:10C780000000000000001414000000000000200061
:10C7900000000000183C3C3C00000000000030009D
:10C7A000FF28FF2FFCFCFCFC88000000001000208C
:10C7B0008810040088108800000000000000820932
:10C7C0008408840884100410202100000000401018
:10C7D00000088820200000090000840000002000DC
:10C7E00000008800200088030000200840000000AE
:10C7F00084210003200020000003C0000408040876
:10C800002004840020000000880420002000004054
:10C810004000900020002000880800102000202107
:10C82000200020002000881020002000050000408B
:10C8300008000000080000000000000000000000E8
:10C84000000000000500040080000400000000005B
:10C8500000000000000004000000000000000000D4
:10C8600000000004000000000000000000000000C4
:10C8700000000000000000000000410000840000F3
:10C88000000005000000000004002001000000007E
:10C89000040003000400000004000000210040C068
:10C8A000000004000000050000000000001000115E
:10C8B0000000001100200040000000000000821174
:10C8C0000000000300110000000400000000000050
:10C8D0000008000000080000001000050000000033
:10C8E0000000000000000000000000050003000040
:10C8F0000000000000000000000000000005020031
:10C900000000000000000000000000000004000023
:10C91000000000000000000800000000000000000F
:10C9200000000000000000000000000000830890EC
:10C9300000100008000800880090000800080008A7
:10C940000040008400080088008400A00984098455
:10C9500000880010000804841104008411100004F1
:10C960000040000002820008008400000010000067
:10C97000000000000084031000080084000000A0F4
:10C9800000000000000000100008009000082008CF
:10C99000004000002100088800C000000000008462
:10C9A00000000010001000880008000800080020A7
:10C9B0000005082120210021082100100021000588
:10C9C00084000821A0030021002108210003830224
:10C9D000A00040210005C005004188059040A00549
:10C9E000200300210000A005020508000008202106
:10C9F0000000A000002100210000C002900584106A
:10CA000000109003000200100000000000088800E1
:10CA100000050021000000000005000000000000EB
:10CA2000000020030000001088210000000000002A
:10CA3000200800004008058803000000038400006F
:10CA40002110004000000084008205000510030052
:10CA50002008008241000000000000820008111040
:10CA600002040002000003C021C00800080800A062
:10CA70008010000009A000000900110011822000B0
:10CA800041840004008400002108008400000000AC
:10CA900003840510090800000300400041C011C0D4
:10CAA00000002184050440000300050000C00000D0
:10CAB000411041C000008208000020000041001128
:10CAC0009000020008038209000082200000A000FC
:10CAD00040099010000082002000820008009000B1
:10CAE0000011900000008209000082008200000016
:10CAF0000811C000000000098200040082008200CA
:10CB0000100004004000A0418200820082008200E8
:10CB100082410811A00000008200A0118200824022
:10CB20008200400090000000822084008211820078
:10CB3000820000008200008200080800210041C03D
:10CB400003C00400214000000020112021102120FA
:10CB5000002000A011824040400040000000401032
:10CB6000000241C005040400000011000982090010
:10CB700020001084100000000220020000000804C1
:10CB8000200420042020038440004000210810A03D
:10CB90000288200010044000202000404020002097
:10CBA00021000000030410000800041000C04090A1
:10CBB0000200004040020220C002080000000010F5
:10CBC00000000008000000110000000300030841FD
:10CBD00008410005C0400010000000050009A00049
:10CBE0000000A00008040021C000000000000008B0
:10CBF00000028200004109400000C0004000200007
:10CC000002001000100008000008000008090000E1
:10CC10000002C000080500000020C0001000000055
:10CC20000808100082000800A000080004000009A5
:10CC3000C00000000800C041000400000000000027
:10CC400040841000050200001000000000000004F5
:10CC5000108411000000008800880000008805C0D2
:10CC6000418200000840001008A020840200000457
:10CC70001102020000000040040800000000000053
:10CC800041C000082100000000C000C0009000006A
:10CC900009100008008400100000000121000000BD
:10CCA000210041A0058400C04190091011840508AD
:10CCB0002100200800840000030005110008000581
:10CCC000000310024008000288000404200040080D
:10CCD000002100090805000000048210000902403C
:10CCE0008800A02188000009040904080000000948
:10CCF0000000044008090000000082020000200338
:10CD000010000405A00088000000100300020000CD
:10CD100000100040C0020203840002008240A00212
:10CD200008028209C010C0000000040000040010C6
:10CD30000000002000020411000040000804200050
:10CD400000004088108400820004000411400000AC
:10CD50000520112004C04020112000900508040483
:10CD60001120000200880000000021900000000057
:10CD700000000040040000C02000200021A00000AE
:10CD80000000400002000500200805040082109009
:10CD90000002000000880020400020024000202007
:10CDA0001000210404A01184000004020000040407
:10CDB00010000288008841840004020402844104B7
:10CDC0000000C1000001C182010000000140C0025A
:10CDD000C001C1000084C0820000C0000183C00007
:10CDE0000000C1000001C1820100A0000141C10496
:10CDF000C001C1000004C0820000C0000183C00067
:10CE000000000101C1000001C182010002000141D6
:10CE1000C008C101C0000084C0820000C0000183BE
:10CE2000C0000000C1000001C182010000000141FA
:10CE3000C021C000C10000C0C0820000C00001834A
:10CE4000C0000041C1410003C1824141004141890C
:10CE50008403892088410080808000418041418393
:10CE600080000041C1410003C1894141004141A00E
:10CE7000A04080088341118080800041804141832F
:10CE8000800000004103C1210003C189414180416C
:10CE900041A08520A008A141008080800041804100
:10CEA000418380000041C1410003C18541410041EF
:10CEB00041A0844080058341000080800041804182
:10CEC000418380004100404100C100004141824156
:10CED0000041024190C12141004180004110C14107
:10CEE00000C180094100404100C10000414184412E
:10CEF00000C1034120C1C04100418080C100C14147
:10CF000000C1800200000300414100A00000414137
:10CF1000904100C1034108C1C0410041008041006F
:10CF2000C14100C180024100404100C100004141B7
:10CF3000904100C1034188C1C0410041808041034C
:10CF4000C14100C180020000010100C100000001D8
:10CF500040010089000104C10491000320841001F4
:10CF6000400100C182000000010100C10000000179
:10CF700040010085018908C102C1000384401000FE
:10CF8000400300C1820100000100000100C1000057
:10CF9000000141010083000102C102C10011A00291
:10CFA0004000400100C182010000010100C10000F9
:10CFB000000141010009000110C102C1002120400F
:10CFC0004000400300C1820100408200C183000094
:10CFD00000008200C182C08800888200C140000039
:10CFE00000008200C100000000408200C1830100F7
:10CFF00000000000C184838800208800C140000038
:10D0000000008200C1000000000000408200C1401A
:10D01000000000008200C18202A000908200C14096
:10D02000000000008200C100000000400000C18339
:10D03000000000000000C18202A100208200C14067
:10D04000000000008200C100000000808041C18318
:10D05000410000008041C184411100418041C1C1B3
:10D06000410000008021C141410000808041C18316
:10D07000040000000041C1C0C10300C10041C1C1A2
:10D08000410000008021C14141000000008080413A
:10D09000C1C1410000008041C1C0C1400041804188
:10D0A000C1C1410000008021C141210040800041F8
:10D0B000C183000000000041C1C0800200C1804166
:10D0C000C1C1110021008021C1414100C1C0804186
:10D0D00080C100004100004111C103C1C1418080F5
:10D0E0008088000041410041808003C1C1C080416F
:10D0F00080C100004102800441C120C1C1C18080C3
:10D100008082000041410041808003C10000C1C114
:10D1100000208083000041028041C1C103C1C141A0
:10D1200080808091000041410041808003C1C1C0E6
:10D13000804180C1000041028041C1C103C1C141A1
:10D14000808080A1000041410041808003C140C136
:10D150002001824000000000020110C101C140090D
:10D1600082C040C100000001000140C001C140C1B7
:10D170002001824000000001080082C101C1400579
:10D1800082C040C000000001000140C001C1000099
:10D1900040C1A001408300000001040104C101C19D
:10D1A00040A182C040C000000001000140C001C198
:10D1B00040C12001824000000001040104C101C1FE
:10D1C000408302C040C000000001000140C001C116
:10D1D000000000000000484200000000000048423B
:10D1E000811200C84300484200000000000048428D
:10D1F000000000000000484200000000000048421B
:10D20000811200C84300484200000000000048426C
:10D210000000000000000000484200000000000084
:10D220004842811200C8430048420000000000004C
:10D2300048420000000000004842000000000000DA
:10D240004842811200C8430048420000000000002C
:10D250004842000000000000000000000000000044
:10D2600000000000000000000000000000000000BE
:10D2700000000000000000000000000000000000AE
:10D28000000000000000000000000000000000009E
:10D29000000000000000000000000000000000008E
:10D2A000000000000000000000000000000000007E
:10D2B000000000000000000000000000000000006E
:10D2C000000000000000000000000000000000005E
:10D2D000000000000000000000000000000000004E
:10D2E000000000000000000000000000000000003E
:10D2F000000000000000000000000000000000002E
:10D30000000000000000000000000000000000001D
:10D31000000000000000000000000000000000000D
:10D3200000000000000000000000000000000000FD
:10D3300000000000000000000000000000000000ED
:10D3400000000000000000000000000000000000DD
:10D35000000000000000757B0000000000000000DD
:10D3600000000000000000000000000000000000BD
:10D3700000000000DEAE757B000000000000000031
:10D38000000000000000000000000000000000009D
:10D3900000000000DEAE0000757B00000000000011
:10D3A000000000000000000000000000000000007D
:10D3B000000000000000DEAE757B000000000000F1
:10D3C000000000000000000000000000000000005D
:10D3D000000000000000DEAE600603000000000058
:10D3E00000000031E0000000000000000C00000020
:10D3F0000000000000C0600660060300000000009E
:10D4000000000031E0000000000000000C000000FF
:10D410000000000000C0600600006006030000007D
:10D42000000000000031E0000000000000000C00DF
:10D4300000000000000000C060066006030000005D
:10D44000000000000031E0000000000000000C00BF
:10D4500000000000000000C060060110210005036C
:10D46000208000058800010004002000000000006A
:10D4700088002000020000002000000020002000A2
:10D48000840800000000000800002000C0004000E8
:10D490002000000000000000400200000400000026
:10D4A0000000000088000120000088000300020046
:10D4B00082002000400000000100840088008800F5
:10D4C000000288000040C1000400C01020002000BD
:10D4D000820020002040900088002000020082008E
:10D4E00008828010002000000800000000001000EA
:10D4F00000000400000080000000000000000000A8
:10D5000008000000000000000000200005000000EE
:10D510000300000000000000000004010000000003
:10D52000000008000000000040010400000082002C
:10D53000800000000500050004002000000000003D
:10D540000000000105000001400000004001000053
:10D5500000000500040005010000410002000089F0
:10D560000090000400100040000000090088000046
:10D57000820000030803100000800000004000004B
:10D580000009000000410000000000000000000051
:10D59000000000000080000000000000000000000B
:10D5A00001000004002000A0000000000080000432
:10D5B00000000000000000000000000000880000E3
:10D5C00000000200008500800080008200800000D2
:10D5D00000000000000000800000000000800180CA
:10D5E00000021004001103000008000800080040B9
:10D5F0004108001000100208800804200000000903
:10D6000000880004200002820010001000100010AA
:10D61000004000100000000220820000000000888E
:10D620000003040041882000000200000000000206
:10D630004001410000000000000000000000001058
:10D6400000000040800000100010000804030410D7
:10D650000408050000000000001000000000001099
:10D660004010022100052005000020050100820075
:10D67000200501212100004101210010004001117D
:10D680009004880500080000400590000003000297
:10D690009041000500002000000000210000000271
:10D6A00000000000000301000008000084080003DF
:10D6B0008441820000000100000083081010002156
:10D6C0001000400000000000001000210000904009
:10D6D0001000010800040041001000100041A005E6
:10D6E000000500000008080880A0000008A020C075
:10D6F0000000000002000208001010C0000000013D
:10D70000020000A1000000000000891002000000DB
:10D7100000010000000000000000000200A0000066
:10D72000000108020000000820000800088405002D
:10D73000001000000000000204000000408480008F
:10D74000000200008008090000000000030008003B
:10D750001101890040210000000000010910410072
:10D76000000000C00900080000001000048920002B
:10D77000020000000041000091000200020002804F
:10D78000080000002000A1000100010009000000C5
:10D790000000000000000200A000010082001080D4
:10D7A000A080008010000000200000002000020087
:10D7B000000000000000C084020008000200040015
:10D7C000900000004000100021004009820020006D
:10D7D000A000A0022000C00010800880888088007F
:10D7E0008200828088000000009020009184110453
:10D7F00080848090042000002090400080048902F2
:10D800008040000009024088020402000884089059
:10D810002000000400000900024000004000000455
:10D820008240204000101000000080040000000032
:10D8300080080500050000000005850009000000C3
:10D8400009840000410009840484820000880000EB
:10D8500004A0058804C180000800834041404102C3
:10D8600009A009001040110000000021A00582005D
:10D87000C00500050000001020050005000500029D
:10D880002003000320000004A0028400840008415B
:10D8900000410000080084219000A008A0000000C2
:10D8A000000000400800002110000003A000080054
:10D8B0002000200000038400844182410003020014
:10D8C00008020210C0000200C005A010A000000065
:10D8D000104140024080400040031041000240419E
:10D8E0000021C000840800418200200000000000E8
:10D8F0000000008400080000008480000908000483
:10D9000000910320001080000001101000000000B2
:10D9100000880040091000000088002000010082FB
:10D9200000C000020000000000000000000000082D
:10D9300020008000A11021900008000000000800D5
:10D94000889000C1A10000008900000000010000D3
:10D95000000000008501A10880889100800000007F
:10D96000000008000020000000000000800082216C
:10D97000A000A0080221201120212011A0050008EC
:10D98000012101C0058403088284000990804004BD
:10D9900000042004100403058280A102A1058285F1
:10D9A0008505A0808905020900051008A102000074
:10D9B00004030202C00084218504021100088808C3
:10D9C0000002000202022011C1000010A0C00421C8
:10D9D0000880C1024141850582210020880908850F
:10D9E0002020400000094141040090020003820011
:10D9F000008220001101030800840090820000844E
:10DA00000000040220202008A0210041080021403D
:10DA1000800104050001040102040040080108041B
:10DA20000040021000100800000000000000080084
:10DA300000020000800000000000024080000000A2
:10DA40000020210000004100801002820000090433
:10DA5000080000042000200020A000900000030027
:10DA60000004400080000000A0020000041000003C
:10DA70000000C0C104C0028284031000002000889E
:10DA8000021000C0A12020C0A0C001C1030900C134
:10DA900000C1C0C120C000849008C0C041C0900433
:10DAA0009008C0C004C008048208C0C084C002043A
:10DAB000C0820000002000201084004001C001202E
:10DAC00090C0000840C00040884000C0C0C005C0F1
:10DAD000A004A008C0C002C0A0400208C1C102C08A
:10DAE00084020209C0C005C011401004C0C009C0B2
:10DAF0009008108889C191918911802080000000D0
:10DB000002000000118090800000800020910889B0
:10DB10000211000891A000C020030085C18002808E
:10DB200000800080C180908080800080848002809E
:10DB300000808000000000001100118000002080A3
:10DB400010800000008091800980C1000000918059
:10DB5000048000800080918011802000808082C13C
:10DB600000A0400980899180088090008000C180D9
:10DB7000C08003808000410010829191901000408D
:10DB80008010008200004000118008038280108015
:10DB9000C1000891C1088021008280C0800011006E
:10DBA00004898284A180100004898382C180880056
:10DBB00010898200C18000008002008300880080FC
:10DBC00004800209820904000300201003204100A0
:10DBD000020008898480C100032088829089850022
:10DBE000900084828882C140038020C0A084C1400C
:10DBF00020000284888488008402C182C0C1C1855B
:10DC00008401080108030000C0200404050305C0C6
:10DC1000014082080103098304009082C0C1C0A0B2
:10DC200040009182C1C1C10441009182C0C1C104C0
:10DC300004009082C190C1020000080104090004A0
:10DC40000408884085C0020190820000C0050040A1
:10DC500001208400A182C1C0C14040010383C0C033
:10DC6000C0A009000582C0C1C1848440C082C1C176
:10DC7000C1A08800C082C1C1C1820284012100C14B
:10DC8000C0C11010041000109110A1820002820483
:10DC900083C1C00001038509C1C10905209001C0ED
:10DCA000C1C00841009000C0C0C00940009100C040
:10DCB000C0C1A104009100C120C00001C101400108
:10DCC000000003000902000084C0040589010088E7
:10DCD00008409101A08500A104C0C0C108410220F4
:10DCE00082C110C14009000505C0C0C004840020E5
:10DCF00000C121C00404002002C1C0C00504088482
:10DD000010A084914080808000800200029000205A
:10DD100000C0C084040008830388914182C00405C8
:10DD200040C085C083020008008380C084020003D5
:10DD300000829190028900400088038900019004CC
:10DD400000200009821182A000200005A09104108B
:10DD50000005800240044109000300C1848482025E
:10DD6000808900C008840389118888C1888088025E
:10DD70000090008840820891009100A1898590C0A0
:10DD80009184098508898005802080040000C141B4
:10DD90009182000000048980081105000311802190
:10DDA00080A100048080800580A180048091800390
:10DDB00080A080828090802080A080C100400001EF
:10DDC000000000100000000002400503008009046C
:10DDD0008089002100000009804080828009800441
:10DDE00080038090808480C0C108A0831084800557
:10DDF000824089840582080580C0808580040011E6
:10DE0000C0A1C1C02109030202002005040488004A
:10DE100005898202C01040010988C101C100C0010A
:10DE2000C001C0C084900802C002C0C004910803B1
:10DE3000C020C0C104410802C0C1C0C1048482A086
:10DE4000000120002005822090008488A021A008E5
:10DE500041000205200000882000C005C0C104A0C8
:10DE60000820C0C0C0C104030811C111C0C0030212
:10DE700008A0C111C0C1040804A0C041C0C008C1AD
:10DE800088C05000008883004842000000C1410063
:10DE90000000811100884100420A880000881200B9
:10DEA0000006000000C18300484250000088830043
:10DEB0004842000000008300484200000000830048
:10DEC00048210000000000C12100500081000084B2
:10DED00021000000000000842100000000000088F4
:10DEE0008300484200000044830048420000004490
:10DEF0008300484200000084830048420000008400
:10DF00008300484200000000000000000000000004
:10DF1000000000003C35C3CA33CCFFFF46B9B94608
:10DF20000FF0F00F000000000000000000000000F3
:10DF300000000000000000000000000000000000E1
:10DF40000000000000003C3CFF00000000003C3CE2
:10DF5000C3C33CC3C33CC3A5A5A59669966900008D
:10DF600000000000000000000000000000000000B1
:10DF700000000000000000000000000000000000A1
:10DF80000000000000000000000000000000000091
:10DF90000000000000003C35C3CA33CC000046B985
:10DFA000B9460FF0F00F0000000000000000000074
:10DFB0000000000000000000000000000000000061
:10DFC00000000000000000006666F0F000000000A5
:10DFD0003C33C3CC3CC3C33C3C5A5A5A96699669FD
:10DFE0000000000000000000000000000000000031
:10DFF0000000000000000000000000000000000021
:10E0000000000000000000004310200000881106FE
:10E010000000200000880000000000000000000058
:10E0200000000000000000004310200000881106DE
:10E0300043102000008811064310200000881106BC
:10E0400043102000008811060000000000000000BE
:10E0500000000000000000000000000000000000C0
:10E0600000004310200000881106431020000088A3
:10E07000110643102000008811064310200000887C
:10E080001106431020000088110600000000000067
:10E09000000000040004FF00FF0000FF8E8E999531
:10E0A000666AFFFFD42BF0F00F0F000000000000A5
:10E0B0000000000000000000000000000000000060
:10E0C0000000000000000000000000000CF6FCF65C
:10E0D000FFFF00003C3C906F30CF34CB3C3C666986
:10E0E0000F0F0F0F000000000000000000000000F4
:10E0F0000000000000000000000000000000000020
:10E10000000000000000000000000000000000000F
:10E1100000000000000000007F807F8000FF717120
:10E12000969669690000D42BF0F00F0F00000000F4
:10E1300000000000000000000000000000000000DF
:10E1400000000000000000000000000000000C06BD
:10E15000FC067F7F80803C3C6F90CF30CB343C3CD2
:10E160009996F0F0F0F000000000000000000000C0
:10E17000000000000000000000000000000000009F
:10E18000000000000000000000000000000000612E
:10E1900000848091000500614007100D1002406965
:10E1A00084A692211402406084C19021080200617B
:10E1B0000007009D00050061008680990005006150
:10E1C0000006009D000500610006009D000500009E
:10E1D0000561300F000D10024061840E802910028D
:10E1E0004061840F002D08020061000600950005C3
:10E1F00000610087209D200500610087209F0005A9
:10E2000000610007009D000500610007009D0005FA
:10E210001F140F000000FFFF0000000000000000BE
:10E2200000AAAA0000FF20FF39003C0000F0F00F18
:10E23000000000000300000000000000400000009B
:10E2400000000000AAAAAAAA00000000F0FCF2FE4A
:10E2500000000000000030F330F3000000820020D6
:10E2600000000000000000000000000000003C3C36
:10E270003C3C000000000000000000000000F82806
:10E28000F82800000000BEBEFEFF00000000AAAAA1
:10E29000FAFA0F000F005014FABE00000000000050
:10E2A000000000AAAA00000020203C003C0000F072
:10E2B000000000000000030000000000000000005B
:10E2C000000000000000003CC0FC00000000000C4A
:10E2D000020E0000000000003030B2B200000082E8
:10E2E000000001000000000000000100000000002C
:10E2F00038383D38000000000000100000F0F00049
:10E30000F828F828020000000000FAFF00000000D2
:10E3100000280038FFFFFFFF3C3C3C7C0000000071
:10E32000000000000000000040FE41FF51550400C5
:10E3300000DF00D800000000000000000000000026
:10E34000AAAE000C00000000200001000000000048
:10E3500000A000000000000000000000000000001D
:10E36000000030B271F300000000200080000000C7
:10E3700000000000030300000000F0F03C3C00003F
:10E380000000000000400000000010000400000039
:10E390000000283CAAFFFFFBFBFF0000005000002C
:10E3A0000000000000000000000040FE00BE5555C7
:10E3B0000000002000D80000002000000000000045
:10E3C0000000AAAA000000000000000001000000F8
:10E3D000000000A00200000000000000000000009B
:10E3E0000000000030B230B2000000000000000069
:10E3F00000000000020003030000000000AA3C3CF3
:10E4000000101000004000000000000000000000AC
:10E41000000000002030A0F00009020420000205E6
:10E42000000000042000040000000000201088808C
:10E430002021000002008400000504008400200068
:10E440000000000002088800040000002000008096
:10E45000000000058405C0000000840588008800D5
:10E460000020000300002004C01020001000201035
:10E470000000000000000200210020000100000058
:10E4800040020000000020000402080008002100F3
:10E4900040800300030008800500000000018000A8
:10E4A00020000000000180000000000000000000CB
:10E4B0000340000000000000000000008000000099
:10E4C000000000000000200004880000030000009D
:10E4D00000400400040005082000000000000000C7
:10E4E0000000040100000000200100000900C1003C
:10E4F00000010400050000000000200020001000C2
:10E5000000008001009000000000000180008000F9
:10E510000200851040008400A020C0000000000020
:10E520000000000000000000008000000400000067
:10E530000000020000800000000000000000000059
:10E5400000800000000000000000208000000000AB
:10E55000000000000000000000000080000000003B
:10E5600000000000000000000000000000000000AB
:10E57000000000000000000000000000000000009B
:10E580000080000000000000000000000800000003
:10E590000000000004000000000000000100000076
:10E5A0000088000000000040008400100040008847
:10E5B000008400000000002000840000000800002B
:10E5C0000000000200000000000000000010000039
:10E5D00000000000000000000040000000100002E9
:10E5E000000800000000000000000000008400009F
:10E5F00000000084000000000000000000C000884F
:10E60000000800080000000000000084008400846E
:10E610000000008800000000000000000000200052
:10E620000003040420209020020200212041002148
:10E630000041400340000420004140080010002039
:10E64000000004210000000300410005000002104A
:10E65000200300080010050000000000001000A0CA
:10E6600000000021C00000000140008000080008F8
:10E6700082000803000000000000000000004003CA
:10E680000100000000C10000210000110003000093
:10E6900001A1090020050121002000000020012027
:10E6A000012000A0C11180890011031141008310D5
:10E6B0000008008400008082808421A0A100411114
:10E6C00000110000800021000084000041000000D3
:10E6D0008010000000000001880008C00384410190
:10E6E0000821000003084100080010854108218826
:10E6F0000300210021000000000000004110000084
:10E70000880004000300031008008800000003C014
:10E71000000008104010800040000001039003A199
:10E720000801020140000000820004004000048053
:10E73000080082C002000000000000040100C000C8
:10E74000000008000400080004000300000082002C
:10E75000C0000000820082008200820000000000F1
:10E760000800040000004000400008800880880085
:10E770000000820000002000400000008300A00094
:10E78000A00008009000900090009000A000880079
:10E7900082000000050001000100A100408040004F
:10E7A000A100090041000000008200C0800080A09C
:10E7B000000400100041000400820000000102007B
:10E7C0001188030000A080080000880002000000FB
:10E7D00000000040000000000000000000000000F9
:10E7E00000000000001000000304080002020020E6
:10E7F00000000000000000000000000000004000D9
:10E800000084210200000000000000000000000061
:10E81000000000000000A002100010002000000412
:10E820000000100090000800A020A020A00082049A
:10E8300000900000A10020850140C021829040216D
:10E840000010002000800180828004419020058318
:10E850000003C10008080580C0030000820009020F
:10E860000000C1038200C008000300080900820004
:10E870000005C000000000000000010082C0008010
:10E880000880910900418200042000000821000056
:10E89000C1020005840008219008821082008320B4
:10E8A000040000050000C180C08003C1000121C038
:10E8B00000010840000020008004020100820411D1
:10E8C000C000002000014102100821208000210129
:10E8D000844021000200A1008420210000001100DA
:10E8E000040021000800000000C000000084400077
:10E8F00000000300410041840300080004000521DA
:10E900000320A120020000840000800100002120DB
:10E91000000040010000210808082184008408004C
:10E92000200980A000A00500101000100040000485
:10E9300090042000004182000021A0000200020398
:10E94000000208208820020288090009A00800416E
:10E95000A0210280A003880002000010A002000293
:10E9600000118302000200050009004000000021A0
:10E970000808000002800240A00000039008020086
:10E98000400800412041820088000800A1020005E3
:10E9900008400002218400049021824008410010B8
:10E9A0001000002000029040024040008200000061
:10E9B00000010009800000000000000000000000CD
:10E9C0000000000000010001000000000000000045
:10E9D0000000000000020000000000000000000035
:10E9E0000001000010000000000000000000000313
:10E9F0000000000000000004000000000000000013
:10EA000080000000000080000000000080004090B6
:10EA1000000080000001C021000000004100000053
:10EA200000018000000000000000800000000800DD
:10EA30000488849008400204C021404088100003EC
:10EA4000908804400840C0820208009000400440C2
:10EA500000C0009000409090000800A000C0000896
:10EA600002A000C000A010821100200000000200DF
:10EA7000000000C00202001000820000C00001007F
:10EA800000008800830011008200880000008400DC
:10EA9000C000C08804020088028200000100080053
:10EAA00000000000020110000000020100009000C0
:10EAB00000000000028080008080804009110084F6
:10EAC0000082408090808000008040800080048030
:10EAD0000000118005800080808000800000000020
:10EAE000008000000000000080000900800000009D
:10EAF000800000000080808009000000000000000D
:10EB000003000000000020008800800000000200D8
:10EB100083008000808002800080008040004000F0
:10EB2000C100000003008011800000058341400304
:10EB300011410020A080202011A0A105848402039F
:10EB40009105C0C0080004A1092104008300102120
:10EB500089809189A000800382804080000000822B
:10EB600080218080000000850080001180008000EE
:10EB70000000008000004080000000000203000050
:10EB800041000911410000000000800080000900E0
:10EB900004000900898002008910830280000000BF
:10EBA00000000000000011001111000341000000EE
:10EBB00000800000800003400501C1839000A14156
:10EBC00085A183200805010001C0004100888882DA
:10EBD0000400A08490050900900185108990000030
:10EBE00010410883C0040002000200080041080030
:10EBF00010000200020400000002000000000141B9
:10EC000000000000000101000400A0408200C004D8
:10EC10000000010000009090A0001001A08508886D
:10EC20000000000000000082820085C102008540D3
:10EC3000820000080000C0C0C09100C18291890319
:10EC400002910103008311C084A000A104A120C08F
:10EC5000021000C0008404C008090000009189016E
:10EC6000C0C000000200A0008208000800C0C00868
:10EC700000020088004000C00000400000000000CA
:10EC800002000000000000000000008300A110024C
:10EC900000C100020005104001C0049100C0042121
:10ECA00003C1000100010400010000018800A1006F
:10ECB0000001000300010441012180400020008583
:10ECC000089100214003098291C0004100040040E6
:10ECD0000084808000000000848080A0000200A0EA
:10ECE0008902800000000000000000800080000019
:10ECF0000280008000000000008000000000000092
:10ED00000000C000000000000000000040020002FF
:10ED1000808309C1001100848080028900400021A5
:10ED2000800591C1000200050041024020102140F1
:10ED300011402041008500104182024109919180DB
:10ED40008980080821889109C0800404004080114E
:10ED500000008004C190A100218005028091808282
:10ED600080808003000000C1008000004100030398
:10ED700005000800000000C1000000000000410084
:10ED8000032121000403008000000000000900406E
:10ED900000A10000000000820008000000048009BB
:10EDA00000C100000011000400410000000080913B
:10EDB000800580008005000900820080000010C1ED
:10EDC00021100804890103A183890210400084896D
:10EDD00002009000040091C0080041C0840090C16E
:10EDE0008220909002018200C010840282000500FF
:10EDF00004010400830000000009008400000000FA
:10EE00000100000101000000008800000000000077
:10EE10000001000400A0000000410000000000000C
:10EE200004008210400290820000000000000000F8
:10EE3000C091208290A00482000000030002000024
:10EE400084210088410042008100008800006000A9
:10EE50008100002008008100500A008841008441A0
:10EE6000008200002100500000000000210050003E
:10EE700000000000210000000000000021008200CE
:10EE800000000000008421000000000000C100001C
:10EE900000000000008483000000000A008441009C
:10EEA000000A820000882100420000000084210046
:10EEB00000008800008812000000008200844100E9
:10EEC0000000003CF0FC010101FF303FAFAF787D56
:10EED000F0FF287DF5F5AAFF7878287DF8FDFFFF83
:10EEE000000000105545C300C3003FA03FAFC3C39F
:10EEF000C3C33030F3F3FFFFFFFF0000000000004A
:10EF00000000000000000000000000000000000001
:10EF100000000000000000000002000000000000EF
:10EF200000000000A0A0BCBCFFEBFFFF0000000041
:10EF300000000000FFFFFFFF0000000000000000D5
:10EF4000BEFFFFFFA0BCA0BC000000FF303FA0A0A0
:10EF5000787DF0FF287DA0A0005578780000F0F0C3
:10EF6000FFBF00400000555500C300C330A030AFC4
:10EF7000C3C3C3C328EB28EBFFEFFFFF0000000073
:10EF80000010100000000000000000000000000061
:10EF9000000000000000000000000000000200006F
:10EFA00000000020000800FF3CFFFFEBF0F0000035
:10EFB0000000000000003FFFFFFC00000000000018
:10EFC0000000BEFFFFFFDFCF5D0C3C7C0050CFCFC9
:10EFD0000C0C5C5CFF00FF0FF000000000003F0F16
:10EFE0003D053F3C0F000000000000C300C37D4111
:10EFF0003F3FFFFFAFFFD714D71400000000000011
:10F0000000000000040000000000000000000000FC
:10F0100000000000000000000000000000080800E0
:10F02000000000000000FFFF5F4F1F0FFF7DFF7D0E
:10F0300000000000000000000000000000000004CC
:10F0400000000000EBEBFFFF550055003C3C0000CA
:10F05000D714D7145C5C5C5C353535350000000096
:10F060003E0A3C003C3C0000F30C595500C300E351
:10F070007D410303AFAFAFFFCFCF0C0C000000000A
:10F08000000000000000000000000002020000007C
:10F090000000000000000000000000000000000070
:10F0A0000000000000000000FFFF1F0F5F4FFF7D0A
:10F0B0000F0D000000000000000000000000000034
:10F0C000000000000000FFFF7D7D006900A49001AA
:10F0D00000000061308480910001006130C6B09D65
:10F0E00001A0004100A7909D000000612026000DB6
:10F0F000000000003008000000A50061300E000D87
:10F1000000A000000008009000A000000061500F67
:10F11000000D00A0006000070005000005610A0F57
:10F12000059D00A50061002F109D00008061008EEC
:10F13000809900A00061000F000D00A0A5710ACE0B
:10F14000950D01A000614A2F150D00A53F0F3C0051
:10F15000A8A8A8FF7F7D0F00283CF8FC0000000055
:10F1600000000000D71400000000000000000000B4
:10F1700000FF30FF00000000000000000000000859
:10F18000000000000000000000000000000000007F
:10F190000008000000000000000000000000000067
:10F1A00000002000080000000000303000000000D7
:10F1B000000000000000000000000C0CFCFC00003F
:10F1C0000000FFFDFDFF00000000000800003D05FD
:10F1D0003D05080808FF4F410F002800F8F0000027
:10F1E000000001000000D7140F0F00000000000015
:10F1F00000000000303000000000000000000200AD
:10F2000000000000000000000000000000000000FE
:10F2100000080000000000000000000000000000E6
:10F22000000000000000000000000000202000009E
:10F23000000000000C000C0C00000000000AF0FAB6
:10F2400000000000FFFDFDFF0000000000000008BE
:10F25000000000000CAEFCFE00000000787878FF93
:10F26000000000000000000000000000FEFFFFFFA3
:10F27000000000000028FFFF000000000000000068
:10F28000000000000000000000000000000000007E
:10F290000000000000004141000000000000AAFF43
:10F2A00050FA000000000000000000000000FFFF16
:10F2B000FFFF00000000FFDFFFDF00000000000094
:10F2C0000000FFFFFFFFFFFFFFFFFFFFFFFF00004A
:10F2D00000000000000000AA00AA000000080000D2
:10F2E00000FF000000000100000000000000FFFF20
:10F2F000FFFF0000000000280028000000000000C0
:10F3000000000000000000000000000000000000FD
:10F31000000000000000000041410000000000006B
:10F32000005550FA0000000000000000000000003E
:10F33000FD7D7D7D00000000FFDFFFDF000000009D
:10F3400000000000FF7DFF7DBFBFEFEF3FFFFFFC30
:10F350000000000000000000000902880000000812
:10F3600000000202200000000000880000000000F1
:10F37000000000000400840084002000000004005D
:10F38000000020802000001000002010000000007D
:10F390000000000000002000200020002000842049
:10F3A0008400000020000400040904002000020082
:10F3B000020002000580040084002000000000001C
:10F3C00000000000880000002000000020008400F1
:10F3D00084000400000000000000000000030000A2
:10F3E00000000000400100000000000004000000D8
:10F3F0000000000000000000000009000000000004
:10F400000000050005020000000000100000008858
:10F4100000000000090000000000000000000000E3
:10F4200004000000050003000000000004000000CC
:10F4300000000000000010020000000000000000BA
:10F4400000000300000000000000090000000000B0
:10F4500000000000000000000000000000000000AC
:10F46000000000000000000000000000000000405C
:10F47000000000000000000000000000000000008C
:10F48000000000000000000000000000000000007C
:10F49000000000000000000000000000000000006C
:10F4A000000000000000000000000000000000005C
:10F4B000000000000000000000000000000000004C
:10F4C000000000000000000000000200000000003A
:10F4D0000000000000000000000000880000001094
:10F4E00000C00000008800000000000000000000D4
:10F4F0000010000000000000000000A0000000005C
:10F5000000000000002000000000000000000000DB
:10F5100000400000000000000000000000000000AB
:10F520000000000000000000000000000088000053
:10F5300000100000000000000000000000000000BB
:10F5400000000000000000000000000000000000BB
:10F550000000000000000000000000000041004129
:10F560000000004100000041A00000100000000366
:10F57000040000000005080000000000000000007A
:10F5800000000000000000008205000000000000F4
:10F5900000000000820000000000000000000000E9
:10F5A00000008200010000000000000000000000D8
:10F5B000000000000000000000100000000000003B
:10F5C000000000000000A0000000A00000000800F3
:10F5D0008200000000000800C0000000000008C019
:10F5E000000003C0000000C0000000004100000057
:10F5F0000000000000000084000000000000008403
:10F6000000000000000000000000000000000008F2
:10F610000000000003C00000000000000010000017
:10F620000000000000004000000008A000000000F2
:10F6300000200000000000000000000003000000A7
:10F64000000008000000000003000000000041006E
:10F650000000080000000300030008000800080084
:10F660000000000000000800000000000000000092
:10F6700000000020C00000080000000002000000A0
:10F680000000000000000400020000000000100064
:10F690000000000004000400000000000000000062
:10F6A00000000000000000001000A0000000C000EA
:10F6B0000000A0000000000082008200000000099D
:10F6C000C0000000200000008200080008090000BF
:10F6D00000000000820000004000000004009000D4
:10F6E0000400000000000000000000000000000016
:10F6F000000000000000000000000000000000000A
:10F7000000000000000000000000000000000000F9
:10F710008000000000000000000000000000000069
:10F720000000000000000000000080000000000059
:10F7300000000000000000000000000000000000C9
:10F7400000000000000000000000000000000000B9
:10F7500000000000000000000000000000000000A9
:10F76000000000000800000000000010000000057C
:10F7700000031000000000410000000000410000F4
:10F780000000000000000000000000000000000079
:10F790000000000000000000000000000000000069
:10F7A0000000004100000000000000008200000096
:10F7B0000000000000000800000000000000000041
:10F7C00000000000000082000000000000000000B7
:10F7D0000000000000000000000008000000000021
:10F7E000000000000800000800A00000031000A0B6
:10F7F000008400048384000000100884401000008E
:10F800000000000000000000000000C000840000B4
:10F81000000000000000008200000008000000005E
:10F82000000000C000000000000000000000000018
:10F83000000000000010000000840084000000842C
:10F84000000000100000000008000000000008C0D8
:10F8500008000000000008C0000000000084030051
:10F86000030003000008000000000000400000004A
:10F870000000000000000000000000410000004106
:10F88000000000000021000088400200000000008D
:10F89000004000000000000200000000000900001D
:10F8A00000000000000000000000880000000000D0
:10F8B0000000020000000000000000000000000046
:10F8C00000000011001000000002880000009000FD
:10F8D0000000000000000000000000000000000028
:10F8E00000000800080008020400000000000000FA
:10F8F0000000000000000000000000000000000008
:10F9000000000000000000000000000000000000F7
:10F9100000000000000000000000000000000000E7
:10F9200000000000000000000000000000000000D7
:10F9300000000000000000000000000000000000C7
:10F9400000000000000000000000000000000000B7
:10F9500000000000000000000000000000000000A7
:10F960000000000000000000000000000000040093
:10F970000000000000000000000000000000000087
:10F980000000000000000000000000000000000077
:10F990000000000000000400000000010000000062
:10F9A0000000000000000000000000000000000057
:10F9B0000000000000000000000000000000000047
:10F9C0000000000000000000000000000000000037
:10F9D0000000000000000000000000000000000027
:10F9E0000000000000000000000000000000000017
:10F9F0008000000000110000000000000011000065
:10FA000000000000000000000000000000000000F6
:10FA10000000000000000000800000000003000063
:10FA200000000000000000000000000000000000D6
:10FA300000000000000000000000000000000000C6
:10FA400000000000000000000000000000000000B6
:10FA500000000000000000000000000000000000A6
:10FA60000000000000000000000000000000000096
:10FA700080000000000500030000000000000004FA
:10FA80000000000000000000000000000000000076
:10FA900000000000000000008000000000000000E6
:10FAA0000000000000000000000000000000000056
:10FAB0000000000000000000000000000000000046
:10FAC0000000000000000000000000000000000036
:10FAD0000000000000000000000000000000000026
:10FAE0000000000000000000000000000000000016
:10FAF00000004000000000000001C0000000000005
:10FB000000010000000000000000000000000000F4
:10FB100000000000000000000000040000000000E1
:10FB200000000000000000000000000000000000D5
:10FB300000000000000000000000000000000000C5
:10FB400000000000000000000000000000000000B5
:10FB500000000000000000000000000000000000A5
:10FB60000000000000000000000000000000000095
:10FB70000000000000000000000010000000000075
:10FB800000008200000000000000000000000000F3
:10FB90000000000000000000000000000000000065
:10FBA0000000000000000000000000000000000055
:10FBB0000000000000000000000000000000000045
:10FBC0000000000000000000000000000000000035
:10FBD0000000000000000000000000000000000025
:10FBE0000000000000000000000000000000000015
:10FBF0000000000000000000000000008000000085
:10FC00000000000080000000000000000000000074
:10FC100000000000000000000000000000000000E4
:10FC200000000000000000000000000000000000D4
:10FC300000000000000000000000000000000000C4
:10FC400000000000000000000000000000000000B4
:10FC500000000000000000000000000000000000A4
:10FC60000000000000000000000000000000000094
:10FC70000000000000000000000000000000000084
:10FC8000000000090000000000000000000000006B
:10FC90000000000000000000000000000000000064
:10FCA0000000000000000000000000000000000054
:10FCB0000000000000000000000000000000000044
:10FCC0000000000000000000000000000000000034
:10FCD0000000000000000000000000000000000024
:10FCE0000000000000000000000000000000000014
:10FCF0000000000000000000000000000000000004
:10FD000000000000000000000000000000000000F3
:10FD100000000000000000000000000000000000E3
:10FD200000000000000000000000000000000000D3
:10FD300000000000000000000000000000000000C3
:10FD400000000000000000000000000000000000B3
:10FD500000000000000000000000000000000000A3
:10FD60000000000000000000000000000000000093
:10FD70000000000000000000000000000000000083
:10FD80000000000000000000000000000000000073
:10FD90000000000000000000000000000000000063
:10FDA0000000000000000000000000000000000053
:10FDB0000000000000000000000000000000000043
:10FDC0000000000000000000000000000000000033
:10FDD0000000000000000000000000000000000023
:10FDE0000000000000000000000000000000000013
:10FDF0000000000000000000000000000000000003
:10FE000000000000000000000000000000000000F2
:10FE100000000000000000000000000000000000E2
:10FE200000000000000000000000000000000000D2
:10FE300000000000000000000000000000000000C2
:10FE400000000000000000000000000000000000B2
:10FE500000000000000000000000000000000000A2
:10FE60000000000000000000000000000000000092
:10FE70000000000000000000000000000000000082
:10FE80000000000000000000000000000000000072
:10FE90000000000000000000000000000000000062
:10FEA0000000000000000000000000000000000052
:10FEB0000000000000000000000000000000000042
:10FEC0000000000000000000000000000000000032
:10FED0000000000000000000000000000000000022
:10FEE0000000000000000000000000000000000012
:10FEF0000000000000000000000000000000000002
:10FF000000000200000000000040020000000000AD
:10FF100000400000000000000000000000000000A1
:10FF200000000000000000000000020000000000CF
:10FF30000040000000000000000000000000000081
:10FF4000000000000200000000000040000000006F
:10FF5000000000000000000000000000020000009F
:10FF60000000004000000000000000000000000051
:10FF70000000000000000000000000000000000081
:10FF80000000000000000000000000000000000071
:10FF90000000000000000000000000000000000061
:10FFA0000000000000000000000000000000000051
:10FFB0000000000000000000000000000000000041
:10FFC0000000000000000000000000000000000031
:10FFD0000000000000000000000000000000000021
:10FFE0000000000000000000000000000000000011
:10FFF0000000000000000000000000000000000001
:020000040002F8
:1000000000000000000000000000000000000000F0
:1000100000000000000000000000000000000000E0
:1000200000000000000000000000000000000000D0
:1000300000000000000000000000000000000000C0
:1000400000000000000000000000000000000000B0
:1000500000000000000000000000000000000000A0
:100060000000000000000000000000000000000090
:100070000000000000000000000000000000000080
:100080000000000000000000000000000000000070
:100090000000000000000000000000000000000060
:1000A0000000000000000000000000000000000050
:1000B0000000000000000000000000000000000040
:1000C0000000000000000000000000000000000030
:1000D0000000000000000000000000000000000020
:1000E0000000000000000000000000000000000010
:1000F0000000000000000000000000000000000000
:1001000000000000000000000000000000040008E3
:1001100080020000000400088002000000000000CF
:1001200000000000000000000000000000000000CF
:1001300000000000000400080000000000000000B3
:1001400000000000000000000000000000000000AF
:10015000000000000000000000000000000000009F
:10016000000000000000000000000000000000008F
:10017000000000000000000000000000000000007F
:10018000000000000000000000000000000202006B
:10019000004040000002020000404000000000005B
:1001A000000000000000000000000000000000004F
:1001B00000000000000000000040400000000000BF
:1001C000000000000000000000000000000000002F
:1001D000000000000000000000000000000000001F
:1001E000000000000000000000000000000000000F
:1001F00000000000000000000000000000000000FF
:1002000000000000000000000000000000000000EE
:1002100000099000000000000009900000000000AC
:1002200000000000000000000000000000000000CE
:100230000000000000000000000980000000000035
:1002400000000000000000000000000000000000AE
:100250000000000900000000000000000000000095
:100260000000000000000000000000090000000085
:10027000000000000000000000000000000000007E
:10028000000000000000000000000000000000006E
:10029000FFFFFFFFFFFFFFFFFFFFFFFFFFFFFFFF6E
:1002A000FFFFFFFFFFFFFFFFFFFFFFFFFFFFFFFF5E
:1002B000FFFFFFFFFFFFFFFFFFFFFFFFFFFFFFFF4E
:1002C000FFFFFFFFFFFFFFFFFFFFFFFFFFFFFFFF3E
:1002D000FFFFFFFFFFFFFFFFFFFFFFFFFFFFFFFF2E
:1002E000FFFFFFFFFFFFFFFFFFFFFFFFFFFFFFFF1E
:1002F000FFFFFFFFFFFFFFFFFFFFFFFFFFFFFFFF0E
:10030000FFFFFFFFFFFFFFFFFFFFFFFFFFFFFFFFFD
:10031000FFFFFFFFFFFFFFFFFFFFFFFFFFFFFFFFED
:10032000FFFFFFFFFFFFFFFFFFFFFFFFFFFFFFFFDD
:10033000FFFFFFFFFFFFFFFFFFFFFFFFFFFFFFFFCD
:10034000FFFFFFFFFFFFFFFFFFFFFFFFFFFFFFFFBD
:10035000FFFFFFFFFFFFFFFFFFFFFFFFFFFFFFFFAD
:10036000FFFFFFFFFFFFFFFFFFFFFFFFFFFFFFFF9D
:10037000FFFFFFFFFFFFFFFFFFFFFFFFFFFFFFFF8D
:10038000FFFFFFFFFFFFFFFFFFFFFFFFFFFFFFFF7D
:10039000FFFFFFFF00000000000000000000000061
:1003A000000000000000000000000000000000004D
:1003B000000000000000000000000000000000003D
:1003C000000000000000000000000000000000002D
:1003D00000000000000000080040000800000000CD
:1003E000000000000000000000000000000000000D
:1003F00000000000000000000000000000000000FD
:1004000000000000000000000000000000000000EC
:1004100000000000000000000000000000000000DC
:1004200000000000000000000000000000000000CC
:1004300000000000000000000000000000000000BC
:1004400000000000000000000000000000000000AC
:10045000000000000000000000000080000000001C
:10046000000000000000000000000000000000008C
:10047000000000000000000000000000000000007C
:10048000000000000000000000000000000000006C
:10049000000000000000000000000000000000005C
:1004A000000000000000000000000000000000004C
:1004B000000000000000000000000000000000003C
:1004C000000000000000000000000000000000002C
:1004D000000000000000000000000904000001040A
:1004E000000000000000000000000000000000000C
:1004F00000000000000000000000000000000000FC
:1005000000000000000000000000000000000000EB
:1005100000000000000000000000000000000000DB
:100520000000A40000000000000000000000000027
:1005300000000000000000000000000000000000BB
:1005400000000000000000000000000000000000AB
:10055000000000000000000000000000000000009B
:1005600000000000000000008A0000000000000001
:10057000E000121000000000000000000000000079
:10058000000000000000000000000000000000006B
:10059000000000000000000000000000000000005B
:1005A000000000000000000000000000000000004B
:1005B000000000001000000000000000000000002B
:1005C000000000000000000000000000100000001B
:1005D00000000000200000000000400000000000BB
:1005E00000000000000000000800000000001000F3
:1005F0000000000000002000000000002000880033
:1006000004000000C0000000000000000000200006
:1006100000000000000000000000000020000000BA
:1006200000000000000000000000000000000000CA
:1006300000000000000000000000000000000000BA
:1006400000000000000000000000000000000000AA
:100650000000000000040000000000000000000096
:10066000000000000000000000000000000000008A
:10067000000000000000000000000000000000007A
:10068000000000000000000000000000000000006A
:10069000000000000000000000000000000000005A
:1006A000000000000000000000000000000000004A
:1006B000000000000000000000000000000000003A
:1006C0000004000000000000000000000000000026
:1006D000000000000000000000000000000000001A
:1006E000000000000000000000000000000000000A
:1006F00000000000000000040003000000040000EF
:100700000000100000040000410000000000000094
:1007100010000000000000000000000000000000C9
:1007200000000000000000820002008400000008B9
:10073000000200000008000800080000000800088F
:100740000082000000000000000000000000000225
:10075000000003000008000800840000000400827C
:1007600000000000000000000000109000000000E9
:100770000000000400024108000800000000000022
:1007800000000082800000000000900400000000D3
:10079000000080000000000800820000000002004D
:1007A0000000000000110000000000020000000036
:1007B0009000000000000000004000000021000048
:1007C0000000000200000009000000000005000019
:1007D0000000000000000000000090000000000089
:1007E00000000000000000110000000000080000F0
:1007F00000000000000000200000000000000000D9
:1008000000000000000000000000000000000000E8
:1008100000000000000000000400000000000000D4
:1008200000000000000000000000000000000000C8
:1008300000000000000000000000000000000000B8
:1008400000000000000000000000000000000000A8
:100850000000000000000000000000000000000098
:100860000000000000000000000000000000000088
:100870000000000000000000000000000000000078
:100880000000000000000000000000000000000068
:100890000000000000000000000000000000000058
:1008A0000000000000000000000000000021000027
:1008B0000000000000000000000000210000000017
:1008C0000000000800000000000000000000000020
:1008D00000000000000000000021000000000000F7
:1008E0000000000000000000000000000000000008
:1008F00000000000000000000000080000100000E0
:1009000000000000000000000000000000000000E7
:1009100000000000000000000000000000000000D7
:100920000040000000000000000000840000000003
:10093000000000A00082000000A000820000000073
:100940000000000000000000000000840000000023
:100950000000008400000000000800A0000000006B
:1009600000A00000008200000000000010A00000B5
:100970000000000000000000000005000000000072
:100980000000000000000000410000000000000026
:10099000000000000000080010000000000000003F
:1009A00000000000008200000000000000000000C5
:1009B00000000000000000000000000000400000F7
:1009C0000000000000000000000000020000000025
:1009D0000000000000000000000000000000000017
:1009E00000000000000000000000000800000040BF
:1009F00000000000000000000000000000110000E6
:100A000000000000040000000000000000000000E2
:100A100000000200000000000000000000000000D4
:100A200000000000000008000000000000000000BE
:100A300000000000000000000000000000000000B6
:100A400000000000000000000000000000000000A6
:100A50000000000000000000000000000000000096
:100A60000000000000000000000000000000000086
:100A70000000000000000000000000000000000076
:100A80000000000000000000000000000000000066
:100A90000000000000000000000000000000000056
:100AA0000000000000000000000000000000000046
:100AB0000000000000000000002100000000000015
:100AC0000000000000000000000000000000000026
:100AD0000000000000000000000500000000000011
:100AE00000080000000000000000000000000000FE
:100AF00000000000000000000000000000000000F6
:100B000000000000000000000000000000000000E5
:100B100000000000000000000000000000000000D5
:100B200000000000000000000000000000000000C5
:100B300000000000000000000000000000000000B5
:100B40000010000000000000000000000000000095
:100B50000000000005000000000800840000000004
:100B600000000082000005000000000000000000FE
:100B700000000002008200000000000000000000F1
:100B80000000000000000000000005000000000060
:100B9000000000000000000000000008000041000C
:100BA000000000000000000000002004100005000C
:100BB0000000200000000000000000000000000015
:100BC0000000000000000000000000000000000025
:100BD0000000000000000000000000000000000015
:100BE0000000000000000000000000000000000005
:100BF00000000000000000000000000000000000F5
:100C000000000000000000000000000000000000E4
:100C100000000000000000008800000082000000CA
:100C200000000000000000000000000000000000C4
:100C300000000000000000000000000000000000B4
:100C400000000000000000000000000000000000A4
:100C50000000000000000000000000000000000094
:100C60000000000000000000000000000000000084
:100C70000000000000000000000000000000000074
:100C80000000000000000000000000000000000064
:100C900000000000000000000000000000008000D4
:100CA0000000000000000000000000000000000044
:100CB0000000000000000000000000000000000034
:100CC0000000000000000000000000000000000024
:100CD0000000000000000000000000000000000014
:100CE0000000000000000000000000000000000004
:100CF00000000000000000000000000000000000F4
:100D000000000000000000000000000000000000E3
:100D100000000000000000000000000000000000D3
:100D200000000000000000000000000000000000C3
:100D300000000000000000000000000000000000B3
:100D400000000000000000000000000000000000A3
:100D50000000000000000000000000000000000093
:100D60000000000000000000000000000000000083
:100D70000000000000000000000000000000000073
:100D80000000000000000000000000000000000063
:100D90000000000000000000000000000000000053
:100DA0000000000000000000000000000000000043
:100DB0000000000000000000000000000000000033
:100DC0000000000000000000000000000000000023
:100DD0000000000000000000000000000000000013
:100DE0000000000000000000000000000000000003
:100DF00000000000000000000000000000000000F3
:100E000000000000000000000000000000000000E2
:100E100000000000000000000000000000000000D2
:100E200000000000000000000000000000000000C2
:100E300000000000000000000000000000000000B2
:100E400000000000000000000000000000000000A2
:100E50000000000000000000000000000000000092
:100E60000000000000000000000000000000000082
:100E70000000000000000000000000000000000072
:100E80000000000000000000000000000000000062
:100E90000000000000000000000000000000000052
:100EA0000000000000000000000000000000000042
:100EB0000000000000000000000000000000000032
:100EC0000000000000000000000000000000000022
:100ED0000000000000000000000000000000000012
:100EE0000000000000000000000000000000000002
:100EF00000000000000000000000000000000000F2
:100F000000020000000000000000000000000000DF
:100F100000000000000000000000000000000000D1
:100F200000000000000000000000000000000000C1
:100F300000000000000000000000000000000000B1
:100F400000000000000000000000000000000000A1
:100F50000000000000000000000000000000000091
:100F60000000000000000000000000000000000081
:100F70000000000000000000000000000000000071
:100F80000000000000000000000000000000000061
:100F90000000000000000000000000000000000051
:100FA0000000000000000000000000000000000041
:100FB0000000000000000000000000000000000031
:100FC0000000000000000000000000000000000021
:100FD0000000000000000000000000000000000011
:100FE0000000000000000000000000000000000001
:100FF00000000000000000000000000000000000F1
:1010000000000000000000000000000000000000E0
:1010100000000000000000000000000000000000D0
:10102000000000000000000000840000000000003C
:1010300000000000000000000000000000000000B0
:1010400000000000000000000000000000000000A0
:101050000000000000000000000000000000000090
:101060000000000000000000000000000000000080
:101070000000000000000000000000000000000070
:101080000000000000000000000000000000000060
:101090000000000000000000000000000000000050
:1010A0000000000000000000000000000000000040
:1010B0000000000000000000000000000000000030
:1010C0000000000000000000000000000000000020
:1010D0000000000000000000000000000000000010
:1010E0000000000000000000000000000000000000
:1010F00000000000000000000000000000000000F0
:1011000000000000000000000000000000000000DF
:1011100000000000000000000000000000000000CF
:1011200000000000000000000000000000000001BE
:1011300000000000000000000000000000000000AF
:10114000000000000000000000000000000000009F
:10115000000000000000000000000000000000008F
:10116000000000000000000000000000000000007F
:10117000000000000000000000000000000000006F
:10118000000000000000000000000000000000005F
:10119000000000000000000000000000000000004F
:1011A000000000000000000000000000020000003D
:1011B00000000040020000000000000000000000ED
:1011C000000000000000000000000000000000001F
:1011D000000000000000000000000000000000000F
:1011E00000000000000000000000000000000000FF
:1011F00000000000000000000000000000000000EF
:1012000000000000000000000000000000000000DE
:1012100000000000000000000000000000000000CE
:1012200000000000000000000000000000000000BE
:1012300000000402000000000000000000000000A8
:10124000000000000000000000000000000000009E
:10125000000000000000000000000000000000008E
:10126000000000000000000000000000000000007E
:10127000000000000000000000000000000000006E
:10128000000000000000000000000000000000005E
:10129000000000000000000000000000000000004E
:1012A000000000000000000000000000000000003E
:1012B000000000000000000000000000000000002E
:1012C000000000000000000000000000000000001E
:1012D000000000000000000000000000000000000E
:1012E00000000000000000000000000000000000FE
:1012F00000000000000000000000000000000000EE
:1013000000000000000000000000000000000000DD
:1013100000000000000000000000000000000000CD
:1013200000000000000000000000000000000000BD
:1013300000000000000000000000000000000000AD
:10134000000000000000000000000000000000009D
:10135000000000000000000000000000000000008D
:10136000000000000000000000000000000000007D
:10137000000000000000000000000000000000006D
:10138000000000000000000000000000000000005D
:10139000000000000000000000000000000000004D
:1013A000000000000000000000000000000000003D
:1013B000000000000000000000000000000000002D
:1013C000000000000000000000000000000000001D
:1013D000000000000000000000000000000000000D
:1013E00000000000000000000000000000000000FD
:1013F00000000000000000000000000000000000ED
:1014000000000000000000000000000000000000DC
:1014100000000000000000000000000000000000CC
:1014200000000000000000000000000000000000BC
:1014300000000000000000000000000001000000AB
:10144000000000000000000000000000000000009C
:10145000000000000000000000000000000000008C
:10146000000000000000000000000000000000007C
:10147000000000000000000000000000000000006C
:10148000000000000000000000000000000000005C
:10149000000000000000000000000000000000004C
:1014A000000000000000000000000000000000003C
:1014B000000000000000000000000809000000001B
:1014C000000000010000000000000000000000001B
:1014D000000000000000000000000000000000000C
:1014E00000000000000000000000000000000000FC
:1014F00000000000000000081000000000000000D4
:1015000010000000080000000000000000000000C3
:1015100000000200080000000000000000000000C1
:10152000000010000000400090001000C00000000B
:10153000100088000000000000000000000400000F
:10154000100040009000000000002000200010006B
:10155000100020000000400000000000000000001B
:10156000000000000000000000000000000000007B
:1015700000000000000000000000800000000000EB
:1015800000008000000000000000000000000000DB
:10159000000000008000800000000000000000004B
:1015A00000000000800000008000000000004000FB
:1015B000000000000000000000000000000000002B
:1015C0000000000000000000000000001090000477
:1015D000000080400000000000000000000000004B
:1015E00000021000200300000000000000000008BE
:1015F00000030000000000000000000802000200DC
:1016000008030800000000000000000000040004BF
:1016100000040000010000000000010000000005BF
:10162000000500000000A008000000030100000009
:101630000008000200040005A004000000000005EE
:10164000000000020100000400000008080000097A
:1016500000004003000500000000400000000004FE
:101660000008000400088008008421840084000031
:1016700000840082000800840000000800848000CC
:10168000809080008088000400000082000000013B
:101690000209008500080200000400080802000397
:1016A00000000004000400040000000020824090BC
:1016B0000000000400020008000800080004000404
:1016C0000002000000004084410840000082C00881
:1016D00000000008820020040004000480020000D2
:1016E00000050002000200410002000000090000A5
:1016F0000040000000080000000500080040000550
:1017000000200003000000050005000001020008A1
:10171000020000020004001100020021000000028B
:101720000000000500020005010000210005002165
:101730000108004000400040004000050009000989
:10174000001100400021000000020005000500110A
:101750000005000500080000C00500210000000889
:101760004000000000000000000000000000000831
:1017700000900000000000000000000020000000B9
:1017800000000000000000000040000000004000D9
:101790000000000000000000000000000000000049
:1017A00000010000000000000020200000000200F6
:1017B00000004000000100010001000100000000E5
:1017C00000001020000000000000000800000000E1
:1017D00000000000000011000000000000002100D7
:1017E00000408000014100000000010000000121D4
:1017F00084210003840500000000000000800088B0
:10180000008000800000000000050008A000010525
:10181000000000410040020808210888A0001000D4
:10182000000300000000008420800080C080108041
:101830000005010040021105010000000000004009
:1018400008400810821085000200C000000001005E
:101850008340C0008202820084081000001084804F
:1018600000800100C0100200008441A0080009A00F
:101870000282100000840000000000000000004010
:10188000004000100010038200840084000000006B
:1018900002A0100000004184800880A0800400089D
:1018A00080A0000000A000000041800400040004AB
:1018B0000040000040A090A18400100810840000A7
:1018C00000850001050100A10282800021000500C1
:1018D0000288020008840801210020820000088597
:1018E0000040004040A010830003000800020040B8
:1018F0000009002000919005040200110004000975
:101900004003400000058408002000200002002061
:101910000202200000029003200500212008C000E0
:1019200010009003001100200000000800020000D9
:1019300040000800000900088804001100020002AD
:101940000540000002000200880900200000082075
:10195000A0020409200408118240820082001000C5
:101960000800000800000010400202000000000013
:101970000000000000000002000000000000000065
:1019800000000000800000000000000000000020B7
:1019900000000000000000000000800000000000C7
:1019A00000088000000000000000000004000000AB
:1019B00000008000000000000000000000000000A7
:1019C00000014000000000000000000000000000D6
:1019D0008004000000000000800000000000000003
:1019E00000000000000000000001800000210080D5
:1019F000848000050105000300830121008500802B
:101A0000C100012100050002000300058805000057
:101A1000C1080021A1050021A088010302050011D1
:101A2000A1050100002100002003000000000800C3
:101A3000020000000208002100400008000300002E
:101A400000080009000000080003C00882028805A1
:101A50000003C00009030805000008800000888515
:101A600008828209840500211100A080C0050000C1
:101A70000040001000000200000021100884004017
:101A80000040080008080500000100A000A00000B8
:101A90000008400000000200090000100882C10098
:101AA00000002000200400C0000880A00008000002
:101AB0000000800000008200000800010000000813
:101AC00000000200020005000000000041000001CB
:101AD000030041000000C0000000000000020008F8
:101AE00000400041410000000000400002020000F0
:101AF000C0C004C000101008C0C010C0018890020F
:101B0000C0C088C000908490C0C010C000041008FD
:101B1000C0C002C000022002C0C010C00004108873
:101B2000C1C004C00004C010C0C003C040041008FD
:101B3000000001020002020800080004008888007A
:101B40000002C040881082108888C0C008C0900879
:101B50000802C0C008C008021002C0C010C0402067
:101B60009008C1C040C002401008C0C090C08804A6
:101B700010089180008000008080848080800400B4
:101B8000000091800080090080009180008000802A
:101B90008080918000801080000091800080108003
:101BA0008000908000802080800091808980A080CB
:101BB000808000000900090020000000008005006E
:101BC000800000008080C080A0000000888020800D
:101BD000110080009180208000808000C1800380FF
:101BE00000000080C080918080000080858003809C
:101BF00000800080000080898091800010041082A5
:101C0000A080A08000008090809180008000808271
:101C100080918083800009908890C100800020C15D
:101C20008591C18080020082800380800000418213
:101C30008391C100000000088082801000009000A5
:101C4000114109114100000008100210410000007C
:101C500080828080808000008082809180001000DF
:101C600010828389850005001082A190A180908058
:101C7000418291C0850590004082C0C0C008080024
:101C80008882C0C0C04088004082C0C0C0204002DE
:101C90001082C0C0C04040009082C1C1C102040097
:101CA0000282C1C0C14004001082C090C010400038
:101CB0001082C0C1C18800001001102004038800F8
:101CC0001000108802889110880001021001019014
:101CD00002000882C0C0C08410004082C0C0C01092
:101CE00011008982C0C0C08888900482C1C1C140EF
:101CF00008021082C0C0C0A00890001000C0C0C080
:101D00000920002004C0C0C00802001000C0C0C0EC
:101D10000820102000C0C0C00840009090C0C0C083
:101D20000804002000C0C0C00804A02088C041C032
:101D30000240C02000C0C0C100019001C0010000ED
:101D400008030101000088910902C0200010080169
:101D500010110811000800C1C0C00940001188C05E
:101D6000C0C00909002100C0C0C00920002004C073
:101D7000C0C00309002000C0C0C0840000800080F3
:101D80009180C00000808080918091000080008060
:101D90008080848080800080838084800000008038
:101DA000908084800080008080809180008000800E
:101DB000908004008082008380C100010008000838
:101DC0000010090802100003000509059000000931
:101DD00000080941909000830088808888A00090C6
:101DE00000859188A01000830082C090880300883D
:101DF000808280A020900083008380918000808872
:101E0000809080008008808800050009801080890B
:101E1000808880008811C083088988008080808342
:101E2000801000088082808980900088801080C1A6
:101E30008083000080908088809000A000010010C6
:101E4000008000800000004000800080001080A022
:101E500000838000000280008082001000808010DB
:101E600080A1008200008088808880098090C184E1
:101E7000908208038811C09082A0C0889010C00092
:101E8000C0C108840888C091C0C088910290C00178
:101E9000C0C040080888C100C0C1211009A0C08886
:101EA000C0C102200289C088C0C004081003C0005D
:101EB000C0C004089088C088C0C10411200200017D
:101EC000400040204010400000001020201008007A
:101ED000C088000302400801C000C0C09002020296
:101EE000C000C0C090850288C005C0C1049008022F
:101EF000C140C0C183100888C010C0C104080820B8
:101F00000000000083004842840000C18300484272
:101F100000000000830048420000000083004842A7
:101F2000000000C183004842000000C18300484215
:101F3000000000C183004812000000C18300484235
:101F40000000000000C100000000000000000000D0
:101F50000000008100C183006000000000008300D9
:101F60004842000000008300484200000000830057
:101F70004842000000008300484200000000830047
:101F800048420000000000000000000000000000C7
:101F90000000000000000000000000000000000041
:101FA0000000000000000000000000000000000031
:101FB0000000000000000000000000000000000021
:101FC000000000007E187E180000FFFF2BD42BD4E9
:101FD00000FFFF00F0F03C3C5A5AA5A500000000AD
:101FE00000000000000000000000000000000000F1
:101FF00000000000000000000000000000000000E1
:1020000000000000000000000000000000000000D0
:1020100000000000000000000000000000000000C0
:1020200000000000000000000000000000000000B0
:1020300000000000000000000000000000000000A0
:10204000000000000000F9F960600000FFFF0FF0E1
:102050000FF000FFFF000F0F3C3C5353ACAC0000EF
:102060000000000000000000000000000000000070
:102070000000000000000000000000000000000060
:1020800000000000000043102000008811064310EB
:10209000200000881106431020000088110643101C
:1020A000200000881106431020000088110643100C
:1020B00020000088110643102000008811064310FC
:1020C0002000008811060000000000000000000051
:1020D0000000000000000000000000000000000000
:1020E00043102000008811064310200000881106CC
:1020F00043102000008811064310200000881106BC
:1021000043102000008811060000000000000000BD
:1021100000000000000000000000000000000000BF
:1021200000000000000000000000000000000000AF
:10213000000000000000000000000000000000009F
:10214000000000000000000000000FFF663C6E91E0
:10215000916EDBA5245A5A5AA55A996666995A99DE
:102160005A9900000000000000000000000000007C
:10217000000000000000000000000000000000005F
:10218000000000000000000000000000000000004F
:10219000000000000000000000000000000000003F
:1021A000000000000000000000000000000000002F
:1021B000000000000000000000000000000000001F
:1021C0000000000000000000000000000F00663C5E
:1021D00066999966DBA5245AAA5AA55ABF4040BF02
:1021E000A566A566000000000000000000000000D9
:1021F00000000000000000000000000000000000DF
:1022000000000000000000000000000000000000CE
:102210000090000500610007C09D0005000000005F
:102220000090000500610006009D000500600007A9
:10223000009D000500600007009D0005006100078B
:10224000009D00050060000700940005000000618B
:102250003007001D100240618006002D100248600A
:10226000803F002C080200610006009D000500610F
:102270000006009D000500610006009D000500614C
:102280000006009D000500610006009D000500009D
:10229000000000000000000000000000000000003E
:1022A000000000000000020000000000000000002C
:1022B000000000000000000000000000000000001E
:1022C00000000000000000000000FAFA0AFA000016
:1022D00000000000000000000000000000000000FE
:1022E00000000000F0AAF0FF000000000000000065
:1022F000000000000000000000000000BCBC00FF67
:1023000002000002F0F0F0F07D417D41000000008D
:1023100000000000000000000000000000000000BD
:1023200000000000000000000000000000000000AD
:10233000000000000000000000000000000000009D
:102340000000000000000000000000000A0A0AFA75
:10235000000000000000400000000000000000003D
:10236000100000000000F0AAF00000000000800053
:10237000000000000000000200000000000080805B
:1023800000FF0200000200AA3C3C3F033C000100A9
:10239000000000000000000000000000000000003D
:1023A000000000000000000000000000000000002D
:1023B000000000000000FAFA0AFA00000000AAFF7C
:1023C000A0F5000000000000000000000000AAFFCF
:1023D00050FA0000000000000000000000000000B3
:1023E0000100400000000000F0FFF0AA0000000023
:1023F00000000000000000000000000000000000DD
:10240000AAEABEFE0000000020FFFFFF000000005F
:1024100000000000000000000000000000000000BC
:10242000400000000000000000000000000000006C
:1024300000000000000000000A0A0AFA0000000084
:102440000055A0F5000000000000000000000000A2
:10245000005550FA000000000000000000000000DD
:1024600000000100400000000000F000F0AA0000A1
:10247000000000000000000000000000000000005C
:10248000000000401454000000002020FFFF000066
:102490000000000100000008000000000000000033
:1024A000000000000000000000000000000000002C
:1024B00088000000000000080000001188000000F3
:1024C00002000000010000090200000000001000EE
:1024D000000000000000000000000000000020C01C
:1024E000900040054000000000080000840000004B
:1024F0000002000008000008080000000021200081
:102500000000204040000000880000114000410809
:10251000020000002000A0000000000000000000F9
:1025200000000000000000000000000000000000AB
:10253000000000000000000000000000000000009B
:1025400000008000000040002182800400000000A4
:1025500080000000000000000000000000000000FB
:1025600000040000000000000000000000C000C0E7
:10257000000000010000400000000000000000001A
:1025800000000800000400000000000000008004BB
:102590000200A1000000000400000200020000048C
:1025A0004000001100040000000020002100200075
:1025B00020000200000800050100020003000004E2
:1025C000894000000009000901110000000084009A
:1025D00000050000000300000000000000040000EF
:1025E00000000003000002000000000000040011D1
:1025F00040800000000500000000000000000020F6
:1026000000090000000000000100000001000000BF
:102610000000820000004100000041008008808826
:102620000000808200000004000800088008820882
:102630008008808280020088000820088008C0048A
:1026400010904009000800040008029041840082B4
:10265000008400880000200400840008000300902B
:102660000000000800880084800040820008000804
:1026700000048002000400840000009000020000BA
:10268000000000080000008200084000000840042C
:10269000000000840400058282000000821000080F
:1026A00000210008000200020008002100000100D3
:1026B00000210000002100020000000200080004C8
:1026C0000002000000090041004001410003000534
:1026D0000008000200000041002100400008000046
:1026E0000009000000090011020000C0008901403B
:1026F0000009000401400009000800200009000250
:10270000002100210000002100A1010000050011AE
:102710000002000200090021000400020000000481
:10272000200800400284040040000082000811A03C
:10273000100800000000110000A0000000C005000B
:10274000000911000000000000C00004080800405B
:10275000000800881188000220840082418800005F
:10276000000000820000000021C0A10803402140B9
:1027700020A000A04102028200A011A0418400001C
:10278000058311C0000021C00004111002000004E4
:10279000038809400000008800A04182004040A05A
:1027A0004084004100000005000000009000C008C7
:1027B0000100014000040020090000030000004067
:1027C00001400005000400020183000800008400AD
:1027D0000100022100040008000400000841054136
:1027E0001141000000000005408200000040009000
:1027F0008200838000410000A100C0401040100210
:10280000002141028440104000880040C0000000C8
:10281000080388000000A0400800400040050000B8
:1028200082C1A0050000000000000000008200003E
:10283000000002820411000010010208008200C0A2
:10284000000140010000008300011002050000A00B
:1028500000A0080080C00001000900C10082000043
:1028600090A0C000000004200000800300000001D0
:1028700000400000020211002082400800210001F7
:1028800000010000C00111010401004100010884A1
:102890000000000000000000000140A0000800004F
:1028A00041020040001000030208020504409008A5
:1028B00000080000904000042000000840080000CC
:1028C00000110003042100000040108820080003CC
:1028D000004000400041101121000103400202406D
:1028E00000054002880800000084208502042002C0
:1028F0002003202002049040880888034120000221
:10290000084000020011002004002008100300020B
:1029100082008221A084824100110204080040410B
:1029200002400000100900000008800000041100AF
:1029300005400088090000022088C000209009019D
:1029400000200002000000081108020000048000BE
:1029500000820000000000840008880008009184C4
:1029600000890082C008114000000040C1400041C1
:102970004110008488A04021219140A0081040000F
:1029800000C10008410110A00520040480052100B9
:10299000110409840088094003A0004002040000DB
:1029A00009C0410800000000104002050000890035
:1029B00088080021000001080088020300020008C6
:1029C0000080000301410008000900000004010428
:1029D00040044008004100100008848000022100EB
:1029E0002010000802020000C082000082030021C3
:1029F0004021400000850008100000001021020066
:102A000000090003008040091000000520A10021FA
:102A1000202121050021C0000000A00500888209B6
:102A200011411003000200008400400580000000F6
:102A3000028400840090000040080020890000000B
:102A4000408500200000020400000000000000019A
:102A5000020180010000000000A100000904000044
:102A6000A008800900008001000000410000000073
:102A7000000080108000090800C00000000000086D
:102A80009100000010020002000000820000800897
:102A900000008000900009000000000000000240DB
:102AA0000200020000400082110000C000089008EF
:102AB0000040002011100082002000040082010567
:102AC00088042004820400C011101108000091093C
:102AD000A1880290101082900110001002888901D4
:102AE0000800910100000209000941C1908800001E
:102AF000119000008802008811081188052000004C
:102B000000000000080000000002A0008820000271
:102B10000111010201100802000010000000000075
:102B20000188839110410000911104101010008958
:102B3000008000800000A180030000800080000071
:102B400011418021A010800000001080088000004A
:102B500011C1411009418080000003000000000005
:102B6000914191210508000088410240410800057B
:102B7000000091000000910000009180C10003005E
:102B8000000000000300000000000385910380089E
:102B9000002011C1082120048080000000000000F6
:102BA00000001009202180C0000902A00903804113
:102BB000000380000000001100000800C0A1820096
:102BC0001000880009201100C1C1800500098000A3
:102BD00000001080218010038240000083098800DB
:102BE000A0800000000000038080020003089080A5
:102BF0004109000082410821021004002010102128
:102C0000C01041800000020082800900828008A17B
:102C100008101080000011001100C120820009205E
:102C20000400C0004180040802C021030200030820
:102C300003004010080000884000001004000384D6
:102C400003A091080900028503C0110910008884BF
:102C5000829008049110010891011010A000100248
:102C60000310C0040000A0000401C0A09110912036
:102C700008400105000008010390A00108200001A0
:102C80000188092101C0080090000288900009C055
:102C90000540912002820000028801000990040092
:102CA000900010828200080210211141898389104E
:102CB000882000008890910800008420820504008C
:102CC000000000000400110101000201890101104F
:102CD000000110001108901108010991101088C01E
:102CE0000002A020C0110084100401A000C0C10097
:102CF0000010019010C1000000902000100202019D
:102D0000000810880201020000000000000000011D
:102D1000010089000283400302020002411109A15F
:102D200000000000000000000291000021000004EB
:102D30008888001140892089418000000000828934
:102D4000800000000000820003020810C10511414C
:102D500010840008004040820290041009109089FD
:102D600000410011801080900002842109112191FE
:102D700021050009099000C00000200480058000A2
:102D8000880908A080100021900900110009001096
:102D900000081008A005C1210009091121080985B2
:102DA00091410000000000000000C0020403020383
:102DB00011820804050841210040000080020080C3
:102DC000000080898089008900024111099011006A
:102DD00003008040800000000000410002034080AA
:102DE00003090000008800000010000500880000B2
:102DF00000004180110805800000000000088000EC
:102E0000000000028080008080000011801180405E
:102E1000008000000990098002800908C11191001A
:102E2000410011208000008080000020208003806D
:102E300010000209218911001180400400000421C2
:102E40000010020004020821A084C0001189A0C162
:102E5000C1088800100002020002100089900000E2
:102E6000018889001000A088A000C001000000892E
:102E700000A0000011882091201008000000201000
:102E80000810029088000802880210000000C001AB
:102E90002010884004000020400890080200090823
:102EA0000502008200001082201002888200910832
:102EB000908200044000010890000004010000001E
:102EC000000000008400000A0000830000000000F1
:102ED00000C183004206810000C100000000000024
:102EE00000C10000410000000000830000820000DB
:102EF00000C183000000000000C1830000810000C9
:102F0000000000C100006000000000C10000410698
:102F100000000000830000000000000000004200EC
:102F2000000000C1000000000000000000000000E0
:102F30000000000000000000000000000000000091
:102F4000C33CC33CAAAA5555AAAA3C3C00000000B9
:102F5000C0FCBEBEFFFF0000555555693C3CC3C3D5
:102F6000C3C33C3C3C3CC3C355FF78780000000021
:102F700000000000ACAC0CFCB4B4B4B40FFFAFAFB5
:102F800000000300FCFF966996690F0FF05A9999AB
:102F90009999E8E830F300000000D827D82700FF0F
:102FA000FF00FF0000FF00FFFF0000000000000026
:102FB00000003CC396693C3CC3C300FF00FF665A57
:102FC000A55AC33CC33C965569AA00FFF0F0000027
:102FD0000000C0FC828200000000AAAAAA963C3C25
:102FE000C3C3C3C33C3C96C3693C00AA7878400085
:102FF000000000000000ACAC0CFC0055AAFF00F083
:10300000A0A00000FCFF030096699669F0F00FA5F0
:1030100099999999E8E830F300000000F00FF00F5B
:1030200000FFFF00FF0000FFFC0303FC00000200A4
:10303000000000003CC33CC33C3CC3C3FF00FF0096
:10304000665AA55A6996A956827D827D55FF55001C
:1030500000400000AFAF0505A5A5665A5AA5A5F02A
:10306000B1B1B133EB1414EB00C3FF3C3FF530F5C5
:103070003F303535000000000FFF55FF553CFF0F76
:10308000F0F0F0F0000096966666BA4545BA5AA58B
:10309000A5A555AA55AA000000005DA255AA9999B8
:1030A000A6A600FF8F709999CCCCA0A05F5F00000E
:1030B00000003C3CC6C3F00F0F00C3C33C3C5AA504
:1030C00055AAC0C03F3F55AA55AA7D827D823C0FBC
:1030D0003C0F00000000BE14BE14A5A55A5A5AA504
:1030E000A5F04E4E4ECCAB5454ABFF3C00C33F0555
:1030F00030053F303535000000000F005500553CCD
:10310000000FF072F072000096966666BE4141BEF6
:103110005AA5A5A555AA55AA00000000A25DAA556A
:103120009999A6A6FF00708F9933CCCC5F5FA0A0C1
:1031300000000000C3C3393C0FF0F0FF963669C9A8
:103140005AA556A93F3FC0C040618006002D080225
:103150000061303E000D00A105613009054110A25B
:1031600040618007C02D100240218003002D08021D
:103170000061300E000D00080021000B004D00081A
:103180000000300F021D1002000040618007002D7A
:10319000100240618007002D08021061400E000DF2
:1031A000100240618006002D1002402180010021A4
:1031B000080280610006000D100240618006002DAB
:1031C000100240618006002D080200000000FFFF91
:1031D000000000000000000000003CFF0FFFACAC4E
:1031E0000CFC0000000008000000000808000400BB
:1031F0000000000000003C3C3CFF0000000000001C
:103200000400AF05FF5500000000000000000000B2
:103210000101000000000000FFFFFFFF00000000B0
:10322000000000009A9A9A5A000400003F303F3F85
:10323000FCFCC0FC0000000000000000D717D71401
:103240003A3A00FFFF007F002828282800000000ED
:10325000FFFF000000000000000000003C000F0025
:10326000ACAC0CFC000000000000000000000000FE
:1032700000000000000000003C3CFCFC00000000DE
:1032800000000000AF05AA000002000000000000DE
:1032900000000101000000000000AFFFABFF0000D4
:1032A0000000400000009A9A9A5A000000003F3047
:1032B0003030C0C0C0FC0000000000000000141747
:1032C0001414303000FFF0007000A0AAAAAA000079
:1032D00000000000000000000000000000005F503F
:1032E0005F5F3F3F0FFF00000000000000005F0A2B
:1032F000FF550000000000000000A0FFFFFFAF0529
:103300005F5F00000000FC0CFF0F3CFF3CF0000082
:1033100000000000000100000000000082828082A6
:1033200000000000F0FF0F0000000000000000009F
:10333000AF055F5FAFAF0FFF0000000080BCC3FFB1
:10334000FF1FFF0FA0BCFFFFFFFF5D0C28F8FFFF72
:10335000000000000000000000000000000000026B
:103360005F505050303000F00000000000000000BE
:103370005F0AAA001000000000000000A0FFFFFF8D
:10338000AF050A0A00000000FC0CF0003C003CF015
:10339000000000000000000000000000000082F2B9
:1033A000AAAA00000000F0FF0F0000008000040047
:1033B0000000AF050A0AA0A000F00000000080BCD9
:1033C000003CFF14FF00003CFFFF00000000000075
:1033D00000000000000000000008000200000000E3
:1033E0000010000200000005201100000000000095
:1033F00020000002000000000000000000000008A3
:10340000C0000000000000000008000300050000EC
:10341000040800008800000000000000040000050F
:10342000A0000400A0001008C01000080005000063
:103430008400C00000000004C000001000119002D1
:10344000C004C008001120414000A000002100007D
:103450002000080400000000000000000000000040
:10346000000000000000000000000000000000005C
:1034700005008000000000000000000000000000C7
:10348000000000000000000000000000100000002C
:10349000000088000000000040000500000000005F
:1034A000000000004000000000000000000040009C
:1034B0004000000040000000000041000000090042
:1034C000410010000300200000000900004021001E
:1034D00004844100040000000000A000000000007F
:1034E00000040000000000000000000000000000D8
:1034F00000080000010400000000000800000005B2
:1035000000000000840000000041000000000000F6
:103510000000000000000003000500000000001093
:103520000000001000000011000200000000000078
:103530000004000000200011000000000000000056
:103540000000000000030004000000110000000063
:103550000020000000000000000800000008000437
:103560000084000800820008000800000008000035
:103570000008100800000400000800000084000893
:103580000000000800880008000800000084000017
:103590000008008400000000000000040000008417
:1035A00000080084000800880008000800040000EB
:1035B000000408840008001000840004000810843F
:1035C00021080008008400080084000800080008A2
:1035D0000308001000080004000002080021004059
:1035E000202140410000C0210021000000210040B6
:1035F00084219021000000050021000800210441E1
:103600000021000800000021002100000021000529
:1036100004210021000800210008000000400021D2
:103620008808882190090004002100004002002140
:103630000005A0210208A02184210000C000A021D3
:103640008421022120028803882100020000C02179
:10365000082100049008002100024004020000003C
:103660000010000400000000040800C00002000078
:1036700000001188000200C000000020048800C083
:10368000200202020482008400C000840010201086
:103690000282020041C0404000082088000002046D
:1036A000001040100082008200C0204021900000E5
:1036B0000040021009404000009000020900090487
:1036C00009200502000008004140410000200040A0
:1036D000404003000900050221040382088800001D
:1036E00000030021000000000000000000000000B6
:1036F000000000000000000900050400C0410005B2
:103700000000000000000000000400000000400075
:103710000000000000000011000000000000000098
:103720008208000000000000C0000010000000003F
:10373000000000000000000082004000000008912E
:10374000080000001000000000004000840000009D
:103750008400C000840084410400C00000000821EF
:1037600020900088000200840900009000080500F5
:10377000090400C000000000000000C0000000C0FC
:1037800000000000000400000000000000C0000075
:103790004090209005C0094000100000001021005A
:1037A0000000000400100010000000104190000014
:1037B000000000100090000800020084009000004B
:1037C000050400C000824110000000A005080000B0
:1037D000030000000090210021000084000005008B
:1037E0000020000020000002900000409000020035
:1037F0000008C000001100210000002100000000AE
:103800000000001000020000000800000221020079
:10381000900800000203000204080040022000009B
:1038200000000000C00002080200000000000011BB
:1038300084080008000800050408001190048400B2
:1038400000000400000020000400840804030000BD
:1038500008000021002188059008000500110000E3
:103860000011042000C00010000005040084400086
:1038700005040040008821400210008802401182A7
:1038800000821184400211100010408400200020AA
:10389000400404200200110000040808028440884B
:1038A00041C00988000020880940400002840200CD
:1038B00009400004114040880004020020400082BA
:1038C000090209C0A12000C000402104002004908A
:1038D000110000880840080202400900414000022F
:1038E00005040884054100000000000000080000F5
:1038F0009000000000040011000000080000000813
:103900002000000200000000A009000300020003E4
:103910000000000000020000000800212002000852
:103920000005000300850000000500200000880855
:1039300040080000000008050004880000218408F9
:103940000002C00840080005001000009000C008F8
:103950004000820084008405000590000021840856
:103960000021000800008804000000000000009012
:10397000410000880000009005C00000000009021E
:10398000000200000900000200000000000000002A
:103990000000008400000582000000882000000074
:1039A00000A00000000408040000050000C0008220
:1039B00040C000002000009000040000090000004A
:1039C0000000200020000004202000000900210049
:1039D000050241000000210000000082208200C09A
:1039E000048209000900400021050000C100000117
:1039F000C182010000000140C188C000C100001068
:103A0000C0820000C0000183C0000000C1000001AE
:103A1000C183010002000140C188C000C00000084D
:103A2000C0820000C0000183C00000000000C1008F
:103A30000001C182010000000140C088C001C00037
:103A40000008C0820000C0000183C0000000C10067
:103A50000001C182010084000140C088C001C00093
:103A60000020C0820000C0000183C0000041C141AD
:103A70000003C1844141004141899011801083417C
:103A80000980808000418041418380000041C14124
:103A90000003C1844141004141898411830489416B
:103AA000008080800041804141838000000000410F
:103AB000C1410003C1894141004141898403802003
:103AC000834100808080004180414183800000412B
:103AD000C1410003C1894141004141898405A002DF
:103AE0008441008080800341804141838000410007
:103AF000114100C10000414190410041024109C112
:103B00002041004180804100C1C100C180024100CC
:103B1000114100C10000414190410041034109C1F0
:103B2000A141004180004100C14100C1800200006C
:103B30004100114100C100004141904100C11141CB
:103B400089C140C1004180804140C14100C1800223
:103B50004100114100C100004141824100C11141B9
:103B600020C18341004180004110C1C100C18010CB
:103B70000000000100C100000001400100910001AF
:103B800002C12103000340840200401100C18200F1
:103B90000000000100C1000000014001001101010E
:103BA00084C18203000308880200400100C1820032
:103BB00000000000000100C10000000140010011F0
:103BC000000104C11183000308200200400100C16C
:103BD00082000000000100C10000000140010083DC
:103BE000000191C121C1000340A0A000402100C1FB
:103BF000820000400000C183000000000000C1837B
:103C0000100400080000C140000000000000C100D6
:103C1000000000400000C183000000000000C182DD
:103C2000C00400200200C140000000000000C100EC
:103C30000000000000400000C18300000000000000
:103C4000C18210A100401000C140000000008200AD
:103C5000C100000000400000C1830000000000001F
:103C6000C18210A100400000C1400000000000001F
:103C7000C100000000800041C1830000000000413D
:103C8000C184800300410041C1C100000000002147
:103C9000C141000000800041C183000000000041DC
:103CA000C1C0004000C18041C1C10000000000212E
:103CB000C1410000000000800041C18300000000FD
:103CC0000041C184801000418041C1C14100000019
:103CD0000021C141000000800041C18300000000BC
:103CE0000041C184801000410041C1C100000000BA
:103CF0000021C1410000C191804180C10000410408
:103D0000004141C103C1C1C1008080A00000414108
:103D10000041808003C1C191804180C10000410405
:103D2000804141C103C1C1C1008080A00000414168
:103D30000041808003C10000C191804180C100002A
:103D40004109004141C103C1C1C180A0808300007D
:103D500041410041808003C1C191804180C1000088
:103D60004109804141C103C1C1C1808080880000F8
:103D700041410041808003C140C0200182400000D9
:103D80000000840110C101C1400310C040C1000007
:103D90000001000140C001C140C02001824000007C
:103DA0000000040110C101C1400310C040C1000067
:103DB0000001000140C001C1000040C0200182405C
:103DC00000000000020110C101C1402182C140C1B8
:103DD00000000001000140C001C140C0200182403C
:103DE00000000000100110C101C1400504C040C125
:103DF00000000001000140C001C1000000000000FF
:103E000048420000000000004842811200C8430000
:103E1000484200000000000048420000000000008E
:103E200048420000000000004842811200C84300E0
:103E3000484200000000000048420000000000006E
:103E4000000048420000000000004842811200C803
:103E5000430048420000000000004842000000000B
:103E6000000048420000000000004842811200C8E3
:103E700043004842000000000000484200000000EB
:103E80000000000000000000000000000000000032
:103E90000000000000000000000000000000000022
:103EA0000000000000000000000000000000000012
:103EB0000000000000000000000000000000000002
:103EC00000000000000000000000000000000000F2
:103ED00000000000000000000000000000000000E2
:103EE00000000000000000000000000000000000D2
:103EF00000000000000000000000000000000000C2
:103F000000000000000000000000000000000000B1
:103F100000000000000000000000000000000000A1
:103F20000000000000000000000000000000000091
:103F30000000000000000000000000000000000081
:103F40000000000000000000000000000000000071
:103F50000000000000000000000000000000000061
:103F60000000000000000000000000000000000051
:103F70000000000000000000000000000000000041
:103F8000757B000000000000000000000000000041
:103F90000000000000000000000000000000DEAE95
:103FA000757B000000000000000000000000000021
:103FB0000000000000000000000000000000DEAE75
:103FC0000000757B00000000000000000000000001
:103FD00000000000000000000000000000000000E1
:103FE000DEAE757B00000000000000000000000055
:103FF00000000000000000000000000000000000C1
:10400000DEAE600603000000000000000031E000AA
:104010000000000000000C0000000000000000C0D4
:104020006006600603000000000000000031E000B0
:104030000000000000000C0000000000000000C0B4
:104040006006000060060300000000000000003170
:10405000E0000000000000000C0000000000000074
:1040600000C0600660060300000000000000003190
:10407000E0000000000000000C0000000000000054
:1040800000C0600600000000000020801011020047
:10409000080008800000000800108890000300104D
:1040A00000004005010000000000200000000000AA
:1040B0000080000000020005000300001000010560
:1040C0000003000200000400004000004010010056
:1040D0004104100908030208A103A1210800C0003F
:1040E00082418900820500410009A0032008900355
:1040F00088080100000200000000200000410000CC
:104100000010000000000000000008000002000095
:1041100080008000800200000000210000020000FA
:1041200000000000800010000000000000000000FF
:1041300000000002000200000000000000008500F6
:10414000100009000001000004000000000005014B
:1041500002008200410080028082020008908000FC
:1041600000000000400000000000000003002100EB
:10417000000000004000090120884000000000000D
:1041800009002000400000000000000000000008BE
:1041900001000000001000004000000800000000C6
:1041A00000000005A00440020041000000050000DE
:1041B0001005000000000000001000000000400892
:1041C0000300010010030002000290030041000000
:1041D00000910004410000082100000300000000DD
:1041E0000000000000000000C141020000050000C6
:1041F0000200A120000400000202000000200000D4
:104200000000000000000000010000840084098418
:1042100000820208001000100084800800080008D6
:104220000008008400080082808500C000840084AB
:1042300000102008000000840000000800080008AA
:104240008410C00802080088000100030010000468
:10425000000000020308A0880004C0080084009049
:10426000000800080084008400824084000000846C
:1042700000900084040920082008000900084083F9
:10428000008200020984410800004082008000088A
:104290000041100205C1200000219000004090095B
:1042A000001104400002002000082021008200408C
:1042B0004040410800210040C00500058800000280
:1042C0000003000302A10200908900030000200007
:1042D000404000024000C010020221000011020014
:1042E0000021880000020000404184044040024157
:1042F00088884021000902A000040085C1212120F6
:10430000011190080940820384044040A008000283
:104310000040090083002004200000041100000870
:1043200000000010000800820008000000000040AB
:1043300000018000C00000A0008408840084000800
:10434000008400020000830280080040000000009A
:1043500000400000100800020000000008000200F9
:1043600000A0401005A04001008280000502A000CE
:10437000800009400988400084040000404040A0BB
:104380008821200011082088118441000201114079
:104390000200020008004000000020042004000485
:1043A00020000005200000000000000000000000C8
:1043B0000000000000000002200008009000000043
:1043C0000100000000000800880001419000040086
:1043D00000000400000000002000900000004000E9
:1043E000004100000000C0000000000010000000BC
:1043F000C0000003000040004100A040A140C000F8
:10440000824000800900080000A00000C000840075
:10441000820080088008800800000000800180A1E0
:10442000000100000000008400000000000000C047
:1044300000A000080020000000110000000800009B
:10444000000802C00400008404000000108441C081
:1044500000000000008400040090C082009000C0B2
:104460008000000000080082000000C00900000079
:1044700004A0000820A0208280882000000102897A
:1044800000000001002008004184002100082100F4
:1044900000002104000240000000028220410005CB
:1044A0008203A00500090041080004040040000345
:1044B00000100002004000210040900300000000B6
:1044C000020800000000000000004002020200217B
:1044D00000C0204000000480910001020805000097
:1044E0000400000582418211400588020004000892
:1044F0009000840002118402402100044020030245
:1045000021A19004088220001011892010000809C0
:104510002021400440400000800000000008000806
:10452000401002000000008802A0800000900001FE
:1045300000A000000011000100A000010000000820
:104540000000000000C00000000800008088008219
:1045500000004002000000000940020808010000BD
:10456000050820080200008400080004400009003B
:10457000080020002000850008008000000189005C
:10458000020882400201004111029000200341C054
:1045900041908000210100010005A00200210808CF
:1045A0008221A02101088200400502410021002152
:1045B00040080021004100050000000820210105FD
:1045C00088210210000904022000000820050003D1
:1045D0008441001100088808000000000010000459
:1045E00083000004002084050003820300080010FB
:1045F000002188C1C00884418400840484040140EF
:104600008440000001804005000400034040100386
:104610008308844000400421C0040000000100849D
:1046200080080000008410000000000080080000E6
:1046300041A000000000200000040000000000C0B5
:1046400002002000808421900885200000080400DA
:10465000048400000300100208A0000000C0200035
:104660000084400800000400000041000000000039
:1046700000000000004000042004000800880088BA
:104680004009200100000240000000830000008378
:10469000800002010091000108000801C1C008C0AB
:1046A00010020810C1C102C00111C0110041204018
:1046B00010411011008400408802000040848402F0
:1046C000110200840000000004000000080800003F
:1046D00088C0002088200020048400100000C1C091
:1046E00008C002080408C0C004C0402010C0C0C0F8
:1046F00021C008208410039009082008208211009E
:10470000A1024108C0101090910290000010010910
:1047100091C0090400201100020209200082C0900B
:10472000918000400082C0C11184408880A0004078
:1047300000100008008300000380808000008000DB
:1047400002000800000000001000800000000800C7
:10475000110080000080400000800900000000007F
:1047600088800480A10080809180118002008000F8
:104770008880088009008000A0008300000000807D
:104780009100C100038089008300410041000900BD
:104790001141C108A0C10902910004808400008079
:1047A000800000C1809180808000008480108000A3
:1047B00008008003080009008500904090C0880030
:1047C0000000090003024100020090001000900068
:1047D00085000821118002001011040084004100AE
:1047E00000008500908490808880090209C188912A
:1047F000A1A1800300908080800005000389A08033
:10480000100002200521A0888508090889100404E9
:1048100002002000A08411004103A040902140909C
:10482000200008081082C0C0C04008009082C0115B
:10483000C00802000884A002A000100009A009021C
:1048400011040000208803000104900011000400FE
:1048500009000800A12002200804210000820400B1
:104860000182000008001182C1C0C102C09088828C
:10487000C0C0C10808000483C0C0C088000091C047
:1048800010400320100888201008100900018488B7
:104890000003008891000285010289C1090084405B
:1048A0000883098285080021C1C0C0C005090291A2
:1048B00001C011C0C10005110091831000850000E6
:1048C0000209020104400089080208820000000079
:1048D000000000010100000008011085882000028E
:1048E0004111838500010509002000C1C0C10410E9
:1048F000002000C1C0C08408002100C184C108029A
:10490000008300200291000190009010830000902D
:1049100010014010020089000001400083010101E4
:1049200004028221020010A00088889083800288FF
:104930008008099010898802039041218904114060
:10494000000500210209890000088002008000049F
:104950000000001008081010000580210009020561
:10496000000905088941000110C0008200A191A042
:104970002040008200888083108800820090008898
:1049800080830083000388101140001000418202E0
:10499000080000088011900040200008A00011418C
:1049A0004104800300218508C1108483090490001C
:1049B00080008088808480008011800280008002D6
:1049C00000800009800000118080001000000008B5
:1049D0000080008000000002808000090080000547
:1049E00000880002008000000001801180A00020EB
:1049F00080089108838420898502800480848088CF
:104A00000000848009000980090808850511050057
:104A100005088040000000008000C1099140099114
:104A200020058008008000000002C100C04102098A
:104A30001088C000C0C020094088040004C01008CD
:104A4000040184C002C1841000000888408800026C
:104A5000000100C000820004000002C084110010A8
:104A6000100002898402004000000001C010C0C193
:104A700090C00809C021C0C1901010A0C000C0C0E3
:104A8000040840100902A188A010C0001002028989
:104A900010200000C0002000A08804000901099037
:104AA0000211C00102A02020002020000000000010
:104AB00083004842000000C183004812000000004B
:104AC000000060000000000000008100000000C144
:104AD0000000000000000000000041000000000095
:104AE00000008100000000C100000000000048003C
:104AF00000C183004842000002C883004842000011
:104B00000000830048420000000000004100000057
:104B100000C100006012000000C11200420000004D
:104B200000C183008400000000C1000050000000AC
:104B30000000000000000000000000000000FDF484
:104B40006D6400000000609F00FFC33CC33CFF0099
:104B500000FFC3353CCA000000000000000024DB59
:104B6000DB2499996666FF0000FF0EF1F10E00004C
:104B70000000000000000000000000000000000035
:104B800000000000000000003C3CFF0000000000AE
:104B9000FFF6000966996699D40F00005AA55AA538
:104BA00000000000000000003C3C3CA569966996AE
:104BB00000000000000000000000000000000000F5
:104BC0009D940D040000000F9F60FF00C33CC33C98
:104BD000FF0000FFC3353CCA0000000000000000D9
:104BE00000FFFF0099996666FF0000FF0EF1F10ECD
:104BF00000000000000000000000000000000000B5
:104C000000000000000000000000F0F066660000F8
:104C100008000009FFF6996699662BF000005AA576
:104C20005AA50000000200000000C3C3C35A6996E1
:104C30006996431020000088110643102000008868
:104C4000110600000000000000000000000000004D
:104C50000000000000000000000000000000000054
:104C60000000000000000000000000000000000044
:104C700000000000431020000088110643102000AF
:104C80000088110643102000008811060000000073
:104C90000000000000000000000000000000000014
:104CA0000000000000000000000000000000000004
:104CB00000000000000000000000000000000000F4
:104CC0000000000046C75EDF2FD0D02FF90696699E
:104CD0005AAA5AAA1C0CE3F369F069F0000000001C
:104CE000C33CC13ED4D4AAAACC33CC33D42BD42BCE
:104CF00066996699000000000000000000000000B6
:104D0000000000000000000000000000000024E798
:104D100024E7F0F0F0F059A659A6A555A55A9966D2
:104D2000A55A0F0F0F0F66660F0FC3C3C3C359A653
:104D300059A64D4D4D690000000000000000000024
:104D400000000000000004851C9D0FF0F00FF90624
:104D50009669AAAA5AAAE3F31C0C960F960F0000B4
:104D600000003CC33EC1D4D4AAAAAA333333CC3307
:104D7000D42BA55AA55A0000000000000000000036
:104D80000000000000000000000000000000000023
:104D900003033F3F69F0F0F059A659A6A555A55564
:104DA0009966A55AF0F0F0F03C3C00FF5353C3C3A2
:104DB00059A659A6B2B2B29600610006009D000540
:104DC00000210003009D000500613006000D100267
:104DD00040618006002D100240608007002D08020F
:104DE00000610006000D100240618006002D1002D7
:104DF00040608007002D0802000000610007C09D90
:104E00000005006100050099200500610006009D75
:104E1000000500613006001D100240618007002D72
:104E2000100248718047102D080205614A090501EA
:104E300010A240618007002D1002001000405014A5
:104E40005014000000000000C0C300000000A0FFDC
:104E500028FF000000000004000000000000AA5528
:104E6000AA55000000003C003C00000000000004C7
:104E7000000000000000080020000000000000000A
:104E800000FE00FF3C3C5555F0F000FF0000000024
:104E900001000000000000C0010000000000000050
:104EA000C3410F0F00000000AAAAAAAA3F303F3F4B
:104EB0007878FAFA00000000030F010500100040A6
:104EC00000000000000000000000000300000000DF
:104ED000A0FF28FF0000000000000000000000000C
:104EE000A555A555000000000000AA000000000024
:104EF000000000000000000008002000000000008A
:104F0000000000FC00FCFF000F0FAAAA3C3C0000C0
:104F1000000000000000000000C0000000000000D1
:104F20002000FF7D0F0F00000000A5AAA5AA3F30BA
:104F300030307878505000000000C3FF4155CFCF8B
:104F4000FFFF000000000F3CFF0F00000000A0AFBB
:104F5000A0AF3CBEFFFF000000000000000000000A
:104F60000000FAFA0AFA00000000AA2A0A0A000061
:104F7000000000000000000000003CFF3CF00000CA
:104F8000000000007D7D7D7D0000000000A000A0ED
:104F90000000000000000000000000000000000011
:104FA00000000000400000000000000003000000BE
:104FB000CFCFFFC3E8E8C0FC0000000000DF000026
:104FC0000C0C0000000000000F3C000F000000006F
:104FD000C0CFF0FF3CBEFFFF000000000400000057
:104FE000000000000A0A0AFA00000000AA2AAA2A01
:104FF0000000000002000000FFFFFFFF3C003CF04B
:10500000000000000000717D7D7D00000000200098
:10501000700000000000000000000000000000011F
:10502000000000000000000000000000000003007D
:1050300000000C0C3C00E8E8C0FC0000000000DFB1
:1050400000DF0000840000840000000000900000E9
:1050500020080000000020100002000900080000E5
:1050600020090080008900880083001100000000F2
:105070000408000001004011000000214010000061
:1050800089080000000300020082000501090103F5
:105090000010208800039011910900091000A0055C
:1050A0000008401004000008840000050808000003
:1050B00040000080042020C02004040020002005BF
:1050C0004088202000000000000200000000004096
:1050D00000000008000000000000000100000000C7
:1050E00000000000004000400002004000000000FE
:1050F0000000000000000800800000000000000028
:105100000000400400000000000000020000020057
:105110000200000005400000000040020000000006
:105120000000000080108084000040400084840162
:10513000000080000010800100410400C100000058
:1051400000008020004100000000000000000380FB
:1051500000800000000000040000000000000000CB
:105160000000000040000241028000080208000028
:1051700000800000000001000000000000050000A9
:105180000000000000040003000000001000000008
:105190000280004000000004000000000100000048
:1051A00000000000000000040080008001000000FA
:1051B000008088000100000001000821000809416A
:1051C0000000000000200084008200C000880084ED
:1051D00082400040008800100000000800080084A1
:1051E0000010000000848000800080400000828861
:1051F0000082004000000082021000082008000821
:1052000000C0001000000000000310101000000497
:1052100000048004000100840083000000084008AE
:105220000088000000820010000800400040408418
:1052300000000010000004004108048880080008F5
:105240008408000021000091204000C000C0002020
:1052500000200200020500030221000088C0008235
:105260000082020300030080008588910041000253
:10527000900300110002204140100080000000C097
:10528000400200A1202100000041000000800440F5
:10529000200000030010000404802008900300098F
:1052A00090050040880282410008000004048880C4
:1052B00000802040000390020003000201200390C0
:1052C000882188A0400000000205A0210040004085
:1052D0000084000880A0A1080002800800080010D7
:1052E00000030040000803A0004000400040000010
:1052F00000880000004011880000800105400088FF
:105300000010800100020008000820100000024088
:10531000110105080320000805010540008202086C
:1053200000844000048811044184050202048009BD
:1053300000044002804120021182418208050403DA
:10534000882140024021110421040990080008032B
:1053500000040000004002009040001183C00803D8
:105360000000000300410841008300030004824064
:105370000800004041030011040490050905008560
:105380008200C010A0900000400000000800000053
:1053900000000002000000029004200420040085A8
:1053A0000000408308000005824008408200081188
:1053B00040030003000001000002000200000000A2
:1053C00000850185028584040000A000040005001A
:1053D0000000000000000090008200010000204159
:1053E00000000000008200080000410400A000044A
:1053F000000000100000A0900000110000008400D8
:1054000000400088000100200000000000C00000F3
:1054100000000000009000000001000103838001F3
:10542000004021008002008200840001008800907A
:10543000000000000010000040A00000008409C02F
:10544000000200040220002004A1008200088084E1
:105450008404880020080004004000402004040464
:105460002008820091034000024001020102000472
:10547000C04100042004204000400000000001085A
:1054800002090002000940000808000090002020E6
:105490008220000200082008201120400040020560
:1054A00002050003C003C00040020103000502051D
:1054B000204000210003000483401004000802087B
:1054C00040210021002100041091A020900384407D
:1054D000000000400084890000A1028502088508C0
:1054E000090300A004000220842000200200020022
:1054F0000001048200088010808900A105080000D6
:105500000800A084001000A00000A0000000000817
:1055100080022002000009A08588050082A1000009
:1055200000C0050003C021204000A02140880200E7
:10553000800405A0408440A00305208904090310CD
:10554000200280822040009040080020058902004F
:1055500008080000009088004000404000800008DB
:1055600000210040001084000021020000210021E1
:105570000000A00021A100080041000000058200F9
:1055800000030008082100C00000C01000052041F1
:105590002000900020A1000020100000204000000A
:1055A00002000021000000900000028200410088FB
:1055B0008800000300212010000800080004840275
:1055C0000011100501C10241820805C00180058556
:1055D00000084021020808080000000880050004B7
:1055E00000000000000100840000000080C00000F6
:1055F00000000084000040042000020000080000B9
:105600000000000000000000004100001101000047
:1056100080008000000080400000800000008001C9
:1056200000000000000000000004000080030000F3
:105630000002030000840000000000A00000000140
:1056400010A111C08000400200000000A021202015
:10565000C0400000000000000000110000200020F9
:105660000000110000080008009000000000000089
:10567000000011020100889000000100008802086B
:1056800000000410019000C0A09001A0211004A00F
:10569000884000A1019000100010000001020004E9
:1056A0000402000001030002A1001010000000002D
:1056B0000000000010C00008880800880109A01040
:1056C0000108081020000100000090000002088876
:1056D00089020010008811A0A0081082910000002B
:1056E00040000000910000000500000010002100B3
:1056F000000000009180200005000000110009005A
:10570000850000000000200000000000098090805B
:105710000000000011022011058900800000208097
:105720004080C0000000209100C00808000900006F
:10573000000000000000408005808080000011C152
:1057400000A1030980820000080000000000008022
:105750008800400000800000410000000080201010
:1057600091210804840000050021001080800000C1
:105770000302880002004009042103209000000475
:1057800000212010008000000000800000001000B8
:1057900020081000008010090321100820000000DC
:1057A000080490A1034190000880401111100900E5
:1057B00000800800890084A0030011098880A100EE
:1057C0004011918808401000090041008508C1007F
:1057D000201190801002100004000410C080A180ED
:1057E00088000884882110900000008800080808BC
:1057F0009000000011A08800880009048890111012
:1058000010000088010900C02000C000A00088002E
:1058100041001000A1009082110088C0000988108A
:1058200000009101091010010420004000880100CF
:10583000000288020300840010080400A18811C03F
:1058400002C001001009000191C090000000A101F8
:1058500009400200081000000284000000028510C8
:10586000C190020010201088020000000808020009
:105870000290000100001001000090912000400102
:105880000808C00104884088022090100088001099
:1058900010C0889100A0009100C14000210040018B
:1058A000C1010000000204001003111000000100FB
:1058B000900503020000000000000000031000013A
:1058C0000401C001021004088303C09000020021FB
:1058D000404001058400C0000801C0000200000033
:1058E0000091100090000000000090001000800067
:1058F00080008200004000030021000905400004F0
:1059000080212040911000108002898503890002C7
:105910000089002000400004004000A0802009030E
:10592000002141020000108400218002C090100874
:10593000084000859189000000000000100210A0BE
:1059400000100021800990800000092005000089D6
:105950000003801011C189038005802190208005FB
:10596000000300828010000000110080000200008F
:1059700000000000000080900080008000200008EF
:1059800000800000000800100000008000000002FD
:1059900000210080000080200000008800080090A6
:1059A000800080800011000080C00082008000091B
:1059B000C000118008008900100008A009800300C1
:1059C000800400408080000380800011008000116E
:1059D00000C00008800000100000001100800008D6
:1059E00080A0000000000009209090028882000042
:1059F000080002009088000008401020C01010002D
:105A000010851010000808010800880088080000B0
:105A1000000000000010000004A100900840900168
:105A20000882100410402000000004C1901002827F
:105A300088000402030290020200010001100084A9
:105A400001000820901110400000C00402080088E6
:105A5000880010C0002010208803008800880010F3
:105A600000010208100002100000000000C1000048
:105A70000000000000C10000000000000000000065
:105A80000000000000C100000000000000C1000094
:105A9000411200000000430000000000000043002D
:105AA0000000000000C1000000410000000000C133
:105AB0000000508288000088000000000000000004
:105AC000000000000041000083000082000000C1CF
:105AD00041000000000000C841008400000002C135
:105AE00041005011008100008300410005FA00FFD1
:105AF0005AA55AA555AAF50AA5A55A5A00000000AC
:105B0000000000004100BEFF969669690FAFF0509B
:105B10000FF0F00F000000003838C700FFFFFFFF54
:105B20000000000030FA3FFA000000000000C3C38C
:105B30003C3C3CC3C33C0CF3F30C00FFFF000000F3
:105B4000000000000000F05A0FA5969696963C3C87
:105B500000FF3FC03CC3FCFCFFFFBEFFFEFF000098
:105B6000000000000000FA00FFFF00000000FA053E
:105B7000FF005AA55AA5AA550AF5A5A55A5A000824
:105B8000000000000000BEFF410096966969F050D9
:105B90000FAF0FF0F00F000000002828D700F0F042
:105BA000FCFC30000C00300A3F0A0000000000003E
:105BB000CCC3333C3CC3C33C3CC3C33CFF0000FFED
:105BC0000000000000000000F0F00F0F969696967F
:105BD0003C3CFF00C03FC33CFCFCFFFFBEBEFEFEE2
:105BE00000000000000000000000FFFF00FF00FFB9
:105BF000A5A5A5A5393C333359A659A6FFFF00003A
:105C000000000000C3C3C3C30F0FF0F099CCCCCC8D
:105C10005AA55AA53C3C3C3C002000003C303030AA
:105C2000FFFFFC3CFF080008F7F43734C3C3C3C3CD
:105C300000005FA0A05F3336CCC9EB1414EB5555C0
:105C40005555000000008D72A55A99E4FFFF33C33B
:105C50003363693C96C3F0F05A5A00000000FF1409
:105C6000FF14FAFA050533330F0FFFFFFFFF0000A3
:105C70000000A55AA55AC6C3CCCC59A659A6000007
:105C8000FFFF00000000C3C3C369A5A55A5A999934
:105C90009999A5A5A5A5C3C3C3C3000000003C00F6
:105CA0000000FFFF0000FF000000C7C40704C3C3DB
:105CB000636300005FA0A05F3636C9C9EB1414EB24
:105CC000AAAAAAAA00000000A55AA55A99E40000B1
:105CD000CC3CCC9C696C96930F0FA5A500000000EE
:105CE000FF3CFF00FFFE0001B1B10F0F3C003C1074
:105CF000FF00000040618007002D10024061800716
:105D0000002D080280614006000D100240618007EE
:105D1000002D100240618007002D08020061400E36
:105D2000000D000100610006009D00A00061300729
:105D3000000D1002000040618007002D100240613C
:105D400080018021080200610006000D1002406100
:105D5000843E002D10024831800B102D0802006196
:105D6000000E0509000005654A0F150F20A100610E
:105D700030260C0D12C000000000000000000000E2
:105D800000000000000000000000303C00000000A7
:105D900000000000000000000000808000FF000004
:105DA0000000C000FC000000000000000000000037
:105DB00000003CFF30FF000000000000FFFFFFFF7D
:105DC0004D4DCF0CA0AF3C3C4E5AF0F0FFFF000011
:105DD000000000000000000000000000FF00FF00C5
:105DE000000000000000FFFF00000000F0F0F0F0F5
:105DF00000000000B4B400FF00000000000000003C
:105E0000000000000000000000000000000C000086
:105E1000000000000000000200000000000000FF81
:105E20000000000000003C00000000000200000034
:105E30000000000030FF30FF000000000000FEFF07
:105E4000FFFF4D4DCF0CA0AF3C3CF0F0F0F0FFFF5A
:105E50000000000000000010000000000000FF0033
:105E6000FF0000000000C0003C3C00000000F0F01B
:105E7000F0F800000000A0A000FF000000000200F9
:105E80000000000000000000000000000000FAFF19
:105E9000FAAA000000000000000000000000FF005F
:105EA000FF000000000000000000000000001000E3
:105EB0001000000000A0FFFFFFFF00000000000036
:105EC0002000E0004DCF4D0CF0FF3C3C00000000F6
:105ED0000FF0F0F00000000000000000FC0C3F3F5D
:105EE0005555555500000000FCFC00540000000012
:105EF0000000000400000000A0BCFFFF0000000044
:105F00000000000000000000000000000000000091
:105F1000AAAAAAAA000000000400000000000000D5
:105F2000FF00FF0000000000000000000000000073
:105F300000000000000000A0F0FAFCFE00000000DD
:105F40000000000000004DCF4D0C000F3C3C000055
:105F500000000FF0F0F00000000040000000FC0C1A
:105F60003030696A6A6A00000000FFFF00550000D7
:105F700000000000000000000000A0A0FFFF2000C3
:105F800000080000000000000010000820002000B1
:105F90000021044120000400004100002000001006
:105FA00040000000821000000000000540002000BA
:105FB000C000200584000400000400002000000050
:105FC000000020004000040500000200A009A00419
:105FD0002005200920002000200540100003400378
:105FE0000000000000001000880040008800040845
:105FF0002000C000000000090400841004002000FC
:10600000000000000004000000000000000000008C
:1060100000000000000000000040000000840000BC
:106020000000000000000000000000000800000068
:10603000000000000200200000000000000000003E
:10604000000000000000000000000000118800882F
:1060500000000000000000080000000000820000B6
:1060600000C00000400000004000000000001100DF
:10607000000000000000000002000000000000001E
:1060800005000005000000000000000010080000EE
:1060900010100000000500000000000000030000D8
:1060A00000000004002100000200000400090010AC
:1060B00000000000001000000000000000090000C7
:1060C00000000000000000090000000010000000B7
:1060D000000000050005000000000000A000900383
:1060E0000000000900000009000000000041000954
:1060F0000000000500090000000910000011020066
:1061000000000000000000100082008800000084F1
:1061100000100008081000C000100000001041002E
:106120000000008800400040008200080000008459
:1061300000100084000205000000000000820084BE
:106140001010000800000008000000040008008291
:106150001008008400820000000000080084001085
:1061600000820082001000840000000000824108CC
:106170002082000000880000000000880008001055
:10618000208409820208900000000004A0000000A2
:106190008803C041900002090003200988210400FF
:1061A000000800008200000000210000004088007C
:1061B000000400080008020500100000C0000010E4
:1061C000000820400021000000039000820390039B
:1061D000C0080041040200118800400388099009AA
:1061E00004058840880804088408A0004009400588
:1061F000A002204104000000C011A0000000000027
:1062000000008808880088410008200800000082FB
:1062100011840082008400822002118211841140C6
:10622000008800A0008400A0080800A0008440842A
:10623000090805C00004000840881190008221A0D0
:10624000090402002108020200000008110203A054
:10625000004000A000400284411003840282090231
:10626000000800820020000008024108410205C029
:10627000080009840000000005840090039000904D
:10628000000041900890039000840020000004006A
:106290000021001100000000200000400004004127
:1062A0000011001000410000004100090002000838
:1062B0000000000300000008001000000009840036
:1062C000000000000000000000210000A0000021EC
:1062D000000000410003040000410003000300052A
:1062E0000011000504000008C000000800040800B8
:1062F00000030000000300410841080000000041C5
:10630000840900000800400000000000004000A0D8
:1063100000A00008008400820010418200080200F2
:106320000200020000081084110000000008008232
:106330000084208800A000C0000010C000100002EF
:1063400000C0001000A000040084008200000010C3
:1063500010A00000042000000000000020C0090080
:10636000000202C0000840080000090000080904FB
:10637000008400882108000411C00084008800887F
:10638000008811900090410000204100030020008F
:106390000000000390410000000300090000000914
:1063A00000000009000000020008000000082000B2
:1063B000000000000000880840000000000000000D
:1063C000000000000021000002402000000000004A
:1063D000C0209000000200000000002100400820C2
:1063E00000000000C00340400008C0401000004012
:1063F00000000000900000200000C0040000002108
:1064000000000803880002080008000000000000E7
:106410001100020011082002000011021100008486
:10642000098400C00040210200901108090211886F
:10643000200002840002099005A000A040104190B5
:1064400041840590200805000808000200A005907E
:1064500000001008410410A011020040200802882A
:1064600000080590001000020000400440020040B7
:10647000200205080010200000C0000400C0218296
:106480000800409011880890089000840982040058
:1064900000A00011000000110040000000000000FA
:1064A000C00000030000000300020011000000080B
:1064B00000000000000500080000000000080021A6
:1064C0000802000000008400000088210000000095
:1064D000000000000000000000210000000000009B
:1064E00000000000000000000021000000218421C5
:1064F0000000044184040000080000050000880436
:106500000000000400110000000200040000C000B0
:106510000000000000C00040000009000900200049
:10652000200020C000000000001000C00040000853
:106530000900000800A000820000209000C005C0F3
:10654000000000A000A0409000C0080800000082E9
:10655000000000000000000000000000080009200A
:1065600000000000200800A00082000805000002D2
:106570000320000011840982009000C0008400C044
:1065800011A000000902000000001100000000003E
:1065900000000000000000000000000000000000FB
:1065A00000000000000000000000000000000000EB
:1065B00000000000000000000000000000000000DB
:1065C00000000000000000000000000000000000CB
:1065D00000000000000000000000000000000000BB
:1065E00000000000000000000000000000000000AB
:1065F000000000000000000000000000000000009B
:10660000000000000000000000000000000000008A
:10661000000000000000000000000000000000007A
:10662000000000000000000000000000000000006A
:10663000000000000000000000000000000000005A
:10664000000000000000000000000000000000004A
:10665000000000000000000000000000000000003A
:10666000000000000000000000000000000000002A
:10667000000000000000000000000000000000001A
:10668000000000000000000000000000000000000A
:1066900000000000000000000000000000000000FA
:1066A00000000000000000000000000000000000EA
:1066B00000000000000000000000000000000000DA
:1066C00000000000000000000000000000000000CA
:1066D00000000000000000000000000000000000BA
:1066E00000000000000000000000000000000000AA
:1066F000000000000000000000000000000000009A
:106700000000000000000000000000000000000089
:106710000000000000000000000000000000000079
:106720000000000000000000000000000000000069
:106730000000000000000000000000000000000059
:106740000000000000000000000000000000000049
:106750000000000000000000000000000000000039
:106760000000000000000000000000000000000029
:106770000000000000000000000000000000000019
:106780000000000000000000000000000000000009
:1067900000000000000000000000000000000000F9
:1067A00000000000000000000000000000000000E9
:1067B00000000000000000000000000000000000D9
:1067C00000000000000000000000000000000000C9
:1067D00000000000000000000000000000000000B9
:1067E00000000000000000000000000000000000A9
:1067F0000000000000000000000000000000000099
:106800000000000000000000000000000000000088
:106810000000000000000000000000000000000078
:106820000000000000000000000000000000000068
:106830000000000000000000000000000000000058
:106840000000000000000000000000000000000048
:106850000000000000000000000000000000000038
:106860000000000000000000000000000000000028
:106870000000000000000000000000000000000018
:106880000000000000000000000000000000000008
:1068900000000000000000000000000000000000F8
:1068A00000000000000000000000000000000000E8
:1068B00000000000000000000000000000000000D8
:1068C00000000000000000000000000000000000C8
:1068D00000000000000000000000000000000000B8
:1068E00000000000000000000000000000000000A8
:1068F0000000000000000000000000000000000098
:106900000000000000000000000000000000000087
:106910000000000000000000000000000000000077
:106920000000000000000000000000000000000067
:106930000000000000000000000000000000000057
:106940000000000000000000000000000000000047
:106950000000000000000000000000000000000037
:106960000000000000000000000000000000000027
:106970000000000000000000000000000000000017
:106980000000000000000000000000000000000007
:1069900000000000000000000000000000000000F7
:1069A00000000000000000000000000000000000E7
:1069B00000000000000000000000000000000000D7
:1069C00000000000000000000000000000000000C7
:1069D00000000000000000000000000000000000B7
:1069E00000000000000000000000000000000000A7
:1069F0000000000000000000000000000000000097
:106A00000000000000000000000000000000000086
:106A10000000000000000000000000000000000076
:106A20000000000000000000000000000000000066
:106A30000000000000000000000000000000000056
:106A40000000000000000000000000000000000046
:106A50000000000000000000000000000000000036
:106A60000000000000000000000000000000000026
:106A70000000000000000000000000000000000016
:106A80000000000000000000000000000000000006
:106A900000000000000000000000000000000000F6
:106AA00000000000000000000000000000000000E6
:106AB00000000000000000000000000000000000D6
:106AC00000000000000000000000000000000000C6
:106AD00000000000000000000000000000000000B6
:106AE00000000000000000000000000000000000A6
:106AF0000000000000000000000000000000000096
:106B00000000000000000000000000000000000085
:106B10000000000000000000000000000000000075
:106B20000000000000000000000000000000000065
:106B30000000000000000000000000000000000055
:106B40000000000000000000000000000000000045
:106B50000000000000000000000000000000000035
:106B60000000000000000000000000000000000025
:106B70000000000000000000000000000000000015
:106B80000000000000000000000000000000000005
:106B900000000000000000000000000000000000F5
:106BA0000000000000000000000000000000C00025
:106BB0000000000000059009024000400200880922
:106BC000202000100008040388004000200020C09E
:106BD0008483004000408880218000802080020063
:106BE000000008000880200420802000C000000071
:106BF0002000880004040000200020000000880815
:106C000040800080A0040102C005C0038800888283
:106C1000200040804000008420002000C005208328
:106C200021002000880020042110040020802084FE
:106C30000000000000000000000480C1000180008E
:106C40000084000100000000000000008000000837
:106C500000410040000100210040404000100010B1
:106C60008000000080848002000100048000000099
:106C70000000000000000001000000000000000013
:106C80000000800400044101200100000000000019
:106C9000000300008002A0000003000000020000CA
:106CA0000040C0008000000080012000800004023D
:106CB0008003100000080000830000000000002096
:106CC0000080010004000490040090419004000939
:106CD0000004910001000000830000030000000098
:106CE000001000000004000000000000001000037D
:106CF0000000000300040004000000800080001178
:106D00000000008910008905208020049000000008
:106D1000000400410041000200020882000000045B
:106D2000000400050120404108080005000400009F
:106D30000004000000840000000020080000008221
:106D400000840040040889848020A004000800001A
:106D50000008008802840208000402840000008405
:106D60004108008200820008008400821184000033
:106D700000040002000300090008000000040004F1
:106D800000000084000410082008900480A000087F
:106D900000080084000800041184000100050008B8
:106DA00000010010008820C1800800C040080009D0
:106DB0000008000800080200002188080021008562
:106DC00090082008010300030020000500200005B2
:106DD000200000218441202121A12000000500087D
:106DE0004003002100000008402190008421004160
:106DF000400888080010000000400021000300083F
:106E0000020802A102040300000290048888000026
:106E10000003C04108080821C008008820830180C1
:106E200000090000882100100488208420002040F0
:106E3000042108214004214080A0009000000008A7
:106E40000008000000841084000003C10900001144
:106E50000084008800000002098220400084009025
:106E60000000410009A02000000080000000200078
:106E70000000008400000000000000820008000004
:106E80000008A00080048083A0080082090100049B
:106E900000881100000088A080002100000200028C
:106EA000200200000308090000080002800380009F
:106EB0008000000000000001A000C010A09102802E
:106EC000200002912100012000000010004100007C
:106ED00040008211002100000100881100214000C3
:106EE00020210004008000210204402102210041F1
:106EF0000000C003004108000800000082000804F0
:106F00000021004120210000900808100900200401
:106F100009110800000508118802840500020041DB
:106F200004004100000400049004830409040104E7
:106F3000050482840584200420040884410800405C
:106F400000400004804020841004200820080084B1
:106F50000010890008C0000000900208200800A06E
:106F60002088830841880004090000828000800096
:106F700020000020000805000000000800000400B8
:106F800005000082410080A00900210000A020002F
:106F9000200520A02090000221001102210400A061
:106FA00000A00090A082000100830009208340859A
:106FB000408504850005A021C1C180010005002194
:106FC00000080004C08882090082000308202040D5
:106FD00002052008204021802141200020021003CA
:106FE0001000840300029000400440114010004152
:106FF00008410041000890002021002100410003C9
:10700000A005200020402040002188032000C0214E
:107010002184200420084180A102A100004108022F
:107020008200081082008210000000080041004128
:107030000104414108840000010009040520010009
:1070400000C0000000C100024000000800A0008253
:10705000800080A0911091A08202828480008084B0
:107060008000800005000000000080010000890011
:10707000000009A000002100000080000000400086
:107080000000000080A000009102000000008000CD
:1070900000C0A005090180002004020002000000D9
:1070A00000010000000000100008000000000000C7
:1070B0001100200140202005000020002001A00137
:1070C000200000080021001101858903000005212E
:1070D000010520202041C003840500410005001166
:1070E000000501C101081104011000000002012186
:1070F00020030804002100000011A005000000008A
:10710000820400000121000490002005821120006B
:107110000000A004C040204020C02040080088009B
:10712000000021410202020408000891000200054B
:107130009009002000800109008000040804C004B8
:1071400040040400210000C0020040402000000470
:107150002000200021C1830800002004000000025C
:107160004000400410021084200120840800000127
:107170004090400811C000A011080000000000105D
:107180000090008300002000080100820000000041
:10719000800203C0400804098409C103A009110446
:1071A000008421A040A0C10280A08490C104408836
:1071B0000000090805010002040200200500410149
:1071C0000001000100001102000090000008018988
:1071D0000140A003001000000000100000000100AA
:1071E0000409088308080002090101100000C1C059
:1071F00009C084900810C0C002C00091100940016D
:10720000010184010000000040C1010110010000E3
:1072100001C100840000000100C101040000000160
:10722000C0C004C000021008C0C005C0102004C0C7
:10723000010301850140000200C0909000000000A1
:1072400000C09190880000009100110003000080B0
:10725000114108212004000240001000030000003A
:10726000040382C085898080008089400320000457
:10727000C080C0800000808091C111830008890413
:107280008011050891050009000089910303C109D7
:1072900000094091040341090004008803C011085B
:1072A00000089180808000808080898008800900AB
:1072B00000000488084040C00088008980890509D2
:1072C000000011808880400002000002000880A0B9
:1072D00080004100A0801191410080118000004099
:1072E0000000100502800811210011808900119111
:1072F0004111800083889180909090000090838855
:1073000090400980C100051189400000090000007B
:10731000111189850980410011048409400402008B
:1073200010408800800000C180C08080000020855F
:107330008280A121020008040480880000208000CF
:10734000000880910008880010418880880090859E
:107350000841100400A08308010241A008001004A5
:1073600000008240890084208510030400408308C7
:107370000109018408021083C0C0C04109A0C08275
:10738000C0C0C00301C084000101C0400000010072
:1073900000000101C004004000000100C100000025
:1073A00000000001C1840200C082C0C1C002880088
:1073B000C082C1C0C1C1009001C100409000000066
:1073C00082000001C090000183000100C090C00352
:1073D00004000200100800000010090301830001EE
:1073E0000200040000000103A000C1001011C0034E
:1073F0000100C109111188080020C0C0C0C01008D8
:10740000052184C1C1C000000001000103C00001CA
:1074100000000001020003C001000000028501C15C
:1074200000022101010100C00884002000C0C0C08A
:107430008205002100C0C0C0020100000000C000A1
:107440000000C000009001C00000C000829001C098
:10745000840400200020849002000011890511C1DD
:107460000240000880030210408800000810041049
:1074700084880800038591C1028000840083918282
:1074800040A0409040A1908900000009000889892F
:1074900000010000100900218989410204098005CA
:1074A000118400A09008102104898382008000824A
:1074B0008580110400C000918985800800021108B0
:1074C0008009000090000080418000088010008941
:1074D00041C00009009100800000410011400400FB
:1074E0001141000800A100000000008080808000A1
:1074F000000509A111848500831184919084880579
:1075000088038040C183C084110200050411050076
:107510000900000191851100058009059004910082
:1075200000000411808400000000008580408084F9
:1075300000858080A0408083022000808804A120F4
:1075400088008200801190020900000080118040B4
:1075500000000000020088110040880089009100AE
:1075600003009000000100080084000004100802DD
:10757000022010001189110203001001C040C0C197
:1075800005054104C001C0C10210900500100001B2
:10759000010000000001C040010001209000C00176
:1075A000210000A00100C00400A000004002C001B2
:1075B000C0C190110802C041C0C02105C010050221
:1075C000040104000500C001200100000000C011FA
:1075D000200000000000000000C100008100000049
:1075E00000C100000000004100C143000000000095
:1075F00000C100000000810000C80000420000003F
:1076000000C8830048420000000083004842810017
:107610000088000081000000810000880000000058
:107620008400008800006000000000880000000066
:107630000000000083004842480000C88300484220
:10764000004200C143000006500A00C843008241C6
:10765000842100C843048241A5A5A5A5A5A55A5A21
:10766000956AA55A0FF0F00F00000000000000001E
:10767000F0710F8E3C3CC3C31733E8CCC33C3CC312
:1076800000000000000000000000000000000000FA
:10769000000000009999FFFF0000C3C3FFFF999904
:1076A000FFFF00FFFFFF00FFFFFFC3C3FFFFC3C3D8
:1076B000FFFF0000000000000000000000000000CC
:1076C00000007878787800000000FF000000FF00DC
:1076D0000000FF000000FF000000A5A5A55AA5A519
:1076E0005A5A956AA55A0FF0F00F000000000000EA
:1076F0000000F0710F8EC3C33C3C1733E8CCC33C91
:107700003CC300000000000000000000000000007A
:107710000000000000009999FFFF0000C3C3FFFFB5
:107720009999FFFF00FFFFFF00FFFFFFC3C3FFFFAB
:10773000C3C3FFFF000000000000000000000000C5
:1077400000000000FF66990000000000FF0000003C
:10775000FF000000FF000000FF000000000000002C
:107760000000000000000000000000000000000019
:107770000000000000000000000000000000000009
:107780000000000043102000008811064310200074
:10779000008811060000000000000000000000004A
:1077A00000000000000000000000000000000000D9
:1077B0000000000000004310200000881106431064
:1077C00020000088110600000000000000000000FA
:1077D0000000000000000000000000000000A5A55F
:1077E000666633330F2BF30C0CF3F0F00F0F000031
:1077F0000000FFFF0000718E718EA5A5A5AA9696C8
:10780000696996969696000000000000000000004E
:1078100000000000000099999999FFFFF0F0000026
:10782000FFFF9999FFFF0000FFFFFF00FFFF00002F
:10783000FFFFFF000000666600000000000000007F
:1078400000000000000000000C6FFC6F0000FFFF54
:10785000000000FF00000F0F000000FFFFFFF0F02E
:107860005A5A9999CCCCF0D4F30C0CF3F0F00F0FDA
:10787000000000007F7F8080718E718EAAAAAAAA64
:10788000F0F00F0F969696960000000000000000A2
:10789000000000000000000099999999FFFFF0F0A6
:1078A0000000FFFF9999FFFFFFFFFFFFFF00FFFFB1
:1078B000FFFFFFFFFF000000666600000000000001
:1078C000000000000000000000000C60FC600000F0
:1078D000FFFF000000FF00000F0F000000FFFFFF90
:1078E000F0F040618007002D10024021800100214E
:1078F000080205610A3F050D10A240618007002DB6
:10790000100240608005C020080200610004009D54
:10791000000500610006009D0005006180018021D6
:107920009202000040E380018021920240E3800146
:107930008021920240E38087002D8A0200610006C8
:10794000009D000500610007C09D00050061303901
:10795000000110C003E3033FCC0D92C003E3033FDB
:10796000CC0D82C000000000000000003F30353523
:10797000AFAF0FFF0000000000023C3E000000001F
:1079800000000000FF00FF00FF3CC33C00008080BF
:1079900000550055000F000F00FFF0FFCF0CCF0C7B
:1079A00055FFF0F00000CFCF0C0CAAAAF0F0FF7D3D
:1079B000BE3C3C3CF0F0000000000000FFF0000086
:1079C00000003CC33CC3F0F00F0FFDFCF0F0FF00E3
:1079D0003535C3C0FFFCF0FFF0FF000000000000E1
:1079E00000000000000000000000000800003F3020
:1079F0003535A0A000F00000000000003C3C000075
:107A0000000000280000FB04FF0000C3C33CFF008F
:107A1000FF00000050500014001430FF30FF4D4DA7
:107A20004D4D00AAF0F00000CF0CCF0C00FFF0F09D
:107A3000C341820000FFF0F0000000000000FFFCE6
:107A4000000000003CC33CC30F0F000002030F0FF7
:107A5000FF00353500C03CFC0F000F0000000000A7
:107A60000000000000000100000000000000000015
:107A7000FC0C3F3FB2B282BE0000000000000000DC
:107A800000000000FCFEFFFF3C2C3C2CFF7F807FB1
:107A90000000000000000A00FFFFFFFFAAFFBEFF7A
:107AA000FFFC0300F0FF3C3C00004DCF4D0CAAFF53
:107AB0003C3CCF8E4D0CA0AF3C3C00000004FFFFCF
:107AC000FFFF0000000000000000000000000000B8
:107AD00000F0FF00CFCF0CFC0FFF5055AFAA000005
:107AE0000000000000000000000000000000000096
:107AF0000000FC0C3030B2B282BE0000000000007A
:107B00000000000000F03CBEFFFF3C3C3C3C00801D
:107B1000807F0000000000000000FFFFFF7FAAFF41
:107B2000BEFFFFFC0300F0003C3C00004DCF4D0CBD
:107B300000553C3CCF8E4D0CA0AF3C3C00000000FB
:107B4000FEFFFFFF0000000000000000000000003A
:107B5000FFFFFF0FFF000C0C0CFC00F05055AFAA0C
:107B600000000000000000000F000000C00200093B
:107B70002002208220008909400088040009210099
:107B80000002200000002000000001022000000090
:107B900020412040200000002000408000054000DF
:107BA0000100880500048804880088040000200083
:107BB00000002000000020088989210520800000A5
:107BC000210082102102402188052041C040C04090
:107BD000880020008405208002402040200800000A
:107BE000A0000000218004000400880000000001C3
:107BF00000000000001000004000800000000000B5
:107C00001000000900000000008800004001000092
:107C1000000000000001000000000000000210C091
:107C2000A000100000000000000000000010000094
:107C300000000000000000000084020208001002A2
:107C400000001000000102010000200000000001FF
:107C5000000100000000000200408001000100005F
:107C6000000200000000821000000000000041003F
:107C700000000100000001000000908800080000E2
:107C80000040000001890080000400109010820074
:107C9000000082000008000002080003000300004A
:107CA00000000005000000050004000300080000BB
:107CB00000032040001100002041011100090403CD
:107CC0000010010000110009000301000004091068
:107CD000000802040000000400040040000000034B
:107CE0000282C00000038800012100090000000991
:107CF0000000008802080000408400C008020084E0
:107D000000081188000840020004410800000084B7
:107D100010040008008403000088008200840082B0
:107D200000080088000800040088000800000084A3
:107D300000040002008400820008400802080002DB
:107D4000008800821004000803080902020400846D
:107D5000880903840010000000840288008903C0A1
:107D60000300004140082084008402822000008239
:107D70000084000800000009010308080040000317
:107D800000050085004100400000000800000000E0
:107D90000040000000030002000220210005200432
:107DA00084080205408001040011009000210208AF
:107DB00000210008000000050005880200110111E3
:107DC000000082108208000840000003830840047D
:107DD00082000010002100020088A008C1080008ED
:107DE0000441C02101410400000300080008000311
:107DF0000208000800020088000008C0808200001D
:107E0000000000000808000000840040020000108C
:107E10000010090000C00082001020A080080208A5
:107E200000A00000838280200211009021210084A4
:107E3000020000A000A0000000100000008400006C
:107E400008000084110100A00984910000002000B6
:107E50008010038209010900001000404100200049
:107E6000110080A000002000000000000000004081
:107E7000030008084100080000001009A000008865
:107E80000002018000410102A100831009004104A9
:107E9000088402C100404000820000000000820807
:107EA00000000821C00908000008900904114105DC
:107EB000021108004040C0030002024140030021BB
:107EC00008418211081021040211200340102102F0
:107ED00000084011040090098221A0114009A0115E
:107EE0004041C010080582089082A000820008006E
:107EF00008808202000000008209009041C01184C5
:107F0000001000C002020900028502100290020067
:107F10000282004080404100A0A00300000000A0B9
:107F2000218400004100200009A000A00082800000
:107F300084840084008409C0001000020010000046
:107F4000050021900990800810002000009080001A
:107F5000408200044100001009C020C02010090226
:107F60002100098802A00800000440410388039012
:107F70008804831040A0400003100010000400118A
:107F800082400202A0020041C00800020008024034
:107F900000081000C020024084100109A000000861
:107FA0008400840000400003000008214191080083
:107FB00000880040C040A000000000000001C00890
:107FC000820082408211400500080200000000008B
:107FD000A040000200410205000800030810080844
:107FE000882100044040004120080004C000000037
:107FF0000002C0000821000510030800824102A011
:108000000510008200010000020800C0000000A06E
:1080100009A0000802C00000001009084084000404
:1080200000C000A01000000805104000A0A0C02063
:10803000A1004103080800000900008805100000A5
:108040000000000000000008820000008000210005
:108050000590118900840040801000000900000094
:108060000000000000118001000088A0008303C010
:1080700000C00000008400000000058800020088A5
:1080800040080000004121094008910290080100C9
:108090000011008440080005024100210921030865
:1080A0002020000000000002820384080000080570
:1080B00000020404000800400003000300008810D0
:1080C0000000004004040000900008110282100328
:1080D00040004083401100110000401100004102A7
:1080E0008440001100419040004102040841000911
:1080F00000C1000000080009004100218241000287
:108100000021800411000990020200C04001089083
:1081100040000088000200004102C00000100282FE
:10812000024009002000200041C000081020000883
:10813000A084000185004090059041840882009051
:1081400020A00000114000820082200480900011D5
:10815000840020108908208800004104400011009C
:10816000080105080884008840C1400283822088F5
:108170002100114000A003040000008410A0410071
:1081800010000000880000001000C0000000010086
:10819000100000000010000441A008081010C0A04A
:1081A0009002C182828884000184912000828440F0
:1081B0000882010200018500820100010000000028
:1081C00000000000000000000000000000020209A2
:1081D000A111A005080505A191030403C0029002A6
:1081E00000400002C0A01100000891C0000411C0AE
:1081F0000004000400880008040801880808000042
:10820000000001000000000909098020800800002A
:108210002100000000001180098010008080808013
:108220008000000083000080800040000300000008
:108230008000800003804041840002100020000084
:1082400000000000000000000000000000000083AB
:1082500080C1A00800080003A0081021A1030009A4
:10826000400000910009000091002000040000007F
:10827000918000000300000000808080400080802A
:10828000000000004100090080050000000000001F
:108290009000900090008905080083049080C02021
:1082A0000000000080000000200020032040A0000B
:1082B0001000404105000200C000C10010409000C5
:1082C00000000000000000000000000000000000AE
:1082D00000030200080010004003000009030880AA
:1082E0004105890582844090910000058021800528
:1082F0008080004000210004808000000088008011
:1083000080000000000000000000100010000200CB
:1083100084000904020008000900851008091040C3
:10832000118400000084040082840100418591854D
:108330000920850003092188A04009009008010157
:10834000C108000000000000000000000000000064
:108350000000000082002000A00401000840C105C8
:10836000014001900800090420400800C00008A056
:10837000081008020001004000030808020002057E
:1083800090028200000000000000000000100210B7
:10839000002000A00000000110000000000000010B
:1083A0008404010109010002040282822002000803
:1083B00000058289040000000001040101000100A1
:1083C0004101010100000000000800000000000061
:1083D00000000000000010400040408511C0020372
:1083E000011191A0A1114010010211001002010021
:1083F00082114000830491008402400403011010A4
:1084000000208410A14000004000200000000091E6
:10841000A0A10920049100100008001000102009FC
:10842000000300821141844000100041800300805D
:10843000008400A1851180090009002100020505C2
:10844000401185101008000000000000000000002E
:1084500000000000000000008080000300A1A1C017
:1084600000900585030304C10000400003000000E4
:108470000420001000118205081100020000A04035
:10848000800000800080C08020008000800000000C
:10849000000800900080000041800380110000105F
:1084A0000885088021009002000200020000000000
:1084B0008000001180808011001000808000001179
:1084C0000008118900C10080030080000000000046
:1084D00000000000000080000000C003A10509802A
:1084E0000208C041A00840001009800000090000F7
:1084F0000002000000910000000000000040008029
:1085000000000008000000800000000000410000A2
:10851000008000010083008200000140000800A0EC
:108520000000C11082C001A0080084000002C00247
:108530000000080400401084A00140A09020021018
:108540008808008301C0009100C001008400000081
:10855000000000000000000002000000C084A082B3
:108560008482012140892011A14088004040840577
:10857000A000400100000411C02004000400040118
:108580000408000000000488082008000000000122
:108590000000008200000000000000120000000047
:1085A00000000000810000C8000042000000000040
:1085B0000000810A820000C80000000000000000E6
:1085C00000004100880000C8410041110000000087
:1085D0000000000000000000000000004800000053
:1085E000000000000000500000C100004100000039
:1085F000000000000000000000C100000000008238
:1086000000C143000000840000C80000000000001A
:1086100000000000A0090000000000800000000031
:10862000000000000000FF00D728FF00FF000F0F30
:10863000F0F0A5AA5555A0A0F5F5FFFFFFFF303FCC
:10864000AFAF0000000000000000000000000000CC
:10865000000000000000000000000000000000001A
:10866000A0AA5F55FFFF3C3DB0BAB5BF00000C0AA1
:108670001A1FBABF3434CBCB01FE01FE5A5AA5A54E
:1086800055F5AA0AA55AA55ADF00DF000000003000
:1086900000000000000000000000000000000000DA
:1086A000000000000000000000FF28D700FF00FFCE
:1086B0000F0FF0F05A55AAAA28287D7D3838383C8B
:1086C000303FA0A0000000000000000000000000FB
:1086D000000000000000000000000000000000009A
:1086E0000000A0AA5F5550503C3D101A151F000015
:1086F00000001015B0B51414EBEBFE01FE015A5A40
:10870000A5A5AA0A55F5A55AA55AFF00FF00000025
:108710000000000000000000000000000000FFFF5B
:10872000FFBF000000008DA5A5A533CC0CF3C33C12
:10873000C36343BCFF0000FFFF005F5F5C5C5555F7
:1087400055554DFF4DC30000000800000000FFFF1D
:10875000FFFF00000000000000000000000000001B
:1087600000000000FFFF3C3C000000002D2DFF55E5
:10877000FEFEFEFECFCF0C0CC3C3C363A566A56689
:10878000FB0404FB5AA53C3CFFFF0000FF1F1F1F1A
:108790000000020A000000000000000000000000CD
:1087A000FFFFFFFE00000000725A5A5A33CC0CF350
:1087B0003CC33C9CBC4300FFAA5555AA53535050A0
:1087C0005555555F4D3C4D00000000000000000075
:1087D000BFBF7F7F0000000000000000000000001D
:1087E000000000000000FFFFFFBC008300832D2D70
:1087F000AA0004040404D714D714C3C3C363A56632
:10880000A566AA5555AA55AA3C3C0000FFFF1F1FAC
:108810001F1F020A020A00000000000000000061A1
:108820004006000D000100614006000D100240618D
:108830008007C029100240618006002D08020061F7
:108840003007C019000000613006000D000005610E
:108850000A0DD50D00A5000000000000000000007A
:108860000000000000000000A0610006009D000163
:1088700000613007C00D000100613006001D1002CC
:1088800040618007002D10024061843F002D0802E6
:1088900000613007C00D0000110000000804001244
:1088A0000000000000000000FFAFFF5F00000000BC
:1088B0002000000000005A5A0000000000000040A4
:1088C00000000000000FF0FF0000000008FF3CFF68
:1088D00000FF00FF0000FFFF00000000000000009C
:1088E00000000000000000000000FFFFFFFFFFFF8E
:1088F000FFFFFFFFFFFFFFFFE3EF000000000000AE
:1089000000000000000000000100000000000C0C4E
:10891000FCFC00000000000000000000000000005F
:1089200000000000000000800000AFFF5FFF0000BB
:10893000002000000000C3005A5A000000000000A0
:10894000004000000000000FF0FF0000000008FFE2
:108950003CFF00FF00FF200020000000000000009E
:10896000000000000000000000000000FFFCFFFF0E
:108970000000F0F5FFFFFFFDBCBFFFFF000000009F
:1089800000000000000000000000000000000000E7
:108990000C0CFCFC000000000000000000000000C7
:1089A00000000000000000000000000000000000C7
:1089B0000008000000000000FFFFFFFF00000000B3
:1089C0000000000000000000AAAAAA9A000000000F
:1089D000FFFFFFFF43431C1C00000C0000000000D1
:1089E0000000000000000000000000000000FCFF8C
:1089F000FF3FF0F0FAFA002000000005000A000036
:108A00000000FFFFBCBC00000000000000000000F0
:108A10000000000000000000000000000000000056
:108A20000000000000000020000000000000000026
:108A300000000000000000000000FFFFFEFF00003B
:108A400000000000000000000000AAAAAAAA00007E
:108A50000000A0FFBCFFC3C33C3C000000000000BE
:108A60000000000000000000000000000000000006
:108A7000FCFFFF3F0030AABA000000000000000029
:108A800000A000A0FFFF3CBC0000000000000000B0
:108A900000000000000000000000000000000000D6
:108AA00000000000000000000000000000000000C6
:108AB00000000000000000000000000000000000B6
:108AC0000000000000000143000000000000000062
:108AD0000000000000000000000000000000000096
:108AE0000000000000000000000000000000000086
:108AF0000000CC4C010105000986021A11A45200A5
:108B0000180010104400C0408880020000040400D7
:108B100000140000000000000000040060000400D9
:108B2000000000000000000000000000040540827A
:108B30000080000000808400408020002000008031
:108B4000C000400200000000C0000403020010004A
:108B50000209000020082000200900002000200257
:108B6000880000000000C080208000000080208974
:108B70000080208088002080201020004083200278
:108B800020882083880000008400880040002000A6
:108B9000C0802003200002000010000000094000F7
:108BA0002000200088000400400920000000000090
:108BB00080030002000000020000000200000082AA
:108BC00011080088800100000084000000000000FF
:108BD0008000000000008000800000000000800095
:108BE00080010000000000000010000200000040B2
:108BF000004000100010000000020000000080048F
:108C00000001000500080000000000000000000056
:108C100000000004A0000000800000000000000030
:108C200000000000000000008000000000000000C4
:108C30000005081000090010A00508000004000449
:108C40008811000000008200890000800900038371
:108C500003000900091100080000000000040100E1
:108C600082002084001000000000000000210001AC
:108C7000000300080000000802004000000400009B
:108C80000084910483904004000000100002000260
:108C9000002000109120008400000004004108041E
:108CA000000000409004020884008404400084080E
:108CB00000900908000000001008001000080008DB
:108CC00000C003820004008803C0028400084088BA
:108CD000A008A008A000A082008400100808400896
:108CE000200020089010200920000000000810003B
:108CF000000309080010200800008440800840C1DB
:108D00000584000340854004800500820088200916
:108D10000005000804080808090400C0020920082A
:108D200085050010031003000010030003008304F6
:108D30004010000500410010000504020008000575
:108D4000000001030021102100210111000500088D
:108D5000010500088202000200040041888310110E
:108D600001020005000202419000004102050021BD
:108D700008100000000300210002000501050000AA
:108D800009050005000500082002C12100030011AB
:108D90000010001000030002000500040121004043
:108DA0000021A00901054108000300000008020598
:108DB000900803A100A000A0008300002002000092
:108DC00000004000408800A0080200880200000265
:108DD00040004002000005A0200100000000200823
:108DE00000824001004000110008110000008000D6
:108DF00009008000000000000302000000001000D5
:108E00000084A00800000010008482C02008210017
:108E1000218200400208008400A100100010020816
:108E200000A00000000008008200008421000882E9
:108E300080080500A00282040504002100800009CA
:108E400041410004042100022004400001020021ED
:108E5000C000880990C089000400C0021041A01120
:108E60000011080401000811A04000000021820048
:108E7000A008880940410000084188112040901155
:108E8000100883050000200321052100208520050E
:108E900020400040401021020003001088024005DD
:108EA00040900089408900C1201109A04010118222
:108EB0002000102108020004000902012100001016
:108EC000200802C0001003C003C100C08000402081
:108ED0000000000000A000102088008841A040048D
:108EE0004004050021A020C0048200212108410087
:108EF00011C0210421A0218200000000058209A0E8
:108F0000201080C1028221908010A008A0100302CE
:108F10008010218511A11005080904C000820403F6
:108F20008988090440040004110420040810C108C1
:108F3000400308840004210421C0C04002058203CC
:108F4000C0080008C02182090000000202001000D1
:108F50000021C0090011104010100004A0110200EF
:108F6000C0042083211120842084010820210000D6
:108F7000000221419011002100100002A00984117B
:108F800002110000C108100000C1018883A1018204
:108F90002141C0828241900500050805000382033B
:108FA0000021000400040002080008080804A021B1
:108FB00082008204C08220090284C000000102A055
:108FC000001000000002000000044000400085A0E6
:108FD00000000000001041000000000000400800F8
:108FE00003000000804082008011A1110210A188BE
:108FF00020000085020000000000001000000000BA
:109000002000000000001090800000042004204098
:109010000204888421100000050041000200211094
:1090200021000000000000C000C080C00500000159
:1090300020400002000300408000004100000021A9
:1090400082214004410303058808C085891020055A
:10905000400808032108100508058885110502212C
:10906000009009080585000482048880000520031B
:109070009000400905219021000000208802000096
:1090800000418841020584001040000090098305DA
:1090900020052041882182058204C002C0092004E5
:1090A00088830510A00921410090080200091002E0
:1090B000002120042004200590412005204120109B
:1090C000050040028001A00002844000001008005A
:1090D000008403A0080888C009020300211040A0F2
:1090E0000004200420A02002000100A100020904C5
:1090F00000A0048203002082200809100000001054
:109100000000410003A020042000A0821184090077
:1091100008C0801080040982118200904111210052
:109120001100004002004190880820042090400473
:1091300020A000084111200940A00800419000C073
:109140004000C1C0A0C008081020C0C102C0020871
:109150001002C1C108C1A1100408C0C108C0829199
:109160008408C1C184C011901009C0C002C04090E1
:109170009008C0C084C008909002C0C009C0109080
:10918000C0020000C0C004C000900408C1C008C1F3
:1091900010911009C1C105C100098208C0C104C1F4
:1091A00020031085C0C084C121041004C0C104C1C3
:1091B0009104104001C082C08940001011C0090410
:1091C00090040082838003800280000091880985DA
:1091D0000088000984C18390C011808085C1858387
:1091E00002408090C0C1119082000088A08004805D
:1091F00009000080C08305830903000391808880F3
:10920000800080000000888000800000A180C09065
:10921000838540088084C0C110A11111008091880D
:1092200040900088800882834090029000A085884A
:1092300091884082800021001000C0800000918051
:10924000908002801180100810849011C18041002C
:109250002090859085838900408585C08880110095
:1092600002A09180850008000382A0A0C10003092C
:10927000408883888200118220849191A10280001D
:109280000082808080800000804100828080808019
:10929000111083859082C182118888C09188C00591
:1092A00040418584A09085034000058983C0C0911A
:1092B000A000088289808505200210041083020026
:1092C0000402088908C0A10085018482C0A0C104ED
:1092D00002880382C0C1C0400500C082C0C1C14035
:1092E00002009182C0C0C0A091008882C0C1C102AA
:1092F00008009183C0C1C14009909182C1C0C105DD
:109300000400C082C020C04000000801C082C0C06C
:10931000C04002094082C0C0C14009911182C121F0
:10932000C00402114083C1C1C0A002822082C0C01B
:10933000C00808001183C0C0C0A084038500008459
:10934000820484018502854005A00985048582C1C7
:1093500040C00811C12000C1C0C00804082008C1D5
:1093600082C008100991A0C0C0C10390412089C0EB
:10937000C1C088101090C0C0C0C109A0049082C0B4
:10938000C0C10204002100C1A0C0000102080440C5
:10939000A0C0C0C00802C10210C0C0C10910412154
:1093A00090C041C18510C04091C0C0C08410C12090
:1093B00005C0C1C04009002183C0C0C0C001100168
:1093C000000010000400820882050301A00980400B
:1093D000008889888490909120A1809091C182C05A
:1093E0009088108482C1840884A0808204099089B6
:1093F0000985909104000040008884C1C0410002AA
:109400000082848809900090008800A000010480F8
:10941000008000808080A1040311038490C1820237
:1094200091880980C1A02082808205C1919041402D
:109430000805108382C04188118305A08580804083
:1094400080400010050240020090008882108008D1
:10945000808380858000A10282A0A00803888040CC
:1094600080A080058084800080888040800880887B
:1094700080888020800580A080A080028008A14094
:10948000918290041103804080C08082008000019E
:1094900080208084800380008821C18841898305E1
:1094A000C191A0C08282C011A1C0888802890340F6
:1094B00090A19188C1099003901089C020889000E4
:1094C00088A000800841100500008083800000080B
:1094D000C0C1C0C0084002C0C108C1C108110241DA
:1094E000C003C0C110830840C0A0C0C0100208C0A3
:1094F000C005C0C1101108A0C002C0C140900891B1
:10950000C188C1C1109103C0C001C0C01008024091
:109510000001C000C0C1408208C0C141C0C182106A
:1095200008A0C104C1C103040805C103C1C0901053
:109530008404C105C1C0041005A0C120C0C09010A2
:1095400008A0C0C0880801840901002004C00408E4
:109550004001840000C88300480000000000830030
:109560004842820000C1830048420000000083009E
:109570004842000000C183004842840000C88300C4
:109580004842810000C88300484200000000830078
:1095900048120000000000008300484200000088DC
:1095A00083004842000000888300488200000000D9
:1095B000830048425000008883004842000000C1F8
:1095C00083004842000002C100008200000A00C17E
:1095D00083004200000000000000000000000000C6
:1095E000000000000000000000000000000000007B
:1095F000000000000000000000000000000000006B
:10960000000000000000000000000000000000005A
:10961000000000000000000000000000000000004A
:10962000000000000000000000000000000000003A
:10963000000000000000000000000000000000002A
:109640000000000000000099001800000000A5A51F
:10965000A5A56996699600000000000000000000C2
:1096600000000000000000000000000000000000FA
:1096700000000000000000000000000000000000EA
:1096800000000000000000000000000000000000DA
:1096900000000000000000000000000000000000CA
:1096A00000000000000000000000000000000000BA
:1096B00000000000000000000000000000000000AA
:1096C000000000000000000000000000000000009A
:1096D000A5AAA5AA699669964310200000881106DC
:1096E0004310200000881106431020000088110656
:1096F0004310200000881106431020000088110646
:109700004310200000881106431020000088110635
:10971000431020000088110600004310200000883C
:109720001106431020000088110643102000008815
:109730001106431020000088110643102000008805
:1097400011064310200000881106000000000000F0
:109750000000000000000000000000000000000009
:1097600000000000000000000000000000000000F9
:1097700000000000000000000000000000000000E9
:1097800000000000000000000000000000000000D9
:1097900000000000000000000000000000000000C9
:1097A00000000000000000000000000000000000B9
:1097B00000000000000000000000000000000000A9
:1097C0000000000000000000000000008181810115
:1097D000FFFF0000FFFF59A69995666A0000000090
:1097E0000000000000000000000000000000000079
:1097F0000000000000000000000000000000000069
:109800000000000000000000000000000000000058
:109810000000000000000000000000000000000048
:109820000000000000000000000000000000000038
:109830000000000000000000000000000000000028
:109840000000000000000000000000000000000018
:1098500000007F7F8080000059A6A5A55A5A0061AC
:109860000007C09D000500610006009D0005006125
:109870000007C09D000500610006009D0005002155
:109880000003009D000500610007C09D0005006108
:109890000007C09D000500610006009D0005000056
:1098A00000000000009000050060008700910005A6
:1098B00000610087009D000500610006009D000515
:1098C00000610087809D0005006100010091000596
:1098D000A0650007000D10024061843F002D1002BA
:1098E00000000000C0C0C0D510140000B0FFA0FFF1
:1098F00000000000A03CFFFF00000000000000008E
:10990000000000000000000000000000A000500067
:10991000FF7FFF7F010000000000000030BABABAEC
:10992000000000000000000000005F3F0F0FEFEF9D
:109930005555DF5DFFFFFFFFF3F3577D0228000061
:10994000001003030303000000003F303F303EFEE1
:109950003EFEFEFE040410000000000000000000B7
:10996000000000000000C0C0C0C055555555A0FF04
:10997000A0FF00000000A03C00000000000000105C
:1099800000000000000002000000000000000000D5
:109990000000FFFF00000000000000000000303069
:1099A000BABA000000000000000000005FCF0F0FF7
:1099B000CFEFAA55FFFFEFAE000030305755020041
:1099C000000000003F03171700004000FFF00F00E9
:1099D00002C202C2FEFE04041000100000000000DB
:1099E0000000100000000000FFFF00C008FF0AFF99
:1099F000FFFFFFFF0050000010BA55FF80A08080DD
:109A000000000000553CFF55000000200000000051
:109A1000303A3F3FFFFFFF3F000000000000000022
:109A20000000000000000000000000000000FF0C2B
:109A30000C0C555500FC0005005000000000000013
:109A40003C3C040000003CFF0F5500000000555551
:109A5000FF000CFC0FFF00000000A0A0A0FF000012
:109A600000000000FBD300000000FF3F00C00CFF1F
:109A70000FFF3C7CFFFF0000005010BA00AA00005E
:109A8000000000000100553C0055000C00000000E3
:109A90000000303A3030FFFFFF3F00004000000080
:109AA00000000000000000000000000000000000B6
:109AB000FF555555AA56FF030000000000010000A5
:109AC000FF000F0F000000003C000F554000000099
:109AD00055550F0F0CFC00F000000000BCBCBCBCD6
:109AE000000000000000D3D32000000008000000A8
:109AF000400090008810080900004000A003058085
:109B0000201040000000C140880800101003000031
:109B100004100010841000050000C000C000C04008
:109B2000000490000800840000002080400000092C
:109B3000000440090002200088890000200000087D
:109B40002002880002800000200020032000400046
:109B50004090201001A0C0000000841000004005CB
:109B6000040400000480840088000000000000005D
:109B70000500000000000000800000000000000060
:109B80004040000083000000400100010000800010
:109B90000000000000000000000000840000000041
:109BA0002001000100008000000000000040800053
:109BB00000000001A000008500000002000000007D
:109BC0000000808300000002008480000400000088
:109BD0000002000304000203400000000000000037
:109BE0000000000000002002400005000008000303
:109BF0000810008000040021001000000000000494
:109C000000004080000000410000900500000108B5
:109C100001000108020902080005A0080010000068
:109C200000000000000310108880001000030100F5
:109C30000010000000090041001000000002004177
:109C4000010800109004001041048203824000418A
:109C500004000000010220080102000001040010BD
:109C6000000800040002000501080008001000A020
:109C700000000082001000840000008200840004C4
:109C80000008411083020084000800842008200896
:109C9000020120002088808480880082008408845B
:109CA0000088090000080010088209040008000369
:109CB000040400010008008810001004001000A136
:109CC000101002C0000040080400C0090004000990
:109CD0000000801000084001C084408900104089C5
:109CE00009884184410905840500408300880004F7
:109CF0000005A000004120410003002100050000F4
:109D00000021A00388000121000501A1000000112D
:109D10000003A010000800030002080490020009DC
:109D20002040200900032021004000000008C0104E
:109D3000000000050008822100100040A021002141
:109D4000402120080021C0050005000090210004EA
:109D50000004000090050000000000000008004121
:109D600000410004200401091004A040000800057F
:109D7000008000A000A041000888001008100082A8
:109D800008A00040020041C04088000840020910BD
:109D90000040020021820040008200820002008216
:109DA0000084809080C008008200000008080090B5
:109DB0000310000000840000000000000008008480
:109DC00000080040800021C002400010001020C0A8
:109DD0002141084121C0410041000208059011A025
:109DE000008200840082C18302000011008210A062
:109DF00041020002C00000020000820800000000D2
:109E00002008020808000402401120002104400339
:109E100000040005004001000400A0A10821010584
:109E20000840A011900820009020212182210810D4
:109E30002004084100004002002100410004A0036A
:109E40008808840090008300010400000400A0053D
:109E50000300080082414000000800208221000227
:109E600020040005080420090800200082400200A8
:109E700040020409400200A000C01100000008A038
:109E800009104002002040001183A1C000A02090D2
:109E9000800400C011C000C1208203C000402182A4
:109EA00040041109000000100000000084004088F8
:109EB00000C0001000880000000220A041000084C3
:109EC00000400582000420C002820202000200C09D
:109ED0000200A090008820840388110421880402D5
:109EE00009C0838905000009830011C091C021C009
:109EF00088824003212040A040410804000200085D
:109F000082100008000002048203020540000208DB
:109F10000021214120880002002182098400009054
:109F20000003001090414009A0100820008040214B
:109F300000000020820282100003402002A01109CC
:109F40001000034100209000201082108921088217
:109F5000C08320801002041004108208840308418A
:109F6000C000000400400804004020040211A000CA
:109F70002003C0080200000202418010808500001A
:109F80000988058405030000820940A00082800042
:109F900000840284C0108002000102842102082093
:109FA00011080904038209848000090821100904AA
:109FB000A0A0080008110008004100000001A10352
:109FC000040000004084030500C0890821002084AB
:109FD00000040004850420A085028002020009001C
:109FE000800200000291038805090500200100009D
:109FF000000480080808828420A1A11000830002C8
:10A0000000030009900802088200C0208408008232
:10A0100000218800000341A02009108920110000C0
:10A0200004A1020540028202000909200000000884
:10A030000011001002110821840882040000900021
:10A0400040100803882102828200A0219109A00407
:10A05000841110400884020408022008C003100381
:10A06000000040030410000800041104040510104F
:10A070000011881008052041040000400908000272
:10A08000208221002104000009000300204100007B
:10A09000090200C021A00000820200A00304C12028
:10A0A0004100044020088000200509C002000990FA
:10A0B0000002000400C0800408C0409000100000AE
:10A0C000030091A0111000020941200211904010DC
:10A0D000099109880991004091024002008803A07B
:10A0E0000082090204042090009000822020412078
:10A0F0000590400021000090408804401001208815
:10A1000089C0C12088C1828201880104008800883A
:10A110001189A188100882111010020411A010C02A
:10A1200001010990A1000008000389400488C08251
:10A130008820002088A008041189002108A0880434
:10A14000000000A010828884008200C010A08984D2
:10A15000000400840002000809C088052003C091A3
:10A16000831000080008908400020205020040A04D
:10A17000820801C084200800010000C1850104009C
:10A18000000189858390C0088082040009001100C5
:10A19000000020C0100800C1808200809000038071
:10A1A00000001141C021030400824040108080085B
:10A1B00080880400090002800080090804A1008250
:10A1C0000011000000808000000000800384211145
:10A1D00088001100008010800900410010058010E7
:10A1E0000490A1020080088002800080898388108A
:10A1F0008482A184118980A18000031000908310C3
:10A2000080080003A1008521850089A100000009C4
:10A2100000008000080002109180A1400041080069
:10A22000C04091002080200891114100008080A151
:10A2300000200004100909100041820000808808F5
:10A240009108210900000500084102820800100061
:10A25000C108040903090008800000080000800804
:10A260000003808280000200418502C12000088234
:10A2700040030582410009A0000091009000080001
:10A28000200004008900A1A0850085900889900025
:10A290004010000490089008C08440080901900113
:10A2A000910403A008042140110309901140000209
:10A2B0000208A000008284000802C08209048840CD
:10A2C000831102C1A110000010A090A08805040015
:10A2D00005400884820021840000028402010004F9
:10A2E0000209884140A104109000C00588A1880897
:10A2F00000110185000301A0008800009100C0004A
:10A30000012000000000C0C040A0A0899090A1C022
:10A31000040000010000910100040120C1880440F4
:10A3200000A084A00020C082050000200501910942
:10A33000C002008884A00891002004A0A02141024E
:10A3400040030009100902C00000030400048491C6
:10A350000540030188024001A005C1022003848357
:10A360009082029020050208082020000005A00429
:10A37000090441A021C040A184C000000090010058
:10A3800001C108000001101000C18020829190C11D
:10A3900089890011000300091141008903822010FE
:10A3A0000903000500020003C00010000011890528
:10A3B00011C1C010001000040008004100028020FC
:10A3C0000491800800C0C1880091000004100020A2
:10A3D00080218402A0088090412105098884801191
:10A3E0000020058080009188032140090441000578
:10A3F0008000851084400509032140050009008084
:10A400000510099180114103839011C1C1A100C0C1
:10A4100021008003000000080000000002A11100DC
:10A4200083008202110000008000801041001100B2
:10A430004080C002100210001080080080820003DB
:10A44000008080110810040803009102000040827F
:10A4500011214111000521850541038010110009DA
:10A460000040808000002104084191000380000426
:10A4700080008082008509A12104088003088900EA
:10A48000110910000003A140910041800440418463
:10A490002084210088000400A088A040C0008841DA
:10A4A00000001020A00082000408089004000500AD
:10A4B00001029110090020000088004001001003F3
:10A4C00084109008A000011004028904820000009A
:10A4D00088C102A1C0A18801A12090898410040034
:10A4E000080000C11004000021010240088808C0D3
:10A4F000200208204008A02001118800C108830123
:10A50000C000010100000401C1880200000801012F
:10A51000000000C843008400884100C843000000D8
:10A520000000000000000000000000C10000880AD8
:10A53000000000C100000000000000000000508288
:10A540008181008883000000000000C183000000BA
:10A550000000000600C141004200000000884100E8
:10A5600041005000008800008182500002884300B2
:10A5700000060000000083000021000000C88300E6
:10A580000000000000C8000000006000008800001B
:10A590000000AAEA00801010201055FF7878000013
:10A5A0000000B0B0BFBFF8FFFFFFF028F07DB0F0B3
:10A5B000FFFF55556565F0F00F0F0000FFFF3F3CB2
:10A5C000C0C3F4F4F5F53E3C3E3FF0E8F0E8FCFC97
:10A5D00028EB0000FFFFFFFB00CF30FFFF00CF3074
:10A5E000F0F00F0F0F0FF0F003FCFF00820082006D
:10A5F00014BE14BEF0FFF028F0FFFFFFAFEBAFEB8F
:10A60000343C3C3C00003C3C0000F0F0000000FF0B
:10A61000000000FFEAFF80AA2020003000AA78781E
:10A620000000000010101F1FF0F0F0F0F028F07D87
:10A63000A0F0FFFFAAAA9A9AF0F00F0FFFFF000008
:10A64000C0C33F3CF0F4F0F502000203F0F0F0F07C
:10A65000C0C028EB0000FFFFFFFF00CF30FF00FF6E
:10A6600030CFF0F00F0F0F0FF0F0FC0300FFC00031
:10A67000C0C3A0A0F5F5F000F028F0FFFFFFA02870
:10A68000A0282028282800003C3C0000F0F0000012
:10A6900000FF000000FFC3FFFBFB74FF0074553C8C
:10A6A000553C57571616F734C7043C3C3CFC1EFF7C
:10A6B0001E00CC66666669966996999999995AA51D
:10A6C00055AAF05AF05A550F3C0F00000000FFC386
:10A6D0004D4DC704C300000000000000A5A5A5A5BE
:10A6E000330C555503FCFC0399999999AA5AAA5A17
:10A6F000968A9608FC5FFC50002D007DFFFFFFFF4F
:10A700005F5F1E1EFFFFFFFFFF000000FF00000055
:10A71000FFFF0000FFFF0000FFFFFBFB74FF007462
:10A720000FFF0F0043430202F734C7043C3C3C3C9C
:10A730001EFF1E006666666614EB14EB3333339916
:10A740005AA556A90FA50FA5550F3C0FD782570242
:10A750003C004D4D00000000000000000400665A5F
:10A760005A5ACCF35555837C7C83CCCCCC9955A5D7
:10A7700055A5148A14080C5F0C50002D0028FFFF0B
:10A78000FF7F4B4B0A0A00000000FF000000FF00A3
:10A79000000000000000000000008041200D004D7E
:10A7A00000010061303FC00800A000613006001DBC
:10A7B000000000613007000D1002402180010021DF
:10A7C000100240618006002D0802006130BF800D3C
:10A7D00000A000610E0200950000000005790A2E1D
:10A7E000151914024061848F102D1002406180877A
:10A7F000802D08020065308F801D000100610E066B
:10A80000000D000000610E07000D100240E3800003
:10A810000021920240E38086802992020505555569
:10A8200000000E2E00000000FFCFF0CC0000002042
:10A83000FFFFFDFF0000FFFF000000007D282D2D21
:10A84000AFAF0FFF0000008000000000000000001C
:10A85000287D28283F3C55551038D3FB000055FF74
:10A86000050F023EC2FE7F553F00000000000000C1
:10A870000000FFF3FFF3FFFF0C14A0AAAAAA000038
:10A8800000007C7CFEFEFF34FF04000020005050DE
:10A89000F0002800EB00FFFF2D0004FF0404050575
:10A8A00000002000F000000000000030F0CC0000AC
:10A8B0000000FFFFFFFF0000FFFF000100017D28F7
:10A8C0002D2DA0A000F000000000000100000000FD
:10A8D000000028287878303C55553030F3F30000DC
:10A8E00055FF050F023EC2FE5F550F00001000002D
:10A8F0000000000000300030FFFF0C14A0AAAAAA3C
:10A90000000000003C3C3C3CFF34FF040000000021
:10A910005050F0002800EB00FFFF2D0000FF00006A
:10A92000000000022500A525000000000000000036
:10A930003C3C5F0A00080000000000000500000029
:10A94000CF0C3F3FB4B414BE3C3C0F0F00000000DE
:10A95000000000000D0D5D5D3C3C0F0F0AFA0AFA85
:10A96000000000000000FFAA3CF000000000000012
:10A97000000000000000000000001F1F1414000071
:10A98000000000000000F0F8F5FD5D5D0C0CF0FF2C
:10A99000FF7DC3C3C30028EB00001FFF1F0FD8CCEF
:10A9A000CCCC000000000400A50400000000000062
:10A9B00000003C3C550000000000000000000500C5
:10A9C0000000CF0C0303B4B414BE3C3C0F0F0000D6
:10A9D00000000000000008085858FF00FF000000B9
:10A9E000FFFF00000000000000AA3CF000FF000094
:10A9F000040000000000000000000000FF0FFF0046
:10AA000000000000000000000028557DFF55FF00F9
:10AA1000000FFF7D0000C30028EB000014FF1400AE
:10AA2000D8D8D8D8040504002002840021002004CE
:10AA3000210021002010020002000200000040005E
:10AA4000890020080008880000040000200084001D
:10AA500000402000204020100000200000004000A6
:10AA60002000040200000410040300080400000099
:10AA70000000840000008800020982002000840099
:10AA80000000400000008800848540004010000065
:10AA9000408088058288100084800000209020007B
:10AAA0000408840000400000000041010000A000F4
:10AAB0008001A000208800000000000021000000AC
:10AAC00080004000090000000000000000000000BD
:10AAD0000000000100000001000000000000000074
:10AAE000800004000085000000000000000000005D
:10AAF000000000000500000004000000000000004D
:10AB00000000000080002100000020408000A00024
:10AB10000000830204000502200000040500090370
:10AB200000000000040000010040000800040004D0
:10AB300082800089000200890021000400000000DA
:10AB4000022001000002000800400005000000048F
:10AB5000900888050008001000050000008900101A
:10AB6000020002090805080000019000000500101D
:10AB700000100500A04184090010411000000040B1
:10AB800000A100200011000001109100000300004E
:10AB900000408311900590080180021000C00284DB
:10ABA000000288100000841000020010008500855B
:10ABB00000000004100400C100040510048400001B
:10ABC000008400C0400000010085008200820082F5
:10ABD00000C0008400C00084000400100082000453
:10ABE0000009800880C080108008000300080084ED
:10ABF00000C0000802C0000800040020400000005F
:10AC000011C0020200852110001040044008040811
:10AC10000010218802080508008402028008004014
:10AC20000010001140040910030803110200032161
:10AC3000A0050008202184089008900440050041E8
:10AC40004005001001080008C1030000024102088D
:10AC5000001000880200001100052008A00000215B
:10AC60009010000400210140002100800000A0108D
:10AC700000100003000020080040000800089000B9
:10AC80000010A00800410100004110000009004030
:10AC90000010A02100400205020200408240000096
:10ACA00084210010004082080005000220080208EC
:10ACB000400800820002A040000802A003010082B8
:10ACC000008488A0114004820582100800108002D0
:10ACD000A10202A000408802088408A0100000A081
:10ACE00000A01109001000C0400200820004000012
:10ACF00000840808400240C000C04100000000007D
:10AD000021A02182210021080402080020A00808B7
:10AD100009830210030220848382A0010241000201
:10AD200011904100000000400000000000C0100031
:10AD300090C0894000100102008020001180C008EE
:10AD4000108204800085008003000300048010004E
:10AD50000840084108090804000800210009829100
:10AD6000400000A1000004008809C011000040005C
:10AD70000000C01020052000081020048804901056
:10AD8000088408059009A0409009882010000880D8
:10AD9000A0090000000083002080404003404004E0
:10ADA0004105000004008200A00000800200821023
:10ADB00020A000051001218320850004A10040048B
:10ADC0001000894040400910001008C00800A1028E
:10ADD000800000900088008440002100050800A049
:10ADE00021400000044040000000008208004104AF
:10ADF000038400004184088809C08900108800028B
:10AE000011080002038808A00920094010080084E6
:10AE100004020520200000820200000409038211C0
:10AE200008C0400400A002C0040841044004A182FC
:10AE300021010004088210050208A040008400845B
:10AE400001830182884100410000A01001000483B9
:10AE5000000220020041002100C000100009210072
:10AE6000020401000002000008119000208908007F
:10AE700000030800000302030205C00200050000F1
:10AE800002104010001040030008000000200002E3
:10AE90008411820890020041202100040040032117
:10AEA00020210804A04040024011042084080040F2
:10AEB0000021002102110002210005000040004194
:10AEC00000410804201002080202000808082000BF
:10AED00083401101110103000982114002A0020800
:10AEE000820003A1029021102190038821C0000458
:10AEF00000C040080040000083C004C000C100A0A2
:10AF00000000888889090310821000A0031000A0A7
:10AF100005010208001003A10800A0A00009020911
:10AF200002A0802000A100898002210000000040D2
:10AF3000030100080000050002408804010502C06A
:10AF400088040004000441040000820290050011FE
:10AF500089100402001100000200041120090211EE
:10AF60000220020400040204200010038841880922
:10AF700088000008A00800000000200900840010DC
:10AF80000005084182048800844103040380208373
:10AF9000029002200000110001004000000420097E
:10AFA0000211400402412021891040040940084157
:10AFB0000585822188802089000402842111108265
:10AFC0000010030911C140A1A0C000A0200800C0CA
:10AFD00000000202C00140C0098200000000000819
:10AFE0000200800484042184848310202002040051
:10AFF000008200001108090805A000000082084036
:10B0000004C103C00390000000C041C002084040DA
:10B01000091000101140000040000290008209A0B9
:10B020000400004040008988080020A0809020C0D3
:10B03000410010022100000408044100C1C102C007
:10B0400011021009C1C002C002080884C0C004C0B7
:10B050000108081091C10004010200000000002056
:10B06000000200A011A0000001840020C0C002C0A6
:10B0700082C04084C0C084C0080488080000C0C0EA
:10B0800008C00004A008C0C084C0A0C00204C0C1A1
:10B09000A1C02004108400828384048400821100F3
:10B0A000090221A0011011010589C0040183C0C05B
:10B0B00084C109401004820809022110C090C0C157
:10B0C000008484200090C0800480118080008580EE
:10B0D00000802080008011C1002141040000050093
:10B0E0000000008009009100000002000000C18003
:10B0F000848000000000C1800880918000800000F2
:10B100008580808000800080C08004800000000076
:10B11000C1C002800080800000004040800000909C
:10B1200091004120040004809108414005111088DD
:10B13000C18410C008098010088090800800800039
:10B14000908204C091A091C00405038984849080FA
:10B15000000002828880C1002080900082000903E4
:10B160000000802080000000004180A1001180804C
:10B170000800088482C0A100100910898284900010
:10B1800000004000088490808380C100A09090A0BF
:10B190008900100003C088C0900000000284A00055
:10B1A000888083408321A0040300100508A1400982
:10B1B00090A1910485888485A00811100421890438
:10B1C000400003098982C0C1C04003001082C0C191
:10B1D000C14010008883C1C0C1040510080008A048
:10B1E00000009000080840A084040001840400844A
:10B1F000040441004182C1C1C10409888882C0C1E0
:10B20000C08400008300C183C0C0C040020011831D
:10B21000C0C1C08411001082C0C1C1048800008276
:10B2200009880802080108C0020283C000830108DF
:10B230000188080808201183C1C0C14000018904A9
:10B240008208A10005109020C0C0C0C1A1118420B7
:10B2500088C1C0C1A040048288C085C08884101005
:10B26000019102C0C0A0000208A000000000A000E0
:10B27000408402200440004002C0C0C120200820B9
:10B28000A0C0C0C000012182842002C0C0C008410B
:10B29000002084C0C0C08408002102C1C0C0840056
:10B2A0000100000105010000400240A00200000072
:10B2B000408982050301A009012104C1C0C108C061
:10B2C000100490094105A0844109098984C11084B2
:10B2D00000830088859040800080008010800000FE
:10B2E00091800984808089000080000000000500B2
:10B2F0000000800089001041000900898088854194
:10B30000808580A084C0000184000080008080804F
:10B3100085880090809190830940008300A1A0C09F
:10B320000540090541400420050300108008C008BD
:10B3300005092010112185044182088502A1808819
:10B34000002080C10021028884A18988410483C033
:10B35000809080A080100084808480A1800280087A
:10B36000C1118005A0000404000280038080000059
:10B370000040000000028000800080A000200080CB
:10B38000800884C0C0048091000180C080A080201B
:10B3900080118011809100A00021801080C180A0C8
:10B3A00010110011008300800010002000000080B8
:10B3B00000080921211008040488C191A09110857A
:10B3C00010030011000000410089C1A1C0C002109B
:10B3D0000810C040C0C108048440C089C0C008092A
:10B3E0004089C1911090401089000001200482081A
:10B3F000400000008400C0008400C0C0C0C0C04144
:10B400008410C091C0C1058908040001C041C0C0BA
:10B4100004A00884C088C0C0C00904C1C090C0C0D6
:10B42000041185C0820082110410A0000491A0883C
:10B430000008C0018403042004010183C104C0C0CA
:10B44000831011A02010888240820284500000C81E
:10B4500083004842500000C883004842000000C1F9
:10B4600083004842000000C183000081000000000A
:10B4700000005000000000C100004200000000C1B8
:10B4800083004842500000888300484200000000CA
:10B490000000830048420000000083004842000092
:10B4A000000083004842000000004100000000004E
:10B4B00000C100004100000000C100005000500029
:10B4C0000088830048425000008800000006000009
:10B4D000000000000000000000000000000000006C
:10B4E0000000000000003C66F0666C6CFC0C3CC385
:10B4F0003CC333CC33CC1CE31CE399666699000053
:10B50000000000000000000000000000000000003B
:10B51000000000000000000000000000000000002B
:10B520000000000000000000663CF0FF000000008A
:10B53000FF7E0081699669960666F9999669966913
:10B540000000000000000000F7F4373400000000A5
:10B5500000000000000000000000000000000000EB
:10B5600000000000000000003C66F0666C6CFC0C03
:10B5700035CA35CA33CC33CCE31CE31C99666699D3
:10B5800000000000000000000000000000000000BB
:10B5900000000000000000000000000000000000AB
:10B5A00000000000000000000000663CF000000009
:10B5B00000000081FF7E69966996F9990666966992
:10B5C00096690000000000000000C7C407040100E5
:10B5D000000043102000008811064310200000885E
:10B5E0001106431020000088110600000000000032
:10B5F000000000000000000000000000000000004B
:10B60000000043102000008811064310200000882D
:10B61000110600004310200000881106431020008E
:10B620000088110643102000008811060000000069
:10B63000000000000000000000000000000000000A
:10B6400000000000431020000088110600000000E8
:10B6500000000000000000000000000000000000EA
:10B660000000000000000000000000000F660FFF57
:10B67000C3C3C3C3C33CC33CF80707F895956A6AC4
:10B68000F0F00F0F000000000000000000000000BC
:10B6900000000000000000000000000000000000AA
:10B6A000000000000000000000000000000024E78F
:10B6B000CFCFC3C3C3C355A555A5FB0404FBA5AA9F
:10B6C000A5AA999966660000000000000000187E97
:10B6D0006F6F9000000000000000000000000000FC
:10B6E00000000000000000000000000000000F66E5
:10B6F0000F0053C353C333CC33CCFC0303FC9595E9
:10B700006A6AF0F00F0F0000000000000000000067
:10B710000000000000000000000000000000000029
:10B720000000000000000000000000000000000019
:10B7300024E70C0C5AC3C3C355A555A5C33C3CC351
:10B74000A5AAA5AA9999666600000000000000005D
:10B75000187E09096FFFFFFF00610007C09D00050B
:10B7600000610007C09D000500600007009D000506
:10B770000821040B021D100240008000002010026E
:10B7800040618007002D0802006100060095000559
:10B7900000650087809D2005000000610006009D77
:10B7A000000500610006009D000500610006009D87
:10B7B00000050561300E100D100240618007002D5C
:10B7C000100240618007002D080200410085809D25
:10B7D000000500613087801D10020F040A04000478
:10B7E00004000000000000800000000000000000D5
:10B7F000000000000000FF00FF000000000000004B
:10B80000000000000000000000000000000014BE66
:10B81000B4B4FAFFFAFF30F0B0F00000000000000E
:10B82000000000000000000082BEC2FEC3C3C3C30C
:10B83000AABEFAFE000000000000000000000000A8
:10B84000F0FCF2FE5F1E5F0A00FF28EB3F30F5F5CB
:10B8500000FF40FF00000000F0FAFCFE05040004B9
:10B8600000040400000000000000000000000000D0
:10B870000000000080802020FF00FF00000000008A
:10B8800000000000000000000000000000000000B8
:10B8900014BE14BEFAFFFAFF00F0A0F00000000092
:10B8A00000000000000000000000003C407CC3C31A
:10B8B000C3C3000000000000000002000000000000
:10B8C0000000000C020E4B0A5F0AF0F0F0F03F306F
:10B8D000050500FF50FF0000000000000000001000
:10B8E0000040003CAAF00000000000000000000042
:10B8F0000000FAFA0AFAAF055F5F0040000000009E
:10B900000000000000000000000000000000000037
:10B910000000303CF3FF00000000BAFFFFFF000012
:10B9200000000000A0FF3CFF000000000000FFFF3F
:10B930000000FFFFF0FFFEFF00000000005FA0FF1F
:10B9400000FF00FFE8E8E8EBFFFF43410505F5F5E0
:10B95000AAAFAFAFA0A0A0FF00000000BEFAFFFAA0
:10B960000000004000000000000000004000000057
:10B97000000000000A0A0AFAAF050A0A00000000E7
:10B9800000000000000000000000000000000000B7
:10B99000000000003000F3C300000000BABABABAD9
:10B9A000000000000000A0003C000000000030B2D9
:10B9B00030B20000FFFFF0F0FEFE00820082005F68
:10B9C000A0FF00FF00FF2828282B000043410004AF
:10B9D000F0F4BEBFBFBFBCBCBCBC00000000AAAA44
:10B9E000AAAA2009010084A0208540054005402125
:10B9F00021000000001084008800200400000210D4
:10BA000000002010001100082009000000002000A4
:10BA1000009004002000200820002000000000000A
:10BA2000C000000020090000001020000009008074
:10BA300004800010020500000900098984108408B0
:10BA40000000C0082000040800030489040004006A
:10BA500000100288820084000405201004002010D9
:10BA600000000405000004000003000200000000C4
:10BA70000000C0000000000000000000008800007E
:10BA800000000000000000000000000000000000B6
:10BA900000000040000080008400840000000000DE
:10BAA000000000000000000000000400A0000000F2
:10BAB00003020002000084000000880082100300DE
:10BAC000000005000000090000000900410200001C
:10BAD00008002000000202A0000080000400000016
:10BAE000800000000300008000C000A000840080EF
:10BAF0000000000000000000000000000002000044
:10BB000000000000000300000040000000040000EE
:10BB100010000000008500048410000000000008F0
:10BB20000088010001000003010000030000000084
:10BB300001000000040000030010000000100105D7
:10BB40000105011000902000000000880010002175
:10BB500000040009880000830408000000040008B5
:10BB6000000484030009018800200821004100200E
:10BB700000080040000000000000000400840009EC
:10BB80000008000400880008000000890000000888
:10BB90000008000800820004000800001088410826
:10BBA000088400204088400800010200000000C016
:10BBB00000100208008400080088008800000005CA
:10BBC00008100208208400058004020011400009CA
:10BBD00000080008000800880802808200000208AF
:10BBE0000583000800C011A02008004001090041A1
:10BBF0000040004000088400A010200821099002A5
:10BC000000100010004120000003004000400040F0
:10BC1000004000A184802021201082092000000221
:10BC2000A140000500108841000300000210C00080
:10BC30000040A0080003821002052004C04008C094
:10BC4000084108024005004140020810A008A01069
:10BC500000210821C11020210108004100202020DE
:10BC6000009002A1000800211008000000A1400877
:10BC700000A0000900080000000200080084040081
:10BC800000080504000003080000000000912001E6
:10BC90000082200100040004A108800040A00000F0
:10BCA00041080400001000C021001010000000A096
:10BCB000001000080300000000080810A1A10801FE
:10BCC000114100001041000441004100000000103B
:10BCD0002010118400C002C0200802A003840811B3
:10BCE00091030808402000830800A1A0051000056A
:10BCF00000048800840000110310001110040400E7
:10BD000000001000080090800402000082801004EF
:10BD10000000048000210000080000110808000253
:10BD20009100040008020010210008008280000039
:10BD300000400009020000C0001100400020020481
:10BD40001000004040020000081100004000900276
:10BD500084114009000300C020020088820382048D
:10BD600008210405401104040800050082040900AC
:10BD7000000000A00084000008A00200008800006D
:10BD80008000210080A000900040801000C00002D0
:10BD900080000000000200040800001009000000FC
:10BDA0000500040080A000A0009002001100100413
:10BDB00000000004000080A00002090000A10000B3
:10BDC000910905000001000800A000040900008896
:10BDD0000088118280000304400300850502038867
:10BDE000001009848084008880A0000010000304F3
:10BDF000040000002040020820200000000000880D
:10BE000004000000002120C09100008000C020003C
:10BE1000214000050002900882410000012000003E
:10BE200082000400044001209002001082000808F3
:10BE3000C0000003C00000208221020410000200A4
:10BE4000C000200001404041C111080888000008DE
:10BE500000111000000020114010024000100203E9
:10BE600082020211004001104188100400211000DC
:10BE700020408211200080A19101A101000000005A
:10BE800020108902008800889105400402040305FF
:10BE90008008A011030000000008200000104010DE
:10BEA00000000000800485841009201009040004AB
:10BEB000800002040000000000A100008001A11029
:10BEC000200800028000021180000800910000405C
:10BED0000201000803C04040000000C0051004C07B
:10BEE00080101184800004401084C0038085080401
:10BEF00090C08591218800090000004120000021A8
:10BF000084020009208000212000204120212003FC
:10BF100020000240020400020202088884208804F3
:10BF20009004000004101109882008040108900002
:10BF300040212009200000000411020800044000F4
:10BF40000241022000404100400800041004C000EB
:10BF50000400040000042104002001040003010087
:10BF60002003C041000284C1C0040008022120084F
:10BF7000200440080009200909000000000000001A
:10BF80000084000000002010110080000000C000AC
:10BF9000000090000001009000001000114000849B
:10BFA0000200410000000090A00400000300088986
:10BFB00000100000000000000000000080000000F1
:10BFC0000008A18280000000A000C088008885834E
:10BFD000000009000988004102010984409009001D
:10BFE00040080910008441000002030921000200FA
:10BFF00000008001008800C0C00088C1A1914008F5
:10C00000A0851105A1040305201101C18590092017
:10C01000008801C0000205028402C0080202010279
:10C02000001040A0000200A0840001018800090067
:10C0300000008588080201A01084000000C00140B3
:10C04000C1840084059005028882901101C1030417
:10C0500009C082A088108988200800204010019023
:10C060000002208801C000009001000000C10520EE
:10C070008800000001C102008901010185C120C0C2
:10C0800083840040A0409002830400C011C103A13A
:10C090008300000511801080820000008080808075
:10C0A0000200000000000000008009001141802112
:10C0B000C004000420808000088080000000008010
:10C0C000100041000200050910C1C1200088204174
:10C0D000038841038000058089004180000004112D
:10C0E000034100C10009028421090040000011C180
:10C0F00020848903004109C1892120400940118918
:10C10000050491908383208020100202C1211040F9
:10C110001000834091000009800500888080800025
:10C12000088003004180001000808088001011000A
:10C130004080110041849100800000000300000055
:10C1400090000205080010000400088040114141E1
:10C150001180888511119189C18020C120910383AC
:10C1600082084141C1210410404102000400A01195
:10C170000880418902119005050011001040C1039B
:10C18000009008018588C1910040018801C00984A0
:10C190000301050040C0080890002084C009100871
:10C1A000080001084100010400092004020882017E
:10C1B00000C001840100018308000404048205001A
:10C1C0000000090084040584058891820508830421
:10C1D00005830840022091110488A0400209080943
:10C1E0002121A00190851010111000010200010012
:10C1F000C100018820110000C084000401900000EB
:10C20000C11110018440900989C008910008A1095A
:10C2100005890000850101019101030108008401E5
:10C22000110502080010040482C0C01088040090A8
:10C23000C104000000002001010140110003824000
:10C2400001C00000C1C1000104A1C10105900000AE
:10C250004083C1C0048800888982C0C010039088D0
:10C26000820411C1400400881021110409010188D1
:10C27000000100C001000191C10101C100000100E5
:10C28000058921C1042140A1808984838303104151
:10C29000C0A004A00011C009092189104002800437
:10C2A0000020A088058000008000800080800000C1
:10C2B0000000888005040011C1051141850800882F
:10C2C0000082108200004120000280210802410803
:10C2D000080502100340800808C189110089808583
:10C2E00080A0008509C180022189832109A18820BD
:10C2F00020041121009002050389A12109C14003F6
:10C300004111059189C1A191858989842109C0A123
:10C310001021C000108280118002800000100004F3
:10C320000083008000008080801000000004C000B6
:10C330001009840083004111110500000300001161
:10C340000000008000020000000580C00000000422
:10C350002109022103000511C1A10321090941831B
:10C360000590918005C105112103890282808320F7
:10C370000490040941000304C184214021001110EC
:10C38000C191899041001109C1A121880908880142
:10C390000983880011000811C021901140C0C0001D
:10C3A0000000101002408400048804100004000102
:10C3B0000800A0C01120A10001050100000000003C
:10C3C000A0889084C008C0000000C08808030082D4
:10C3D000C00021030100000000000541C040020927
:10C3E0001008918221820211901189838490118416
:10C3F000110000C001000000A100C1C00001010047
:10C400000001C103039100000000600600C8430062
:10C410000000884100C183000000000000C18300CB
:10C420000000000A00C183000000000000C10000FD
:10C430006000000000C800005012000000C183002E
:10C440000000880000888300000000008100008850
:10C4500041004281410000880000820A50000088AB
:10C4600000000081840000880000414100000000BD
:10C470000000410000000000000041006000008852
:10C48000430041118211008841008200ACAC0FFFD3
:10C49000AAFFFFF0FCFC0AFACFCF0C0CB4B414BE18
:10C4A00000000000DF20DF20FFFF0000FF0000FF92
:10C4B0006A699596785078FAFFFFFFFF0000000048
:10C4C00000000000F0F0F07814BEF5F50000FF0069
:10C4D000D7283CC33CC35555AAAAEBAA1455F0F083
:10C4E0003C3C030000001414BEBEC2FEFAFA0A3F30
:10C4F000FA3F303CB2BE3C3C3C3C0000F0F0000057
:10C50000FFFF0000F0F0000000FF000000FFACACF7
:10C5100000F0AA0000F00C0C0AFACF4DCF4DB4B4D5
:10C5200014BE0000000020DF20DF0000FFFFFF003E
:10C5300000FF6A699596785078FA28A8AAAA0000A0
:10C54000000000000000F0F0F07814BEA0A0000091
:10C5500000FF28D73CC33CC35555AAAA1455EBAAE3
:10C56000AAAA00FF0000030050FA50FAC2FEFAFA2D
:10C570000A30FA30303C303C3C3C3C3C0000F0F0AF
:10C58000000000000000F0F0000000FF000000FFCD
:10C590003F30F5F5FF000F0FCFCF0C0C0000FFFF71
:10C5A00017173F035DA255AA5AA53C3CF00FF00FA8
:10C5B000F00FFD02C33CC33CFF55AA00FF00FFA0E3
:10C5C00000000000000000003C3C00008D72A55AF5
:10C5D00000005AA53C3CAA55AA5569966996F033C5
:10C5E0000FCC553C553C002000007F2F75255C5C2E
:10C5F0005C5C3C3C0F0F1E5F3CFFFFFF00000F0F19
:10C600000000FF0000000F0F0000555500005555B9
:10C6100000003F3005050F0F5555D714D714000003
:10C62000FFFF17173F03A25DAA5505FA3C3CA55A28
:10C6300027D80FF002FD69966996AF05AF05FF0098
:10C64000FF000000000000000000CF0CCF0CA55A36
:10C65000A55A000005FA3C3C966956A93CC36C9368
:10C66000F0330FCCFF0F000F000000007A2A70207B
:10C67000FF5C005C5555FF001E0A3C0000000000F6
:10C680000F0F0000FF0000000F0F000055550000C5
:10C69000555500001061203FC04D00080061303F3B
:10C6A000C00D00A18821440B000D10024061843FA1
:10C6B000002D100240608007002D08020061300646
:10C6C000000D000005610A09050100A000610E8748
:10C6D000809D300200004061848F902D30024061C7
:10C6E0008087802D0802002130878095000100613D
:10C6F00030858090000100613006000D000140632C
:10C700008006002D920245838A89852892A245825F
:10C710008AA9952092A2FF5DFF0CAAFABEFE000036
:10C720000000C330EB3000000000000000010000FA
:10C7300000000000000000000000000000000000F9
:10C74000000000000000FF003C3CE8E8C0FC0000E6
:10C750000000FCFC00FF0000000000003C3C3C3CF2
:10C760007F003F00000000000C0C0400828282F277
:10C77000C201C300F50034C1FFFF3C0030FF30FFB1
:10C780003F0F0F0F00FF40FFF5F5FC0C3CAAFFF038
:10C79000FF003C3CBEBE30F3000000000000000083
:10C7A00000000020003028300000000000000000E1
:10C7B0000000000000020000000000000000000077
:10C7C000008000000000000055555555E8E8C0FC09
:10C7D00000000000FCFC00FF000000000000003032
:10C7E00028385F000F000000010000000400828272
:10C7F0008282C300C30000F53434FFFF0F0000FF46
:10C80000F0FF3C00000000FF50FF0505FC0C3CAAB7
:10C8100000F055550F0F828230F304000003000032
:10C82000F8FF00000000FFAAFFF0BE147D7D0000AD
:10C830000000000000000000000000000000FAFA04
:10C8400050FA00000000000000003F033F3F3C3C66
:10C8500000FF000000007D7D7D7D000000000000E5
:10C86000FAFAFEFF7F5F7F5F0A0A00000F5F000099
:10C8700000F3A251000000003C309690FDFCF5F062
:10C88000FFA0FFBC5F555555FCFCF0FA0F0F555546
:10C89000FFFFFFFF5F5F7D283C3CAAAA0400000366
:10C8A0000000F8F8002000003C3CFFF0BE142828EF
:10C8B0000001000000000000000000000000000077
:10C8C000505050FA00000000000000003F03030336
:10C8D000F0F0F0F00000000028287D7D000000004E
:10C8E0000000AAAABEFF7F5F7D550A0A3C000F5FC9
:10C8F000FFAA00F300F3000000003C303C305D0C68
:10C900005500A0A0A0BC0F0000003C3C00AAFF0006
:10C910003C3CFFFFFFDF0A0A7D2800FFF0F004091E
:10C92000000000000400000040000000001084101F
:10C93000A010000088100010000500002110041055
:10C94000000400000010880000000000000000004B
:10C9500000100010001088000010000020050000EA
:10C9600000000000000000000000000500000010B2
:10C97000000400000000400000000003401082049A
:10C9800004008400880000008409000000000010FA
:10C9900088040400001002210400020300100004B7
:10C9A000000000000000000800000000000000007F
:10C9B0000000000000000000000000000000200057
:10C9C000080004000000000000000000000000005B
:10C9D000000000000000000009000000000000004E
:10C9E0000000210000000000000009000300030017
:10C9F0000000000000000000000000000000000037
:10CA0000000100000000000000000900000000001C
:10CA10000200000000000000000000001100020001
:10CA200000010020000000000004000000040010CD
:10CA30000041001000000000000000000008000499
:10CA40000100000500410041A004000000030000B7
:10CA50000000000900000000A00800080000000419
:10CA600000110003A00000000000004100000008C9
:10CA7000000400000000000000000209000800009F
:10CA8000000500040004000000030000004100094C
:10CA9000000500000000000000400000000000054C
:10CAA0000008004100080000000000080008000025
:10CAB0000084000800000000000821000008218414
:10CAC000008404002108000000000082000800002B
:10CAD00000080088000800400008000000840008EA
:10CAE0000000000000002084000000000008000892
:10CAF0000000000800000008000800080008118479
:10CB00000008000010880000008200000008008477
:10CB10000020000821080084000800840084000828
:10CB2000211000001084002100212021002100217B
:10CB3000002100000021902100210021202100215E
:10CB40000010004000210021202100218821002127
:10CB50000021000300210003002100210021844066
:10CB60008205A0000005000000000021C0218221F4
:10CB7000002100100000002100090221C021002135
:10CB800000050021020084210000202100219010D6
:10CB90002010A021001040090003A02184052021BD
:10CBA0004003840840210821090002102100118857
:10CBB0000010119021000300000800820002001004
:10CBC0000082008400100384001003C0000008826B
:10CBD00011880810001041000000008800040800BF
:10CBE00000840000001000C000000084210011003B
:10CBF0000000080000840200000000C0410011C0D5
:10CC00000384080000840200028220080900000852
:10CC100020C000082108009000400010000040885B
:10CC20000810028411C008840808040000000000F5
:10CC3000A00000000000000008000000020000004A
:10CC4000000090000200000000000400000000004E
:10CC500000009000040000009009400000118400D2
:10CC60009000A04110000000820000000010404130
:10CC70008200840000040000000900050000A011EB
:10CC80002003004140090010004100119000821073
:10CC90000040000040000011A0000004A00082003D
:10CCA00000008410400004058200041121000000EF
:10CCB0000200000000900290008800C000C000C088
:10CCC0002004008200840020000000402190208881
:10CCD00020100004090400000010000400000040BF
:10CCE000110000820000209000840000000000A0DD
:10CCF0000004000000000204200441002000200085
:10CD0000204000402010002005000084119000A069
:10CD10000088002021000004090000040000040035
:10CD2000001040C0000000A0004005880010020074
:10CD3000000900000040020000000200000800009E
:10CD40000000000800100210000800050041080063
:10CD50000000000000080200000000410041001136
:10CD60000808000802000008020000032008000074
:10CD7000C00000080000A000000082002000900811
:10CD8000000000020008000800030010000000007E
:10CD900000414011821000030000020988050000D4
:10CDA00000000005002100030003A000000800208F
:10CDB00000C0000000C0000009000084210803003A
:10CDC00005820008058809C00010000000C020008E
:10CDD0000900000200A0000000900300099011006B
:10CDE00000000010000000C0000005A00204A01018
:10CDF000000003100002118420100990020221900B
:10CE000002000000031011000002401000401082D8
:10CE100008844088024000C002400084114000C0E5
:10CE20000084000000400000210811900900020069
:10CE300020850010000002000000000082000000B9
:10CE400000000000000200030000020900020021AF
:10CE50000000000400410010001182000000840066
:10CE60000000080000000200000500024000000071
:10CE700004210000000300054010004100100240A2
:10CE800000410000840002030000001100020000C5
:10CE900000219088000988089003004188009000D4
:10CEA000000040000008881100080020000800036E
:10CEB00000410200200000040004208800820000DD
:10CEC000020000000000001000C0008809000000FF
:10CED00000000240021020402040004020000000DE
:10CEE000000420000000200000020000200000A03C
:10CEF0004182850000002000200000002002000088
:10CF00002000000000884000021009000502000413
:10CF1000218211000020001000C0090011204100F2
:10CF20004104409004000000110040000010020085
:10CF30000200200000400000C1000001C182010089
:10CF400008000140C103C101C1000008C082000007
:10CF5000C0000183C0000000C1000001C1820100C7
:10CF600008000140C1A1C001C1000010C082000042
:10CF7000C0000183C00000000000C1000001C182A8
:10CF8000010008000141C140C001C1000008C08289
:10CF90000000C0000183C0000000C1000001C18288
:10CFA000010008000140C0A1C001C1000010C08202
:10CFB0000000C0000183C0000041C1410003C183E3
:10CFC00041410041419088838408834100808080F2
:10CFD00000418041418380000041C1410003C18381
:10CFE0004141004141908803C00883410580808011
:10CFF000004180414183800000000041C1410003A5
:10D00000C1C1414180414183881183108341008027
:10D01000808000418041418380000041C141000384
:10D02000C182414180414189910380208341008038
:10D03000808000418041418380004100114100C156
:10D0400000004141904100C1044109C185C1004136
:10D0500080804100C1C100C180884120114100C1D0
:10D0600000004141904100C1104105C120C1004173
:10D070008080C100C14100C18004000041004041E6
:10D0800000C10000414190C10041204109C121413E
:10D0900000418000C100C14100C1804041004041C9
:10D0A00000C10000414190410041024103C1A04143
:10D0B000004100804100C14100C1804000000001EA
:10D0C00000C10000000140010009000140C1082129
:10D0D000000302402000408300C1822100010001C2
:10D0E00000C10000000140010011000120C1C12168
:10D0F000000302842000409100C182000000000073
:10D10000010100C100000001401100C1000110C177
:10D11000A091000308900400400100C182010000BA
:10D12000010100C10000000140010011000108C11F
:10D130000283000308401000401100C1820100403A
:10D140000000C183000000000000C18210840020A4
:10D150002000C140000000000000C10000000040AD
:10D160000000C183000000000000C1821008002000
:10D170008200C140000000000000C100000000006B
:10D1800000400000C183000000000000C1820402D2
:10D1900000108200C140000000008200C1000000B9
:10D1A00000408200C183000000008200C182048828
:10D1B00000108800C140000000008200C100000093
:10D1C00000800041C183000000000041C1820011C5
:10D1D00000C10041C1C1000000000021C1410000A8
:10D1E00000800041C183000000000041C18800911F
:10D1F00000C18041C1C1030040000021C1410000C5
:10D20000000000800041C183000000000041C1888F
:10D21000001100418041C1C1410000008021C14195
:10D22000410000808041C183410000008041C1C1B4
:10D23000411109410041C1C1410000008021C141AB
:10D240004100C191804180C100004102004141C1C3
:10D2500003C1C1C100A08083000041410041808022
:10D2600003C1C191804180C100004102004141C120
:10D2700003C1C1C1008080A1000041410041808004
:10D2800003C10000C1C0804180C1000041000041D5
:10D2900003C103C1C1C1008080A000004141004121
:10D2A000808003C1C1C0804180C1000041110041A4
:10D2B00021C103C1C1C1808080A000004141004163
:10D2C000808003C140C020018240000000000201B4
:10D2D00088C101C1400308C140C100000001000134
:10D2E00040C001C140C02001824000000000840114
:10D2F00004C101C1400920C040C00000000100017C
:10D3000040C001C1000040C1200182400000000077
:10D31000020110C101C1402140C040C10000000114
:10D32000000140C001C140C1200182400000000056
:10D33000020110C101C1402182C040C100000001B2
:10D34000000140C001C10000000000004842000090
:10D35000000000004842811200C84300484200001B
:10D3600000000000484200000000000048420000A9
:10D37000000000004842811200C8430048420000FB
:10D380000000000048420000000000000000484289
:10D390000000000000004842811200C843004842DB
:10D3A0000000000000004842000000000000484269
:10D3B0000000000000004842811200C843004842BB
:10D3C00000000000000048420000000000000000D3
:10D3D000000000000000000000000000000000004D
:10D3E000000000000000000000000000000000003D
:10D3F000000000000000000000000000000000002D
:10D40000000000000000000000000000000000001C
:10D41000000000000000000000000000000000000C
:10D4200000000000000000000000000000000000FC
:10D4300000000000000000000000000000000000EC
:10D4400000000000000000000000000000000000DC
:10D4500000000000000000000000000000000000CC
:10D4600000000000000000000000000000000000BC
:10D4700000000000000000000000000000000000AC
:10D48000000000000000000000000000000000009C
:10D49000000000000000000000000000000000008C
:10D4A000000000000000000000000000000000007C
:10D4B000000000000000000000000000000000006C
:10D4C000000000000000000000000000757B00006C
:10D4D000000000000000000000000000000000004C
:10D4E00000000000000000000000DEAE757B0000C0
:10D4F000000000000000000000000000000000002C
:10D5000000000000000000000000DEAE0000757B9F
:10D51000000000000000000000000000000000000B
:10D52000000000000000000000000000DEAE757B7F
:10D5300000000000000000000000000000000000EB
:10D54000000000000000000000000000DEAE6006E9
:10D5500003000000000000000031E00000000000B7
:10D5600000000C0000000000000000C06006600623
:10D5700003000000000000000031E0000000000097
:10D5800000000C0000000000000000C06006000069
:10D59000600603000000000000000031E000000011
:10D5A000000000000C0000000000000000C0600649
:10D5B000600603000000000000000031E0000000F1
:10D5C000000000000C0000000000000000C0600629
:10D5D0000000000002000000000000090000000040
:10D5E00000000000000002402008000000000000D1
:10D5F00000000010408000400010001000000000FB
:10D6000000000080000800402000000000008800AA
:10D61000000000400008000040100000000004105E
:10D620000504000000000008000020040010400075
:10D6300088001000200000900041C041C10000009F
:10D640000010044000000009008421098800200027
:10D6500020800000000000000000000040000000EA
:10D6600000000000040000000001000000000000B5
:10D6700000000000000000020001000000000000A7
:10D680000200000000400000000100000000000057
:10D6900000000000410000000000840100000000C4
:10D6A0000001200000000000000000000000000059
:10D6B0000000000080008000000200000000400028
:10D6C000000000000001040003000011020000003F
:10D6D0000800001000000000000000000000000032
:10D6E0000000000000000003000000100000000027
:10D6F00000000040000000000000000000000000EA
:10D70000000220000000008000000000000000086F
:10D7100000000002000100080000000800202000B6
:10D720000010011000080000400000100000000080
:10D730000000000000000004000300080085004015
:10D740000208014100050008000800040004000868
:10D750000004000000040082000000000010000827
:10D760000000000000080008000800000008000099
:10D770000000000000000000000800820000000817
:10D78000000800A180880008004000000084008894
:10D790000000000000010003038400820000030079
:10D7A0008008008820000000000800000082008837
:10D7B00000C000880000004000110040008200040A
:10D7C000001080824010008200880084000800C0A1
:10D7D0000000008300100011000002080002001089
:10D7E00001030008C141000088000010000082030E
:10D7F000A040004000000000004100001041000077
:10D800000200000890000021032105210000010012
:10D810000009A008C00500210000C0400040000031
:10D820000010004090889000000588092090202179
:10D8300091402021880802080010020800210241BE
:10D84000000000A100000000018300210103000589
:10D85000104100110200010000080000000000005B
:10D8600000000200098440000000020800020000DD
:10D87000000800010001009000000000000010C03E
:10D88000000082880008020000408208841000081E
:10D8900020A00000000000001100000000010001B5
:10D8A000001002001000004000A0110000088404D5
:10D8B00080084010001000820000000880000082F4
:10D8C00000000010004020C02010401000C02010B8
:10D8D0002108000000C080002002000200000000BB
:10D8E00000000200000000000000010000800000B5
:10D8F00000000300000000004000008090000000D5
:10D900004000000000000000828002000280000051
:10D9100082000000208000000280900000000000D3
:10D9200020000800000020800000C04120C100004D
:10D9300000008484008000800080109140802100DD
:10D940001000000040000404A0000800C0004000D7
:10D950000000C0802100418082000880000000009B
:10D96000000400888000000000000000401000401B
:10D970000000009020900000000000C00010000097
:10D98000009080000000020002000040000480407F
:10D99000008200000000004002A000100010000003
:10D9A0000004008411001108000420000008A008F1
:10D9B00000A040A000032104004000400210881095
:10D9C0002082800203880082000000000000009096
:10D9D00083820082050420C0200400C08804002047
:10D9E00000000200200382000002208800044000A2
:10D9F00000212041010402C100020041A0100000EA
:10DA00000041000008038302001121084004400285
:10DA100000032000008402000041A000C040A008D4
:10DA200000020003000000004002010000000200AC
:10DA300082830040000800C0000800410000100977
:10DA4000001110100311081090C00003A000001076
:10DA50000802000990408403000882218208000522
:10DA60008221004080000008081000088240000168
:10DA70008810000080400201804000010000000189
:10DA8000001000100000080040000908820489010D
:10DA900080890200808200418000100000000000A8
:10DAA00000000000000000000010800002080000DC
:10DAB000030002104000008403040900000000007D
:10DAC00000000000A000A008800000100008110263
:10DAD0002008000000080001001000902000004015
:10DAE00000000000000000000241001000210021A1
:10DAF00000082004020000838821000500000000C7
:10DB000000090241000888008400004100404040B4
:10DB1000002102400205028000410808200801415E
:10DB200082090010000000110002A0100000040093
:10DB30000083A1808305011100A1C1210340409110
:10DB40004140A08320A18811A000A000040400058A
:10DB50000410A011C00590218304A0100005A0119D
:10DB600082898204010520000000000000000000FE
:10DB700000C00000000180000040000000400000E4
:10DB80000000000000000000000000000000000095
:10DB9000000000000001800080404100008400007F
:10DBA00002A0029000010000001000A0040920085B
:10DBB00000100002100810000220034008000800B6
:10DBC000040420C010040204000009000900080039
:10DBD000000000820300030800082002000120C0AA
:10DBE00000820004400020200040000400C000A08B
:10DBF0001100A1001190101011880000000200C057
:10DC0000C0C102C0008290020008010800C000A04C
:10DC1000110200020082000011C0028801200010E1
:10DC2000C0C005C01040C0020000C1C004C0020452
:10DC30009008C0C105C110041009C1C082C004020F
:10DC400084A0C0C082C000041004C1C104C0840507
:10DC5000C008C0C005C0A004A008C0C104C0100412
:10DC60001008C1C140C088041008008000000000F6
:10DC700009009100400088000000910000000300AE
:10DC800000008488009100110009008008800400D1
:10DC9000000091000000050000009180800003005A
:10DCA000000089802080000080000000C08041804A
:10DCB0008080008089C121A180908089C0800380FC
:10DCC000098080008980118040808080C09190917F
:10DCD00000A080828580A08080800080899011854E
:10DCE00091900080C091118300A080820000000903
:10DCF0008002000003048421890280800004002146
:10DD00000009808080008084808380002000048956
:10DD1000C00088009009050220892080000280212F
:10DD2000000400009080A1908203C09000000000D9
:10DD3000808280A08080410021C091908990020063
:10DD4000848884A0C0008004008880C08000110006
:10DD500041828288C10810C180899083841040006C
:10DD6000088291808505088002C191919010100071
:10DD7000100410020000100084880991088200003D
:10DD800000C00004101004004083C0C0C0040000A4
:10DD9000A010110205008200828885401108000150
:10DDA00082880088008404104183C082C141000041
:10DDB00040000282C0C1C04088020383C1C0C1408C
:10DDC00011001183C1C1C18210019083C0C1C00480
:10DDD0008884A082C021C18220034082C0C0C18348
:10DDE00084401182C1C0C14088029082C1C0C1A1DB
:10DDF000C00000000000C000030184010491020182
:10DE000000008200100202C00904010200C0C0C06C
:10DE1000C00100010000C000010004004082038333
:10DE200041000888901002002104000200C120C1B6
:10DE300000010240102100C1C0C1C009012085C0FD
:10DE4000C0C18808082000C1C0C08911829100C0EB
:10DE5000C1C0080400A000C141C10920C00384C0A2
:10DE6000C0C00384002121C0C0C10810009083C03D
:10DE7000C0C100000000000000008204000880040F
:10DE800090080400000000008500C080108005801C
:10DE900080800004000900000009020000008000EA
:10DEA00084C004008000000085000482009100A16D
:10DEB00003C0000105040084008880A04010109079
:10DEC0001084849105090091008289A0021000202D
:10DED0000090828985110921418591C1A003808428
:10DEE000008980852020008310A091918503210561
:10DEF00010C1809180000000008000008010800030
:10DF0000008000090000000000000000802180A1C6
:10DF1000002000800089800080000004008300A0B1
:10DF200000000020000080000080000080809089B8
:10DF300008C008410001800380C080028000C182C7
:10DF40008982058991028011808880820008800082
:10DF500080A08085800091099184C1828891A0A0D1
:10DF600084A0918485C0C090918988098411880219
:10DF70009190C18482820800041088080200020087
:10DF8000201010100001880000000288C000C001AD
:10DF9000C0C082910210020220100890840090C03C
:10DFA000201082880001000004001008C000C0108A
:10DFB000C1C0A18403A00001C000C0C0049008A09B
:10DFC000C110C0C0411008A0C004C0C1040840A1D5
:10DFD000C000C0C004110484C091C1C10408090478
:10DFE000C140C1C104400803C140C1C0050209A02D
:10DFF000C188C1C004110802000000000000000038
:10E00000000000C100000000000000C1000000008E
:10E0100000000000830048420000000000000000F3
:10E02000000000C100006000000000C143000000CB
:10E030000000000083004821000000000000830071
:10E0400048428400008883004842500000888300D2
:10E050004842000000C183004842600000888300FD
:10E0600048120000000083004842500000888300EE
:10E0700048428400028883004842BDF924F9000028
:10E080000000FF00F6096699669959596969996611
:10E0900066990000000000000000F03CF03C000029
:10E0A0000000666699996699996653335333966969
:10E0B0009669000000000000000000000000000061
:10E0C0000000000000000000000000000000000050
:10E0D0000000000000000000000000000000000040
:10E0E0000000000000000000000000000000000030
:10E0F000000000000000000000000000BD6024607F
:10E100000000000000FF09F699669966A6A696969B
:10E11000996666990000000000000000FF66006636
:10E12000000000006669999666999966ACCCACCC03
:10E1300096699669000000000000000000000000E1
:10E1400000000000000000000000000000000000CF
:10E1500000000000000000000000000000000000BF
:10E1600000000000000000000000000000000000AF
:10E17000000000000000000000000000000000009F
:10E18000000000000000000000000000000000008F
:10E19000000000000000431020000088110600006D
:10E1A000000000000000000000000000000000006F
:10E1B000000000000000431020000088110600004D
:10E1C000431020000088110643102000008811062B
:10E1D000431020000088110643102000008811061B
:10E1E000431020000088110643102000008811060B
:10E1F00043102000008811064310200000881106FB
:10E200000F3CFF66C3C3C3C3A6A6A6A60FD4F02BBC
:10E2100095956A6A0000FFFF000000000000000002
:10E220000FFF3C66FFFF00006999966666A566A928
:10E230000F0F665A0F0F0F0F0000000000000000C4
:10E2400000000000000000000000000000000000CE
:10E2500000000000000000000000000000000000BE
:10E2600000000000000000000000000000000000AE
:10E27000000000000000000000000000000000009E
:10E2800000000F3C006653C353C359595959F0F06D
:10E290000F0F95956A6AFFFF000000000000000064
:10E2A00000000F003C666FFF900069999666995ACE
:10E2B00099560F0F99A5F0F0F0F000000000000053
:10E2C000000000000000000000000000000000004E
:10E2D000000000000000000000000000000000003E
:10E2E000000000000000000000000000000000002E
:10E2F000000000000000000000000000000000001E
:10E3000000000000000030000000100240618007A3
:10E31000002D100240618007002D080200610006F8
:10E32000009D000500613006000D1002406180076D
:10E33000002D100240618407002D080200610006D4
:10E34000009D0005000000610006009D00050061C1
:10E3500000828091000500610086809D00050061BB
:10E360000007009D000500650080809900050061A0
:10E370000006009D00050061008480932005006177
:10E3800000808091000500000000000000000000F7
:10E39000000000000000000000000000000000007D
:10E3A000000000000000000000000000000000006D
:10E3B0000000FFFF0000000000000000000004005B
:10E3C0000400FFFFFFFF000000000000010000004C
:10E3D0000000FFFFA0AFBCBF0000000028287D7D2B
:10E3E0000000000000000030FFA07F20282808F86F
:10E3F0000F550F3C0CFC0CFCFF00FF000028F0F850
:10E40000FF4040403000BAAA0000000000000000B9
:10E4100000000000100000000000000000000000EC
:10E4200000000000000000000000000003030000E6
:10E4300000000000FFFF00000000000000000000DE
:10E4400000000000FCFCFCFD0000000000000000DB
:10E4500000000100FEFF00003C3C00000000A0F5B1
:10E46000A0F500000000000000005F007F202828C9
:10E4700000FF0F550F0000F00AFABF15BA10000098
:10E48000F0F0FF0000000000AAAA00000000000059
:10E49000000000000000010001000000000000007A
:10E4A0000000000000080000000000000000000064
:10E4B000400000000000000000000000000000001C
:10E4C000000000000000FFBAFFFF00000000000095
:10E4D000000000003D3CFAFAE0E0E0FF0000000030
:10E4E000F03CAAAA0000000000000000FFFF0000AE
:10E4F000FF7D0303000000003C3C3CBEFF00FFFF2B
:10E5000000AA30BAFFFF020000FF04FF0000000075
:10E5100000000000000000000100010000000000F9
:10E5200000000000000000000000000000000000EB
:10E5300000000000000000000800000000000000D3
:10E5400000000000000000000010FFFF00000000BD
:10E550000000000000000500FAFA202020FF000063
:10E560000000003CAAAA00000000000000003F5F7D
:10E570003050FFFF030300000000000000AAFF006E
:10E580000F0F00AA00AA02000200000004040010FD
:10E59000000000000008000300000009200800102F
:10E5A00000000000001088000008000000000000CB
:10E5B0000000000000100000000000030410000034
:10E5C00000090000000920002000200002000000D7
:10E5D0000000000000080900021020090310880054
:10E5E000000000000000840020402009880384000F
:10E5F00000400000000002002000000820200088E9
:10E600000005001008090505201000100000200971
:10E6100000000000000000000000000000000000FA
:10E6200000000000000000000000000000000000EA
:10E6300000000000000000000000040000000000D6
:10E6400000000000000000008000800080008000CA
:10E650000000008200000000820080008000200195
:10E660000000000000000000008200010000000027
:10E6700000000001000000008000000000C0000059
:10E680000040000000C080C08400090000000000BD
:10E6900085000000000000000000000000000000F5
:10E6A0000000000300000000000000000000000067
:10E6B000000000000000000000000000000000005A
:10E6C00000000000000000800080000000100080BA
:10E6D0000000000100000000000000000000000039
:10E6E0000000000002000000000000000000000028
:10E6F00000840080004000000000000000000000D6
:10E700000000008000000000000000000000000089
:10E7100000800000000000000000008800080010D9
:10E7200000840008000000820008000800840088BF
:10E7300000080000000000080000001000880084AD
:10E74000000000C0000000000002000200080010ED
:10E750000010000000020000008400000000000023
:10E760000040001000000000000000840000008253
:10E7700000C000050004008500C0001000880008EB
:10E78000000000880010004000000084008800089D
:10E79000000000200484000000000021000000416F
:10E7A000200300050000000020002041004100007F
:10E7B00000210021000000000000000000410010C6
:10E7C00020080010200000000000000003100000DE
:10E7D0000008000008000000821100080000000886
:10E7E000002000030021A004000000210108000017
:10E7F0002008004000080008A1800321000500094E
:10E800000000000800058410A00800418300A090CB
:10E8100020000003200400000000000000A000020F
:10E8200000880008001000C000840010001000A044
:10E830000300001011820000000000002000000012
:10E84000000000A0030800842100000000088800E8
:10E850000900000000108008000000000082000095
:10E86000000000000082210008090000008208105A
:10E870000088800000010010009002408200000229
:10E8800000A020C000A003100008001000084000F5
:10E89000002080C000A080C1080800000000000027
:10E8A0000000020000000000000000000000000066
:10E8B000000002000000C000000000000000000096
:10E8C00000000200000000000800040000008800B2
:10E8D0000000080090002000820000002040880016
:10E8E0000000000020000200C0090200102000000B
:10E8F000008000002000008082000980008000006D
:10E90000C080018082000000210020041000000867
:10E91000A000098002000800A0000800000000001C
:10E9200000000000000000000900000000000000DE
:10E9300000000000000800000000000000100000BF
:10E9400000000020000000C00000000000000000E7
:10E950000000000000000000800000000000000037
:10E96000000000A00000820000000000891080006C
:10E9700000000002000083000002001010080040A8
:10E9800000080040204000000082A008800180A014
:10E99000000800400402000800040290800000000B
:10E9A000000800000000A0000000000000000002BD
:10E9B00000000000C0000000000000000000000097
:10E9C0000005000000000080010000800100000040
:10E9D000000000009000008001000108908000030A
:10E9E00090050021C04108028208200000080004B0
:10E9F0000002002100809188004140210840204011
:10EA000000052105200401820000080082000800A2
:10EA10001003C182000290C1C00441A1040001881A
:10EA200000000000000000A0118411A000C00084BC
:10EA30000000001000002084030000C0210000003E
:10EA40000000000020C000A00320040800200420D3
:10EA5000000021A00008000003042008200000049A
:10EA600000000008000003008010110084A000C016
:10EA700009C10008008404104040201080100001EB
:10EA8000838920028200001102400000001004006F
:10EA9000000080080209000108202001C00288004F
:10EAA0002009040000000000000900000000000030
:10EAB000000000110000881100020040000000006A
:10EAC0000002000000000000000002000240000000
:10EAD0000000000000000000001000400040004066
:10EAE0000040000000042005900988052003001163
:10EAF00040214021001000000003002108054010C3
:10EB0000001100090040C000000508000440C0409A
:10EB100040400404000388114009058588404008EE
:10EB20004004A04080000000000000000000000041
:10EB300000000000000000000000000000000000D5
:10EB400000000000000000000000000000000000C5
:10EB500000000000000000000000000000000000B5
:10EB6000000000000000000800000000000000009D
:10EB70000000000000000000000000000000000095
:10EB80000000000000000300110000000000000071
:10EB90000000000000000000000080008202000071
:10EBA00080000001000100C000900000000000C0D3
:10EBB00000900000000000C000900000000000C0B5
:10EBC00000900000000000C000900000000000C0A5
:10EBD00000900000000000080008000800088511EF
:10EBE00000100810C0040000010482100040001052
:10EBF000401101100241840804400182000402080F
:10EC000000A1118802C000011100880801080082DB
:10EC1000C0820004C004100440A0008804202088A2
:10EC20000341002084A1004100800080000000001A
:10EC300000800080000000000080008000000000D4
:10EC400000800080000000000080008000000000C4
:10EC500000800080000000000080108000800080A4
:10EC600021914104808300100000400000000080DA
:10EC70000000899120838020008380804000000074
:10EC80008080001121110004000391000080208089
:10EC900000800000048000008000880004008000E4
:10ECA0000000110205A180020009000000008000A0
:10ECB0008080000000008000808000000000800054
:10ECC0008080000000008000808000000000800044
:10ECD00080800000000080008080080004400480E4
:10ECE00010009000C11111100808000080000041C0
:10ECF000800000008400830211044011880010038A
:10ED000010044100820000049111890300020021D7
:10ED100000048080090009109100850090001021F6
:10ED2000100341048300854111800390000000001E
:10ED30008400C090000000008400C090000000002B
:10ED40008400C090000000008400C090000000001B
:10ED50008400C090000000008400C090010001A168
:10ED600000840004108820880388C101000010007E
:10ED7000A08582A08800A0042088C1118900090014
:10ED8000408584A011C04090C041098811850000D1
:10ED900000840089080888008488A1820800A000F7
:10EDA00002084002C108088204C1891002880000DC
:10EDB0000000009000C000000000009000C00000B3
:10EDC0000000009000C000000000009000C00000A3
:10EDD0000000009000C000000000009000C0820011
:10EDE000000000008200020400881121034100009D
:10EDF000100000000000C00010000088050803C1DA
:10EE000004A00083000405040101008884C082C1BD
:10EE100001000488820803004010001082020301F0
:10EE200040090090401105A140110003409190A1BC
:10EE300000000000008000800000000000800080D2
:10EE400000000000008000800000000000800080C2
:10EE500000000000008000800000000000800080B2
:10EE600000020004001080020009108388080911C4
:10EE70000000800000000000900000040584C088AD
:10EE80008991001100890080049104081003404119
:10EE900084112000800000808200808900210040D1
:10EEA000911180C00020008809C1800805C003823C
:10EEB00080918000000000000000801180000000B0
:10EEC0000000801180000000000080118000000020
:10EED0000000801180000000000080118000000010
:10EEE00000000002800280000002208090910380D8
:10EEF00090100000001080800000800083C011008E
:10EF0000408090400000000000808000C1040304A5
:10EF100004001003800080008000000080040000D6
:10EF2000800000110480850082800204C1098500F0
:10EF3000C10004039000000000000000C001200098
:10EF400000000000C001200000000000C0012000FF
:10EF500000000000C001200000000000C0012000EF
:10EF600000000000040120018200A00010401009F0
:10EF70000384080000001001822002C00800104035
:10EF8000894011840800A0888200A00808000904B4
:10EF9000C1A1C01000000800080008880000020499
:10EFA00002A08440040088C01090088404011182EB
:10EFB00008C0101003000000000043000000000023
:10EFC00000004300000000000000430000000000BB
:10EFD00000004300000000000000430000000000AB
:10EFE000000043000000000000000000000050008E
:10EFF0000288000000000000000000000000420A3B
:10F0000081000088000000000000000000000000F7
:10F010005000008800000000000000C10000000057
:10F0200050000088000000000000000004005000B4
:10F03000500A0088410042000000FFFF000000FF6E
:10F04000000000FF000000FF000000FF000000FFC4
:10F05000000000FF000000FF000000FF000000FFB4
:10F06000000000FF000000FFFCA0FCAF000000005B
:10F07000F0AA3CFFAAAAAABE00007D7D50FA0000BB
:10F080000000EBEBC0FCFAFFF0FFF382F3BE0000E0
:10F090000000FF0000FFF00F0FF055F5AA0AA55A77
:10F0A000A55A61E375F780BC80BC82BE82BE80BC7D
:10F0B000BCBC00000020202020FF0000FFFF00005B
:10F0C00000FF000000FF000000FF000000FF000044
:10F0D00000FF000000FF000000FF000000FF000034
:10F0E00000FF000000FF000000FF0CA00CAF0000BC
:10F0F0000000F0AA3C00A0A0A0B40000282850FA0C
:10F10000000000002828C0FC5055F0FF308230BEBF
:10F1100000020000FA0505FAF00F0FF0AA0A55F5F3
:10F12000A55AA55A20A234B6808080803030F3F3EF
:10F13000003C3C3C00000000202020FFFF000000BD
:10F14000FF000000FF000000FF000000FF000000C3
:10F15000FF000000FF000000FF000000FF000000B3
:10F16000FF000000FF00000000FFFFFFAFAF05053C
:10F1700000000000FCF5FC05AF3CAFAF0000AF7D28
:10F18000AF2800001000FF17C3175C5F3CFF4DFF66
:10F190004D3CF0F0F0F055A5AA5A99A5A5A559A6A1
:10F1A00059A6FFFF00004D4D4D4D5F5C5350DF9E53
:10F1B000CB8A7C2CFFAF04000000FFFFFFFFFF00A5
:10F1C0000000FF000000FF000000FF000000FF0043
:10F1D0000000FF000000FF000000FF000000FF0033
:10F1E0000000FF000000FF00000000FFFFFFBE1452
:10F1F000BE14000000000CF50C05053C05050000E0
:10F20000057D0528000000003C1700175C503C00FD
:10F210004DC34D00F0F0F03355A5AA5A999999992C
:10F2200059A659A60000FFFFFF3CC3000F0C0300C6
:10F230005D1C49087C2C500000000000FFDFFFFF30
:10F24000030203000C0092C0038203000C0092C072
:10F25000038203000C0092C0038203000C0092C0E2
:10F26000038203000C0092C0038203000C0083C0E1
:10F2700000613006000D0000006130808001000157
:10F280000000000030000000000000653080809326
:10F29000000100613006000D10024065808280216F
:10F2A000100240618007002D080200613086800155
:10F2B000200000613046100D00A1006130A29001D5
:10F2C000000000000000000000000000000000003E
:10F2D000000000000000000000000000000000002E
:10F2E000000000000000000000000000000000001E
:10F2F000000000000000003CF0FCFF0C0C0C3CAADD
:10F30000FCFA000000000000000000005D0C5F0F30
:10F3100000003C3C00000000000000000020FFDF77
:10F32000AA3CFAFC00000000000000000000000001
:10F3300000003C3C0C000000FF3CF0AAFFFFFFFF78
:10F340000000AAAA00000000000000000000000069
:10F3500000000000000000000000000000000000AD
:10F36000000000000000000000000000000000009D
:10F370000000000000000000003C003C5D0C5D0C43
:10F380000000F0F0000000000000000000005D0C34
:10F390005500A000BC3C000000000303000000007A
:10F3A000FFFF0000F0F0000000000000000000007F
:10F3B000000000A03CBC00000000003CF0AAFFF7E9
:10F3C000FFFB0030AABA00000000000000000000AF
:10F3D000000000000000000000000000000000002D
:10F3E000000000000000000000000000000000001D
:10F3F000000000000000000000000028F0F85F0F8F
:10F400005500F0FA30BA00000000000000000000D3
:10F410005F3F553C003CFAFE000000003C30FFF02E
:10F4200057550300282828FF0000000000000000B6
:10F4300000000000003C0A3E00000000EBEBC0FCB6
:10F440003E0A3C0000AA00AA0000000000000000E4
:10F4500000000000000000000000000000000000AC
:10F46000000000000000000000000000000000009C
:10F470000000000000000000000000000028F0F87C
:10F480001F1F141400AA30BA000000000000000082
:10F4900000000F0F0000003C0A3E000000003C305E
:10F4A000000055550000000000FF000000000000B3
:10F4B000000000000000003C003C00000000282884
:10F4C000C0FC3C003C0000AA0CAE00000010000094
:10F4D00020100000000000002000000900000000D3
:10F4E00000000008200000000009000000090000E2
:10F4F00020000000000000000000000000000000EC
:10F50000001000002010000088080000000000002B
:10F5100000002000000000000004000004000000C3
:10F52000000984000008201000090208840500007A
:10F530000010210800100009000000808800000968
:10F540008400000500000200000000000000000030
:10F5500000000000000000000000000000000000AB
:10F560000500000000000000000000000000000096
:10F570000000000010000010000000000000020069
:10F58000000000001000000000000000000000006B
:10F590001000000000000000000002000000000059
:10F5A000000000000000000000000000000000005B
:10F5B00000000000401000000000000000020000F9
:10F5C000000000000000000000000000000000003B
:10F5D000000000000000000000000000000000002B
:10F5E000000000000000000000000000000000001B
:10F5F000000000000000000000000000000000000B
:10F6000000000000000000000000000000000000FA
:10F6100000000000000000000000000000000000EA
:10F6200000000000000000000000000000000000DA
:10F6300000000000000000000000000000000000CA
:10F6400000000000000000000000000000000000BA
:10F650000000001000080010000000000008000872
:10F6600000000000000800080008000000080084F6
:10F67000000000000008000000000010000800105A
:10F68000001000000084000800840010001000003A
:10F6900000000000000800100000000000000088CA
:10F6A000000000080000001000080010000000101A
:10F6B000001000080010008800A0008400000090E6
:10F6C0000010004000100088001000100000001022
:10F6D000001000000000000000000000000000001A
:10F6E00000000041000000000000000000000000D9
:10F6F0000000000000000000000000000000020008
:10F7000000030000000000000000000000000000F6
:10F710000000000000000000000800080008A0052C
:10F7200000000000400002419000001000000000B6
:10F7300000000000002100000000830000410041A3
:10F74000000000000010000000000000A003000006
:10F750000000000000A00000000000000000000009
:10F7600000000010000800000000000000C00008B9
:10F7700000820000000000000000000000000010F7
:10F7800000000000001021004110000000080000EF
:10F79000000800840000000800A000840008008227
:10F7A000000000400008001000100008001000A039
:10F7B00000A0000800C0001000C0050810080010DC
:10F7C0000910038403C000C000A000000084008270
:10F7D00000A0000000A000000000000000000000E9
:10F7E0000000000000000000000000000000000019
:10F7F0000000000000000000000000000000000009
:10F8000000000000080000000000000000000000F0
:10F8100000000000000000000000000000000000E8
:10F820000000000000000004400000000000040090
:10F83000000000000400080082000000000000003A
:10F840000000000000000000002100104000080837
:10F8500000000000000008000000000000000000A0
:10F860000000000000000000000000000000000098
:10F870000000000000000000000000000000000088
:10F880000000000000000000000000000000000078
:10F890000000000000000000000000000000000068
:10F8A0000000000000000000000000000000000058
:10F8B0000000000000002000000000000000001018
:10F8C00000000000000000400000000000000000F8
:10F8D0000000000000000000000000000000000028
:10F8E0000000000000000000000000000000000018
:10F8F0000000000000000000000000000008000000
:10F9000000000000000000000800000000000008E7
:10F9100000000000000000000000000000000000E7
:10F9200000000000000000000000000000000000D7
:10F93000000300100400002100000000000000008F
:10F9400000000000000000000011000000000000A6
:10F950000000000000000000000000000040000067
:10F96000000000000000000800000000000000008F
:10F970000000000000000000001000000000000077
:10F98000000000000084000000000000008400006F
:10F99000000000A000A000A000C00310000040086C
:10F9A0000000000000C00084008440080082008441
:10F9B0000084000000C000C000C000082000000853
:10F9C000000000081184000000080000000008A0EA
:10F9D00040A000100084000000C000C00000000033
:10F9E0000000000000000000000000000000000017
:10F9F0000000000000000000000000000000000007
:10FA000000000000000000000200000000000008EC
:10FA100000000000000000210000000000000000C5
:10FA20000000880000000021000000000004000029
:10FA3000002100080000000000410041000000001B
:10FA400000000000000000000000000000000002B4
:10FA50008800000000090000000008000400000207
:10FA60000000000000000000000000000000000096
:10FA70000000000000000000000000000000000086
:10FA80000000000000000000000000000000000076
:10FA90000000000000000000000000000000000066
:10FAA0000000000000000000000000000000000056
:10FAB0000000000000002000000000000000000026
:10FAC00000000000000000004100001000000040A5
:10FAD0000000000000000000000000000000000026
:10FAE0000000000000000000000000000000000016
:10FAF0000000000000000000000000000000000006
:10FB000000000000000000000000000000000000F5
:10FB100000000000000000000000000000000000E5
:10FB200000000000000000000000000000000000D5
:10FB300000000000000000000000000000000000C5
:10FB400000000000000000000000000000000000B5
:10FB500000000001000000000000000000000000A4
:10FB60000000000000000000000000000000000095
:10FB70000000000000000000000000000000000085
:10FB80000000000000000000000000000000000075
:10FB90000000000000000000000000000000000065
:10FBA0000000000000000000000000000000000055
:10FBB0000000000000000000000000000000000045
:10FBC0000000000000000000000000000010000025
:10FBD0000000000000100000000000000000000015
:10FBE0000000000000000000000000000000000015
:10FBF0000000000000000000000000000000000005
:10FC000000000000000000000000000000000000F4
:10FC100000000000000000000000000000000000E4
:10FC200000000000000000000000000000000000D4
:10FC300000000000000000000000000000000000C4
:10FC40000000000000000000000000000000002094
:10FC500000000000000000040000000000000000A0
:10FC60000000000000000000000000000000000094
:10FC70000000000000000000000000000000000084
:10FC80000000000000000000000000000000000074
:10FC90000000000000000000000000000000000064
:10FCA0000000000000000000000000000000000054
:10FCB0000000000000000000000000000000000044
:10FCC00000000000000000000000A0000000000094
:10FCD000000184000000000000000000000000009F
:10FCE0000000000000000000000000000000000014
:10FCF0000000000000000000000000000000000004
:10FD000000000000000000000000000000000000F3
:10FD100000000000000000000000000000000000E3
:10FD200000000000000000000000000000000000D3
:10FD300000000000000000000000000000000000C3
:10FD400000000000000000000000000000000000B3
:10FD50000000100000000000000000000000000093
:10FD60000000000000000000000000000000000093
:10FD70000000000000000000000000000000000083
:10FD80000000000000000000000000000000000073
:10FD90000000000000000000000000000000000063
:10FDA0000000000000000000000000000000000053
:10FDB0000000000000000000000000000000000043
:10FDC0000000000000000000000000000000000033
:10FDD00000000000800000000000000000000000A3
:10FDE0000000000000000000000000000000000013
:10FDF0000000000000000000000000000000000003
:10FE000000000000000000000000000000000000F2
:10FE100000000000000000000000000000000000E2
:10FE200000000000000000000000000000000000D2
:10FE300000000000000000000000000000000000C2
:10FE400000000000000000000000000000000000B2
:10FE500000000000000000000000000000000000A2
:10FE60000000000000000000000000000000000092
:10FE70000000000000000000000000000000000082
:10FE80000000000000000000000000000000000072
:10FE90000000000000000000000000000000000062
:10FEA0000000000000000000000000000000000052
:10FEB0000000000000000000000000000000000042
:10FEC0000000000000000000000000000000000032
:10FED0000000000000000000000000000000000022
:10FEE0000000000000000000000000000000000012
:10FEF0000000000000000000000000000000000002
:10FF000000000000000000000000000000000000F1
:10FF100000000000000000000000000000000000E1
:10FF200000000000000000000000000000000000D1
:10FF300000000000000000000000000000000000C1
:10FF400000000000000000000000000000000000B1
:10FF500000000000000000000000000000000000A1
:10FF60000000000000000000000000000000000091
:10FF70000000000000000000000000000000000081
:10FF80000000000000000000000000000000000071
:10FF90000000000000000000000000000000000061
:10FFA0000000000000000000000000000000000051
:10FFB0000000000000000000000000000000000041
:10FFC0000000000000000000000000000000000031
:10FFD0000000000000000000000000000000000021
:10FFE0000000000000000000000000000000000011
:10FFF0000000000000000000000000000000000001
:020000040003F7
:1000000000000000000000000000000000000000F0
:1000100000000000000000000000000000000000E0
:1000200000000000000000000000000000000000D0
:1000300000000000000000000000000000000000C0
:1000400000000000000000000000000000000000B0
:1000500000000000000000000000000000000000A0
:100060000000000000000000000000000000000090
:100070000000000000000000000000000000000080
:100080000000000000000000000000000000000070
:100090000000000000000000000000000000000060
:1000A0000000000000000000000000000000000050
:1000B0000000000000000000000000000000000040
:1000C0000000000000000000000000000000000030
:1000D000000000000000000000000200000000001E
:1000E0000040000000000000004000000000000090
:1000F0000000000000000000000000000000000000
:1001000000000000000000000000000000000000EF
:1001100000000000000000000000000000000000DF
:1001200000000000000000000000000000000000CF
:1001300000000000000000000000000000000000BF
:1001400000000000000000000000000000000000AF
:10015000000000000000000000000000000000009F
:10016000000000000000000000000000000000008F
:10017000000000000000000000000000000000007F
:10018000000000000000000000000000000000006F
:10019000000000000000000000000000000000005F
:1001A000000000000000000000000000000000004F
:1001B000000000000000000000000000000000003F
:1001C000000000000000000000000000000000002F
:1001D000000000000000000000000000000000001F
:1001E000000000000000000000000000000000000F
:1001F00000000000000000000000000000000000FF
:1002000000000000000000000000000000000000EE
:1002100000000000000000000000000000000000DE
:1002200000000000000000000000000000000000CE
:1002300000000000000000000000000000000000BE
:1002400000000000000000000000000000000000AE
:10025000000000000000000000000000000000009E
:10026000000000000000000000000000000000008E
:10027000000000000000000000000000000000007E
:10028000000000000000000000000000000000006E
:10029000000000000000000000000000000000005E
:1002A000000000000000000000000000000000004E
:1002B000000000000000000000000000000000003E
:1002C000000000000000000000000000000000002E
:1002D000000000000000000000000000000000001E
:1002E0000000000000040008800200000004000874
:1002F000800000000000000000000000000000007E
:1003000000000000000000000000000000000000ED
:1003100000000000000000000000000000000000DD
:1003200000000000000000000000000000000000CD
:1003300000000000000000000000000000000000BD
:1003400000000000000000000000000000000000AD
:10035000000000000000000000000000000000009D
:100360000000000000020200004040000002000007
:1003700000404000000000000000000000000000FD
:10038000000000000000000000000000000000006D
:10039000000000000000000000000000000000005D
:1003A000000000000000000000000000000000004D
:1003B000000000000000000000000000000000003D
:1003C000000000000000000000000000000000002D
:1003D000000000000000000000000000000000001D
:1003E0000000000000000000000990000000000074
:1003F0000008900000000000000000000000000065
:10040000000000000000FFFFFFFFFFFFFFFFFFFFF6
:10041000FFFFFFFFFFFFFFFFFFFFFFFFFFFFFFFFEC
:10042000FFFFFFFFFFFFFFFFFFFFFFFFFFFFFFFFDC
:10043000FFFFFFFFFFFFFFFFFFFFFFFFFFFFFFFFCC
:10044000FFFFFFFFFFFFFFFFFFFFFFFFFFFFFFFFBC
:10045000FFFFFFFFFFFFFFFFFFFFFFFFFFFFFFFFAC
:10046000FFFFFFFFFFFFFFFFFFFFFFFFFFFFFFFF9C
:10047000FFFFFFFFFFFFFFFFFFFFFFFFFFFFFFFF8C
:10048000FFFFFFFFFFFFFFFFFFFFFFFFFFFFFFFF7C
:10049000FFFFFFFFFFFFFFFFFFFFFFFFFFFFFFFF6C
:1004A000FFFFFFFFFFFFFFFFFFFFFFFFFFFFFFFF5C
:1004B000FFFFFFFFFFFFFFFFFFFFFFFFFFFFFFFF4C
:1004C000FFFFFFFFFFFFFFFFFFFFFFFFFFFFFFFF3C
:1004D000FFFFFFFFFFFFFFFFFFFFFFFFFFFFFFFF2C
:1004E000FFFFFFFFFFFFFFFFFFFFFFFFFFFFFFFF1C
:1004F000FFFFFFFFFFFFFFFFFFFFFFFFFFFFFFFF0C
:10050000FFFFFFFFFFFFFFFFFFFF000000000000F5
:1005100000000000000000000000000000000000DB
:1005200000000000000000000000000000000000CB
:1005300000000000000000000000000000000000BB
:1005400000000000000000000000000000080000A3
:100550000008000000000000000000000000000093
:10056000000000000000000000000000000000008B
:10057000000000000000000000000000000000007B
:10058000000000000000000000000000000000006B
:10059000000000000000000000000000000000005B
:1005A000000000000000000000000000000000004B
:1005B000000000000000000000000000000000003B
:1005C000000000000000000000000000000000002B
:1005D000000000000000000000000000000000001B
:1005E000000000000000000000000000000000000B
:1005F00000000000000000000000000000000000FB
:1006000000000000000000000000000000000000EA
:1006100000000000000000000000000000000000DA
:1006200000000000000000000000000000000000CA
:1006300000000000000000000000000000000000BA
:1006400000000000000000000000000000000000AA
:100650000104000000040000000000000000000091
:10066000000000000000000000000000000000008A
:10067000000000000000000000000000000000007A
:10068000000000000000000000000000000000006A
:10069000000000000000000000000000000000005A
:1006A000000000000000000000000000000000004A
:1006B000000000000000000000000000000000003A
:1006C000000000000000000000000000000000002A
:1006D000000000000000000000000000000000001A
:1006E000000000000000000000000000000000000A
:1006F00000000000000000000000000000000000FA
:1007000000000000000000000000000000000000E9
:1007100000000000000000000000000000000000D9
:1007200000000000000000000000000000000000C9
:1007300000000000000000000000000000000000B9
:1007400000000000000000000000000000000000A9
:100750000000000000000000000000000000000099
:100760000000000000000000000000000000000089
:100770000000000000000000000000000000000079
:100780000000000000000000000000000000000069
:100790000000000000000000000000000000000059
:1007A0000000000000000000000000000000000049
:1007B0000000000000000000000000000000000039
:1007C0000000000000000000000000000000000029
:1007D0000000000000000000000000000000000019
:1007E0000000000000000000000000000000000009
:1007F00000000000000000000000000000000000F9
:1008000000000000000000000000000000000000E8
:1008100000000000000000000000000000000000D8
:1008200000000000100000000000000000000000B8
:1008300000000000000000000000000000000000B8
:1008400000000000000000000000000000000000A8
:100850000000000000000000110000001000410036
:100860000000000000000000000000000000000088
:100870000000000000004000000000000000000038
:100880000000000000000000000000000000000068
:100890000000000000000008000000000000000050
:1008A00000000000000080000000000000000000C8
:1008B0000000000000000000000000000000000830
:1008C0000000000000000000000800000000000020
:1008D00000000000000000000000A0000000000078
:1008E00090840000000000000000000800000000EC
:1008F00000820000000000008000000000000008EE
:100900000000000000000000000000820008000855
:1009100000080000000000000000000000000000CF
:1009200000000000000000000000000000000000C7
:1009300000000000000000000000000000000000B7
:1009400000000000000000000000000000000000A7
:100950000000000000000000000000000000000097
:100960000000000000000000000000000000000087
:10097000000200080000000000000000000300006A
:100980000000000000000000002120000021000005
:1009900000000000000090000008000000000000BF
:1009A0000000000000000000000000000000000047
:1009B0000000000000000000000000000000000037
:1009C0000000000000000000000000000000000027
:1009D0000000000000000000000000000000000017
:1009E0000000000000000000000000000000000007
:1009F00000000000000000000000000000000000F7
:100A000000000000000000000000000000000000E6
:100A100000000000000000000000000000000000D6
:100A200000000000000800000000000000000000BE
:100A300000000000000000000000000000000000B6
:100A4000000000000008000000000000000000009E
:100A50000000000000000000000000000000000096
:100A60000000000000210021000000000000000044
:100A70000000000000000000000000000000000076
:100A80000000000000000000000300000000000063
:100A9000000000000000000400000008000000004A
:100AA0000000000000000000000000000000000046
:100AB0000000000000000000000000000000000036
:100AC0000000000000000000000000000000000026
:100AD0000000000000000000000000000084000092
:100AE0000000000000000000000000000000050001
:100AF00000000000000000000000000000000000F6
:100B0000000000A000000008000000080082410072
:100B1000008200A00000000000A000000000000013
:100B200000000000000000000000000000000000C5
:100B300000000008000000000000000000000000AD
:100B400000000000000000000000000000000000A5
:100B5000000000000000000000000000000088000D
:100B6000000000020000000000000000000000057E
:100B70000000000000000003000800000011000059
:100B80000000000000000002000802030000000056
:100B900000080008004000110011000800000000DB
:100BA0000000000000000000000000000000000045
:100BB0000000000000000000000000000000000035
:100BC0000000000000000000000000000000000025
:100BD0000000000000000000000000000000000015
:100BE0000000000000000000000000000000000005
:100BF00000000000000000000000000000000000F5
:100C000000000000000000000000000000000000E4
:100C100000000000000000000000000000000000D4
:100C200000000000000000000000000000000000C4
:100C300000000000000000000000000000000000B4
:100C400000000000000000000000000000000000A4
:100C50000000000000000000000000000000000094
:100C6000000000000000000000000000000800007C
:100C70000000000000000003002100080000000048
:100C800000030000000000050000840000000008D0
:100C90000000000000000000000000000000000054
:100CA000000000000000000800000000000000003C
:100CB0000000000000000000000000000000000034
:100CC0000000000000000000000000000000000024
:100CD000000000000000000000000000000000080C
:100CE00000000000000020000000000005000000DF
:100CF00000000000000000000000000000000000F4
:100D000000000000000000820082050005000008CD
:100D1000000000002100008200000500000000002B
:100D2000008400000000000000000000000000003F
:100D300000000100000000000000000000000000B2
:100D400000000000000000000000000000000000A3
:100D50000000000000000000000000000000000093
:100D60000000000000000000000000000000000083
:100D7000000008000000000000000000000000006B
:100D80000000000000000000000000000000000063
:100D90000000000000000000000000000000000053
:100DA0000000000000000000000000000000000043
:100DB0000000000010000000000000000000000023
:100DC0000000000000000000000000000000000023
:100DD0000000000000000000000000000000000013
:100DE0000000000000000000000000000000000003
:100DF0000000000091000000000000000000000062
:100E000000000000000000000000000000000000E2
:100E100000000000000000000000000000000000D2
:100E200000000000000000000000000000000000C2
:100E300000000000000000000000000000000000B2
:100E400000000000000000000000000000000000A2
:100E50000000000000000000000000000000000092
:100E60000000000000000000000000000000000082
:100E700000000000000000008000000000000011E1
:100E800080000000000000090000000000000002D7
:100E90000000000000000000000000000000000052
:100EA0000000000000000000000000000000000042
:100EB0000000000000000000000000000000000032
:100EC0000000000000000000000000000000000022
:100ED0000000000000000000000000000000000012
:100EE0000000000000000000000000000000000002
:100EF00000000000000000000000080000000000EA
:100F000000000800000000000000000000000000D9
:100F100000000000000000000000000000000000D1
:100F200000000000000000000000000000000000C1
:100F300000000000000000000000000000000000B1
:100F400000000000000000000000000000000000A1
:100F50000000000000000000000000000000000091
:100F60000000000000000000000000000000000081
:100F70000000000000000000000000000000000071
:100F80000000000000000000000000000000000061
:100F90000000000000000000000000000000000051
:100FA0000000000000000000000000000000000041
:100FB0000000000000000000000000000000000031
:100FC0000000000000000000000000000000000021
:100FD0000000000000000000000000000000000011
:100FE0000000000000000000000000000000000001
:100FF00000000000000000000000000000000000F1
:1010000000000000000000000000000000000000E0
:1010100000000000000000000000000000000000D0
:1010200000000000000000000000000000000000C0
:1010300000000000000000000000000000000000B0
:10104000001100000000000000000000000000008F
:101050000000000000000000000000000000000090
:101060000000000000000000000000000000000080
:10107000000000000000000200000000000000006E
:101080000000000000000000000000000000000060
:101090000000000000000000000000000000000050
:1010A0000000000000000000000000000000000040
:1010B0000000000000000000000000000000000030
:1010C0000000000000000000000000000000000020
:1010D0000000000000000000000000000000000010
:1010E0000000000000000000000000000000000000
:1010F00000000000000000000000000000000000F0
:1011000000000000000000000000000000000000DF
:1011100000000000000000000000000000000000CF
:1011200000000000000000000000000000000000BF
:1011300000000000000000000000000000000000AF
:101140000000880000000000008100000000000096
:10115000000000000000000000000000000000008F
:10116000000000000000000000000000000000007F
:1011700000000000000000000000000000060088E1
:10118000410000000000000000000000000000001E
:10119000000000000000000000000000000000004F
:1011A000000000000000000000000000000000003F
:1011B000000000000000000000000000000000002F
:1011C000000000000000000000000000000000001F
:1011D000000000000000000000000000000000000F
:1011E00000000000000000000000000000000000FF
:1011F00000000000000000000000000000000000EF
:1012000000000000000000000000000000000000DE
:1012100000000000000000000000000000000000CE
:1012200000000000000000000000000000000000BE
:1012300000000000000000000000000000000000AE
:101240000000000000000000000014018000000009
:10125000000000000000000000000000000000008E
:10126000000000000000000000000000000000007E
:10127000000000000000000000000000000000006E
:1012800000100081000100000000000000000000CC
:10129000000000000000000000000000000000004E
:1012A000000000000000000000000000000000003E
:1012B000000000000000000000000000000000002E
:1012C000000000000000000002000000000000001C
:1012D000000000000000000000000000000000000E
:1012E00000000000000000000000000000000000FE
:1012F00000000000000000000000000000000000EE
:10130000000002000000000000400000000000009B
:1013100000000000000000000000000000000000CD
:10132000004000000000000000000000000000007D
:1013300000000000000000000000000000000000AD
:101340000000000000000000000000000000100489
:10135000000000000000000000000000000000008D
:10136000000000000000000000000000000000007D
:10137000000000000000000000000000000000006D
:1013800000000000000040200602000000000000F5
:10139000000000000000000000000000000000004D
:1013A000000000000000000000000000000000003D
:1013B000000000000000000000000000000000002D
:1013C000000000000000000000000000000000001D
:1013D000000000000000000000000000000000000D
:1013E00000000000000000000000000000000000FD
:1013F00000000000000000000000000000000000ED
:1014000000000000000000000000000000000000DC
:1014100000000000000000000000000000000000CC
:1014200000000000000000000000000000000000BC
:1014300000000000000000000000000000000000AC
:10144000000000000000000000000000000000009C
:10145000000000000000000000000000000000008C
:10146000000000000000000000000000000000007C
:10147000000000000000000000000000000000006C
:10148000000000000000000000000000000000005C
:10149000000000000000000000000000000000004C
:1014A000000000000000000000000000000000003C
:1014B000000000000000000000000000000000002C
:1014C000000000000000000000000000000000001C
:1014D0000000000400000000000000000000000008
:1014E00000000000000000000000000000000000FC
:1014F00000000000000000000000000000000000EC
:1015000000000000000000000000000000000000DB
:101510000000000000040000800000000004000043
:1015200080000000000000008000000000000000BB
:1015300000000000000000000000000000000000AB
:10154000000000000000000000000000000000009B
:10155000000000000000000000000000000000008B
:10156000000000000000000000000000000000007B
:10157000000000000000000000000000000000006B
:1015800000000000000000000000000000800000DB
:101590000000010000020000000040000002000006
:1015A00000004000000200000000000000000000F9
:1015B000000000000000000000000000000000002B
:1015C000000000000000000000000000000000001B
:1015D000000000000000008180000000000000000A
:1015E00000000000000000000000000000000000FB
:1015F00000000000000000000000000000000000EB
:1016000000000000000000000000000000000000DA
:101610000909000000000000000090000000000028
:101620000000900000000000000810000000000012
:1016300000000000000000000000000000000000AA
:10164000000000000000000000000000000000009A
:10165000000000000000000000000000000000008A
:10166000000000000000000000000000000000007A
:10167000000000000000200020001000100000000A
:10168000000000000000000000000000000000005A
:1016900000009000000000000000000000000000BA
:1016A000000000000000000000000000000000003A
:1016B000000000000000000000000000000000002A
:1016C000000000000000000000000000000000001A
:1016D000000000000000000000000000000000000A
:1016E00000000000000000000000000000000000FA
:1016F00000000000000000008000800080008000EA
:1017000000000000000000000000000000000000D9
:1017100000000000000000000000000000000000C9
:1017200000000000000000000000000000000000B9
:1017300000000000000000000000000000000000A9
:101740000000000000000000000000000000000099
:101750000000000000000000000000000000000089
:101760004000000000000000000000000000000039
:101770000000000000000000000001000100010066
:1017800001001000100020000100000000200000F7
:10179000000400030003000300000000000000003C
:1017A0000000000000000000000000001100110017
:1017B00021090108000000080008000000080108D5
:1017C00000004100020002030800080400000000BD
:1017D00010110000000000000000000000000000E8
:1017E0000000800000000000000000000000000079
:1017F00000000000000000000000000010001000C9
:1018000020002000800080008000200800000001EF
:1018100000000000000300000000000000000000C5
:1018200000000084000000000000000000088200AA
:10183000820088000884000000000004000000848A
:1018400020000008A00080008008800880080000B8
:10185000000000080004000000000000000000007C
:101860000000000000000000000000000000000078
:101870000000000000000000000000110000000057
:101880000008000800000000000000000000000048
:101890000100000020000000000500000108000316
:1018A00000000005000900000040004000050000A5
:1018B00001000000004000000008000000000000DF
:1018C000012100050000000800050003000290113E
:1018D00000080002000900040000000000000000F1
:1018E00000000000000000000000000000000000F8
:1018F00000000000000000000000000000000000E8
:1019000000000001000100000000000000000000D5
:101910000000100000008000000000000000100027
:1019200000000000000000000000000100010000B5
:101930000000100040000008000800000000000047
:101940000000400000840000000000000000008251
:101950000000004000000000000000000000000047
:101960000000000000000000000000000000000077
:10197000000202000100C0000100000000000000A1
:101980000100000000000008000001000105A14165
:101990000100022000A000A000A000000180118032
:1019A00083000100098800050021090000000008EB
:1019B0008400000000000103000800000005000092
:1019C0000100890201040108012101000103010055
:1019D000000801000040000000100010000000009E
:1019E00000000000000000000000000000000000F7
:1019F0000000000180000200000002000000000062
:101A000000000200000000000300050002000200C8
:101A100008000800800100090021000300001004F4
:101A2000A02010001000100808000800200000A0EE
:101A30004100030800820300100000820300100030
:101A400008A00800080902010200080008A020847C
:101A50002000000020A000C1418200010001000020
:101A60000000000000000000000000000100000075
:101A70000000000040020000000002000000020020
:101A80000200000020002004000000000008000008
:101A90000000A0410000000002009005900000003E
:101AA000002000042000020200002000200320008B
:101AB0002000000882000040400040009008000024
:101AC0001040400840000200200020022021200495
:101AD0000208212121000008000320A00000C040CE
:101AE00000000000000000000000000000001000E6
:101AF00000000000000080010000000080000000E5
:101B000080008000000000000001000000000001D3
:101B100000000000000000000000C1000000000004
:101B200000000001000180008000000080008000B3
:101B30008000000000000000000102000000000022
:101B40000000800180008000000080008000800094
:101B50008000000110009000000100000002000061
:101B60000000000000000000000000000000000075
:101B70000000000000000021000000000000000044
:101B800000000000C000020000000200010482000A
:101B900000000080010001000100000000A102A17E
:101BA0000308000000880280C02120080108008886
:101BB00001081000000000080040000000000000C4
:101BC00001080100102141210105C000400500214C
:101BD000C003000800210008000300050005008282
:101BE00000030005000000000000000000000000ED
:101BF00000000000000000000000000800000000DD
:101C00000000000000400000800000008000020191
:101C100000000082000810002000200800000008DA
:101C20008004C00000000005800803008001200837
:101C300041091009A1004100000000012108000035
:101C40000000200820008008820840081100900849
:101C50000000000841000090410000001108000051
:101C6000004100000008000000000000000000002B
:101C7000000000000000000000000000000000C0A4
:101C800000880000000000C000000010000000C13B
:101C9000000020000001C0C009C00802020800C006
:101CA000010090000008000001C1000800010000D0
:101CB00001C101000201008900C000000002000013
:101CC000C1C003C088081002C0C004C04008020898
:101CD000C0C008C008028408C1C110C01104900926
:101CE000C0C010C00002100800000000000000008A
:101CF00000000000000000000000000000000000E4
:101D000000800000000000000080000000000000D3
:101D100040C100218320000891808980900080804C
:101D20000080100080000080000009C121800310A5
:101D3000001011C10820850900900080000000807B
:101D40000000C0800980208080008880038000809F
:101D500000809091A09021900082C0C100800282FA
:101D6000008890800080000080800000000000005B
:101D7000000000000000000000080000000000005B
:101D80000000000000000000800000008000000053
:101D90008000008010000980C10000054182889108
:101DA000C10080000000001080000000030003005C
:101DB0000980C105008020210800C1000000000347
:101DC00000008000110090029180C1809000A088E6
:101DD0008880C11120040382A09188808085888238
:101DE0009191C108808080888090808800000000E8
:101DF00000000000000000000000000100000000E2
:101E000000000000000000000000C0000000100002
:101E10000000C000000290000190C10010009082FC
:101E2000C1C1C108080000880000C0020000000015
:101E300000900190C100888800000100C1000000EE
:101E400040000000C00088000890C1C0C1020388A3
:101E50001083C0C0C108A0009082C0C0C04008026A
:101E60004182C1C0C10808401083C0C0C041000009
:101E70000000000000000000000000000000000062
:101E800000000000000000000000000200C0000090
:101E90000008000000C088000000208401C1038801
:101EA000009104C1C1C100010000081100C100017E
:101EB00001000000108401C100000090000000C17A
:101EC00000000000008200C00208000800C1C1C17B
:101ED00008A1002100C1C0C008A1209100C141C0DB
:101EE0000208C01000C1C1C18808002000C0C0C0E5
:101EF00000000000000000000000000000000000E2
:101F00000000000000200000000000000000008031
:101F100000000080000000808010000505A011C1B5
:101F200040000008808591C11110001180A010C1EF
:101F3000000320032102059011C1001105A000003B
:101F400000C10000000000000080049000800085B7
:101F500091C18409008800A183888410820810A19F
:101F6000C08511919083038591C104800080008019
:101F70008080000000000000000000110000000050
:101F80000000000000000000000000000000000051
:101F900000008000800000000000C18020000300DD
:101FA0000809808880A100848011000000030000DF
:101FB00000000001C182100010804000C1A0210972
:101FC000100009038000000000000000808080886D
:101FD0008084000090118983881091008091808511
:101FE00080888020C1889189C1C0808382119184BA
:101FF0000390888000000000000000000000000046
:1020000000000000000000000000000000000200CE
:1020100000880000C000100000000000C140000067
:1020200000000101C088C0C00202080200000001D7
:10203000000088000001C140010000080000C1C08C
:10204000000101000101C000000000000000C08884
:10205000C0C0081002C0C090C0C109020888C004F6
:10206000C0C010090804C103C1C004080802C000B0
:10207000C0C1021009020000000000000000008141
:10208000000000004200000000000000000000000E
:102090000000000000000000000000000000000040
:1020A00000C800000000840000C8830048424106C8
:1020B00000C8430000000000000600C84302000002
:1020C000000000C800004200000000000000000006
:1020D000600000C8830048420000000083004842BE
:1020E000000000C183004842000000C18300484254
:1020F00000000000830048420000000000000000D3
:1021000000000000000000000000000000000000CF
:10211000FF00FF00FF000000FF000000F0F00000E3
:1021200066660000FF0000000000000000000000E4
:102130003C3C3C3CFF000000000066660000FF00E5
:102140000000FFFF0000F0F00000FFFF0000FF00B4
:10215000000000000000000000000000000000007F
:10216000000000000000000000000000000000006F
:10217000000000000000000000000000000000005F
:10218000000000100000000010020000000000002D
:102190000000FF00FF00FF000000FF000000F0F063
:1021A000000066660000FF00000000000000000064
:1021B00000003C3C3C3CFF00000000006666000064
:1021C000FF00000000000000F0F000000000000030
:1021D000FF00000000000000000000000000000000
:1021E00000000000000000000000000000000000EF
:1021F00000000000000000000000000000000000DF
:102200000000000000002C0800000000000000009A
:1022100000000000000000000000000000000000BE
:10222000000000000000000000000000431020003B
:1022300000881106000000000000000000000000FF
:10224000000000000000000000000000000000008E
:102250000000000000004310200000881106431019
:10226000200000881106431020000088110643104A
:10227000200000881106431020000088110600008D
:10228000000000000000000000000000000000004E
:10229000000000000000000000FF0000FFFF000041
:1022A0000F0F00000F0F0000FFFFFFFFF0F0000016
:1022B00000000000000000003C3C00003C3C00002E
:1022C000000000FF0000FFFF00003C3C00003C3C21
:1022D00000000F0FFFFFF0F0000000000000000002
:1022E00000000000000000000000000000000000EE
:1022F00000000000000000000000000000000000DE
:1023000000000000000000000000000000000000CD
:102310000000000000000000000000FF00000000BE
:1023200000000F0F00000F0F00000000FFFFF0F093
:10233000000000000000000000003C3C00003C3CAD
:102340000000000000FF0000000000003C3C000016
:102350003C3C00000F0FFFFFF0F000000000000009
:10236000000000000000000000000000000000006D
:10237000000000000000000000000000000000005D
:102380000000000000000000000000000019100024
:10239000000000610006000D0000400280000020E7
:1023A0009202408280000020920240828001002040
:1023B000820200600007C090000545638A3EC5297F
:1023C00092A2000045828A31002092024082800160
:1023D00000209202408280000020820200600007FC
:1023E000C090000500610006009D00050061000727
:1023F000009D0005006100010091000500610006DC
:10240000009D00050000000000000000000000002A
:102410000000800000000000FF00FF00000000003E
:102420000000000000000000000000000300410068
:1024300000C0008200000000FAFAA0AF0000000017
:10244000D8D828D70000003000F0FCFFC3000050AF
:10245000003000000000000000000000000000004C
:102460000000BEBE28EB000008003CFCBEFE0000E1
:102470000000BEFFFEFFFFF0F5F5B4B414BE00008F
:10248000000000000000000000000000000000004C
:1024900000000000000000000000FF00FF0000003E
:1024A0000000000000000000000000000000030029
:1024B000410000C00082000000000A0AA0AF000036
:1024C0000000F0F028D7000000300000FCFF000002
:1024D000005000300A0A0C0C000000000000000050
:1024E00000000000828228EB0000000000F0AAFA41
:1024F000000000003CFFFCFF0F000505B4B414BE53
:10250000004000000000000000000000000000008B
:102510000200000000000040000000000000000079
:1025200000000000000000000000000000000000AB
:10253000030303000A0A000F00000000AAFFF0AA2C
:1025400000000000000000000000C0C0404000008B
:102550000000000300410A000F000000000000001E
:10256000000000000000FCFC303F0000000000C044
:1025700000000000000030FFBAFF1E1E5F5FFAFA85
:102580000AFA000000000000000000000000000047
:10259000000000000000000000000000000000003B
:1025A000000000000000000000000000000000002B
:1025B0000000000003000000000000000000AA006E
:1025C000F0AA0000000000000000000000004040F1
:1025D0000C0C000F000300410A0000000000000086
:1025E00000000000000000000C0C303F0000000064
:1025F00000000300000800003030BABA1E1E0A0AAC
:102600000A0A0AFA000000000000000000000000B2
:10261000000000000000000000004000000000007A
:10262000000000000000000000000000008000002A
:10263000000000001000100020002000000000003A
:10264000000000000000000000000000000020006A
:10265000000000000000200000000000000000005A
:1026600000000000040000000000840000000000E2
:10267000000000000000000000000000000000005A
:10268000000000102000000000000000000000001A
:1026900000000000000000000000000080000000BA
:1026A00000000000000000000000000000000040EA
:1026B000000000000000800080008000800000001A
:1026C000000000000000000000000000000000000A
:1026D00080000000000000008000000000000000FA
:1026E00000000000000000000000000000000000EA
:1026F00000000000000000000000000000000000DA
:1027000000000000000100000000000000000000C8
:102710000000000000004100000000000000100068
:1027200000000000000000000000000000000000A9
:102730000000000000030000000000200000000076
:1027400000000000000300000000400000900200B4
:1027500000030004200421002104000011000000F7
:102760000100040021000100210300800500010098
:10277000010000002100000001000200000000052F
:102780000000000000000000000000000000200821
:1027900000020000000000009000000000000000A7
:1027A0008000000000000000000000000000100099
:1027B0000000000000000000000000000001000810
:1027C000000000000000000000080000800021055B
:1027D0008000000200018001A08482090000A000A6
:1027E0000082200000009000100090080040A0002F
:1027F000100010000008900000002088808400086D
:1028000000000008000000080008000800080000A0
:1028100000000001000000000000000000000000B7
:1028200000000000000000000000000000000000A8
:1028300000000000000000080008012100400080A6
:102840000004000400000000000400210008000053
:102850000000000000000003008500050021008446
:1028600000890184000800040021000800210008FC
:1028700000040009004101000011000000080041AF
:1028800000090020000900000000000800000040CE
:102890000008000300090000000000000000000024
:1028A00000004100000000000000000000000000E7
:1028B00000000000000000000001210110000001E4
:1028C00000080089008300840000000000880000E8
:1028D00000840000000000000000414000000040B3
:1028E0000009000810410003000000004100002022
:1028F00000011101000000002088020041000000DA
:102900000884000000080010000800C0002000003B
:10291000000400080804008200000000000000001D
:1029200000000000C00000000200000002000000E3
:102930000200100020000100100020802000C008CC
:1029400004030000040300000000000040410000F8
:1029500000800004008201050000000000218800C2
:102960000005090008080803091100004000C00024
:102970000000A188C0881000C0C19000000088003D
:102980000000008001040008010200090008102175
:1029900000400040004000110082000000000000E4
:1029A0002000000000000000000080000000800007
:1029B00000A0800080008300200080008040800014
:1029C00020008000000080000800000000000000DF
:1029D00000A000040001000304000000000000004B
:1029E00000A0200020C00000000010C00000000077
:1029F000000000A0200500091102000400000000F2
:102A00000000090000044001000920010000000846
:102A100080A000A1000100A1080800410000000002
:102A20000000400000000000000000000000000066
:102A3000000002001000000002000004200410004A
:102A40001000200801000000C0000000000040410C
:102A5000A02020414021002140808480000000000F
:102A6000100282000000000000000180A00410009D
:102A70002008200200000000000000842000080060
:102A80002000008010000000200020042100000829
:102A900000042020200800000004000900050000B8
:102AA00000000000800000000000000000020000A4
:102AB0000000000080008000000080A000A18001D4
:102AC00080008200800110A00000000000000200D1
:102AD00000900082800003C00002800220020000FB
:102AE00021C0C1000000000000000000024000A161
:102AF000808480008000000004080000000580C081
:102B000040088008000889C02000800080029010E2
:102B10000085008483008009000800C00000400890
:102B200000000000000000000000000000000000A5
:102B3000000002000000000000000200820400000B
:102B400000004004A021400000408200A000C0001E
:102B50000000000900090000020800020121002114
:102B600000000021880800004020004100044008C7
:102B7000902120080008400800088221820240219C
:102B8000000810089008200000000000001141001B
:102B900040000008208800090000000240080100F1
:102BA00040080000000000000000000000000008D5
:102BB0000000090080000000000800008000000103
:102BC0000000000000010008000000910000000863
:102BD00000000900008400000008800000010400DB
:102BE000000000000008008900A080090008009192
:102BF00000C109088901000100C1000900A000C04E
:102C0000000000918009009180A0000020000900D0
:102C100020A0090009008041000000040000000815
:102C2000020000080000000000000000000000009A
:102C30000000000000C000000008000000C0008884
:102C40004000000000C10200040000010200010079
:102C50000100000002C04002008200084103A09170
:102C6000008900910000000821100182000208C1C3
:102C700001832009000941C11100004182A04101E6
:102C800001001000000141C10140908400838321B4
:102C900088900890C002114108210104080400C076
:102CA000000200100008000000000000000000000A
:102CB0000000000000000080000000800000008094
:102CC00000800900000040C18021820500038000CF
:102CD0000300080000000080000010800080C1890F
:102CE0008008082000030000000008001080008019
:102CF00083C109084185008891C109210983000029
:102D0000914109020241004091C10921409000080F
:102D100011410821090080049141894021C180802E
:102D20000000008000800080000000000000000023
:102D30000000000000000000000080000000800093
:102D4000000082000300C100098000000980C1006A
:102D5000200082000500C10000008000008080008B
:102D60000900830282C09111000000090020008444
:102D70000000008041020811C189100008009191F3
:102D8000C189111100008240C10980000821111180
:102D9000C1894080058803112083808082081180CA
:102DA00041000000000500000000000000000000DD
:102DB0000000000000000000000000001000000003
:102DC000C000000010000000C100000800000190D9
:102DD000C100910008000000C182A00002000010A4
:102DE000C00010002021A08408830000000000081B
:102DF0000085000800C0A0000311C1119000000070
:102E00008521C1090000A0000400C10104020100E5
:102E1000A101C1890810888310404083900210905E
:102E200003842182820088840208041000000000CC
:102E30000000000000000000000000000000000092
:102E4000000200C000000008000101C1880000016C
:102E5000048401C100100010104000C10040004077
:102E6000400883C008400004011188C10000C00070
:102E700002000001200182A0000903C101C18200FB
:102E80000008888503C100080008839101C1002162
:102E90000183052003C1888920400903898908101E
:102EA0000004019109110000000202000008000066
:102EB0000000000000000000000000000000000012
:102EC00000000000008000020085000509C18009A3
:102ED0000040C1C011C111020005800500C1000001
:102EE00000800080038000000000402100030000FB
:102EF000800200100008094100004188090511C145
:102F000010084182C18591C100800082090511C16C
:102F100000081083890091C10010822009A10305D7
:102F200000040903090511C102110080000000809E
:102F30000000000000000000000000000000000091
:102F4000000000000000000080008040000000033E
:102F5000C18905000580400900030080008000054C
:102F60008000800900008000000283080000091032
:102F700000000008800800000000C1908811218036
:102F80001110C188210010808300418002110300CC
:102F90000441C182894088098303C19110099110BD
:102FA00008204180091103801041000980800080C1
:102FB0008000000000000000000000000000000091
:102FC00000000000020000000000C08810000000A7
:102FD0000001C140000000020001000000200008C4
:102FE0000000C00004C002400400088920A082C084
:102FF000880000001001200090008800C18805A111
:1030000000408200C188A04088040400018800A11B
:1030100001400001C18904834121840105C082204F
:1030200004A089008302828983100801C000102057
:103030000010080000000000000000000000000078
:10304000000000000000000000000000000000C8B8
:1030500000000000000000C800000000000000C8E0
:1030600043000000410000C800000000000000C84C
:10307000430060000000500600C84300600060008C
:1030800000C800008100410000C80000000084006A
:1030900000C843000082840000C800000000000057
:1030A00000C100005082000000C1000000110000BB
:1030B0000000000000000000000000000000000010
:1030C00000000000000000FF00FF000000FF000003
:1030D00000FF0000F0F00000AAAA000000FF0000BE
:1030E0000000828B09600C1D1122F4100960EBEBCB
:1030F00030F3F0F0F0D800003C3C00FF000000008E
:1031000000140069141D0960141D0960F55000A524
:103110000000000002CB8124C0C00033045D1122F6
:1031200082BE82BEBEBE30F3B2B2B2B204000000B4
:1031300055555569F0F00F0F000000000000000029
:10314000000000000000000000FF00FF000000FF82
:10315000000000FF0000F0F00000AAAA000000FF3D
:1031600000000000828B09600C1D1122F410096020
:10317000282830F3F0F0F0D80000F0F0AAAA000000
:10318000000014FF6900141D0960141D09605050EF
:10319000A5000000000002CB8124C0F33300045DD1
:1031A0001122C0C0FCFC828230F300C33CFF00004F
:1031B0000000AAAAAA96F0F00F0F0000000000007D
:1031C000000000000000000000000F0F00000F0FC3
:1031D0000000FF0000000F0F0000FFFF00000000D4
:1031E000FFFFFFFFFFFF242450504488034724249F
:1031F0008B8BBE14BE14693C5A0F00005FFC5F0C41
:10320000FFFFFFFF0C30F3C0055000054444B8B881
:103210001428C3D7FFFFFFFF0550FAA00690F8203F
:10322000960028FF7D7D2828FDF55D552D2D2D2D3F
:103230009696969633CC0CF3C3C33C3C000000003A
:103240000000000000000000000000000F0F000060
:103250000F0F0000FF0000000F0F00000000000033
:10326000FFFFFFFFFFFFFFFF818174744488034766
:1032700081810A0AAFAF05053C3C0F0F000050FCEE
:10328000500CFFFFFFFF03C0F0000AA0555F8888C5
:10329000303041820041FFFFFFFF0AA0F00006909E
:1032A000F820009600285F0A5F0AA8A00800FFAA7D
:1032B00055006669696933CC0CF33C63C39C00001C
:1032C00000000000000000000000000000004002BC
:1032D00080000020920240E280070020920240829B
:1032E0008001002082020560070705A0920000E32C
:1032F0000007C00D8A0000613009001500000000C1
:103300000061303FC00D10D660820001C000920005
:1033100000820001C0008A0000000701C0A09200E6
:1033200000820001C0008A000021000300CD0000DF
:10333000002130010001100240618006002D1002C2
:10334000000000090000000000000009000000006B
:1033500000000000000000000000000000828080EB
:1033600008080A00008280800000000000C300C03E
:103370000000000000000000FF3CFF3C00FFFFFFDA
:10338000000000000000C0000000553CFF0FAFAF80
:103390000AFA3C0F0FFFF3F3C0FC3C0FFF3CAFAF4A
:1033A0000AFA1E1EFF55EBEBB2B241410800FFFFC7
:1033B000FFFF0F3C553CF0F000FF00000000C3C3CE
:1033C000C3C3000000000000000000000000000077
:1033D000000000000000000000000000000000826B
:1033E000808008080A000082808000000000000041
:1033F00000C00000000000000000C300C30000FF88
:10340000FFFF0000000000000000C000553C000F5E
:10341000A0A00AFA3C0F0F003030C0FC3C0F003C6B
:10342000A0A00AFA1E1EAA002828B2B200000000BE
:10343000A0FFBCFF0F3C553C3C3C3C3C0000000066
:10344000C3C3C3C300000000000000000000000070
:10345000000000000000000000000000000000006C
:10346000FFFF000A00000000828200C3000000008D
:10347000FFFC000A0000000000000000F30CFF0049
:103480000F0F0F0F000000000000000000003C0FB5
:10349000FF55FFAAAAF0FF000F0F3F3F0CFC3C0FA7
:1034A000FF3CFFAAAA3C3F037D7DAFAF0AFABE14E2
:1034B0007D7D3CFCBEFE5F0AFF55FAFA50FA000023
:1034C00000000000000002000000000000400200B8
:1034D00000000000004000000000000000000000AC
:1034E0000000F5F5000A0C0C0F00000000000000C1
:1034F0000000FFFC000A0000000000000000FF00C8
:10350000FF000F0F0F2F0000000000000000000060
:103510003C0F005500AAAAF00F0F555530300CFC97
:103520003C0F003C00AAAA3C3F034141A0A00AFA7C
:10353000BE14282800F0AAFA5F0AAA00505050FAD8
:10354000000000000000000000000000000000007B
:10355000000000000000000000000000000000006B
:10356000000000000000000000000000000000005B
:1035700000000000000000000000000000008400C7
:10358000040004000400040000000000000000002B
:103590000400000000000000001000000000000017
:1035A00020000000000000000000000000000000FB
:1035B00000080000000000080000000000000003F8
:1035C00020000000000000000004000000000000D7
:1035D00000000000000000000000000000000000EB
:1035E00000000000000000000000000000000000DB
:1035F00000000000000000000000000000000000CB
:1036000000000000000000000000000000000000BA
:10361000000000000000000000000000400000006A
:103620000000000011000000000000000000000089
:10363000000000000000000000000000000000008A
:103640000000000000000000080000000000000072
:10365000000000000000A0000000000000000000CA
:103660000000000000000000000001000000000059
:10367000000000000000000000000000000000004A
:1036800000000000000000000041010000030000F5
:10369000001100000008000000050000000000000C
:1036A0000000000000020000000000030100000014
:1036B00000100000000000000000000000000000FA
:1036C00000000000000000050000000000000000F5
:1036D00000000000000000000000000000000000EA
:1036E00000000000000000000000000004000000D6
:1036F00000000000000000000000000000080000C2
:10370000000000000000000800080088040000001D
:1037100000080000000000080084000800C0000845
:1037200000820000000000000008000800082000DF
:103730000008000005082010000400080000000830
:1037400000000000000800000008000800840000DD
:103750000000000000000000000000000000000069
:1037600000000000000000030021002100210021D2
:1037700000080021000200210008000800210021AB
:103780000008902100008421002100000008002191
:103790000000000800210008002100210000002195
:1037A000002100000021002100211040041020030E
:1037B0000021400800219041842188080040884170
:1037C0009021040000210040902100020000000030
:1037D00004210000000000000000000000000000C4
:1037E0000000000000000000008800000000000051
:1037F00000000000000000000000000000000008C1
:10380000000000100210000020000000208800A02E
:1038100011840000000000400202008800900002B5
:103820000000000000C000C000100082081000006E
:10383000088808820500208411000300090003C0E5
:103840000000052000000020009000000010000093
:103850001100808200000000000000000000000055
:103860000000000000000000000000000000000058
:103870000000010000000000000000000000000047
:103880000000000000000000001100000000000027
:103890000000000400000041000000110041001180
:1038A00000000000001100000000000540000000C2
:1038B0002005000010800002001000000000000938
:1038C00000000000000000000002001000000004E2
:1038D00000000004010400000000000000000000DF
:1038E00000000000000000000000000000000000D8
:1038F00000000000200000A0000000020000000006
:1039000000000000000000C00004090400000004E2
:1039100000880084000100000084009000A00000E6
:10392000200400000010000000000004000809004E
:10393000091000A0200800200004009000C0200012
:103940000020002000200020200000C00904000208
:103950000000002000002020000000000000000007
:1039600000009000000000080000001100000000AE
:10397000000400000008000000000000000020001B
:10398000020090402000000800000000000000003D
:1039900000000000000500000000000000030040DF
:1039A0000000000890000010000802000011001044
:1039B00000000021201110050000C00000030421B8
:1039C000000000219002021000080008000300001F
:1039D000000400210002002100000000000000009F
:1039E00000000000000000000000000000000000D7
:1039F0000000000000C00000000000000000000007
:103A0000000000000000000021900090090000C0AC
:103A100000001188000205900090000000901188BD
:103A200009900088008400000004000000000000ED
:103A300000C002C00000084000000040028402886C
:103A400020000002408221020090030409001100BE
:103A500000C00000002000880000004000000000BE
:103A60000000000000000000000000000000000056
:103A70000021000000080008000000050000000010
:103A800000004008000000000000000000000000EE
:103A9000000500000008000800030000000000000E
:103AA00000000021000200040000000000000002ED
:103AB00000000008000000080008002100050000C8
:103AC000C0110011001000030041000000000000C0
:103AD00000000008000300080008000000050000C6
:103AE00000000000000000000000000000000000D6
:103AF00000000000200000000000000000000000A6
:103B000000004082050000000910000000100000C5
:103B100020000000008220042000200420820000F9
:103B20000090090009000082000020000900051033
:103B30000000201000820082009009000984418268
:103B400000C0090005820082208841882000090009
:103B500000004000000000C00090008800900000BD
:103B60000000C1000001C182010000000140C188C5
:103B7000C000C1000010C0820000C0000183C0006E
:103B80000000C1000001C183010000000140C189A3
:103B9000C000C1000002C0820000C0000183C0005C
:103BA00000000000C1000001C183010000000140CD
:103BB000C188C000C1000010C0820000C0000183A5
:103BC000C0000000C1000001C183010000000140ED
:103BD000C188C000C1000002C08201001000014085
:103BE000C0000041C1410003C182414100414189FF
:103BF0008211801088410080808000418041418393
:103C000080000041C1410003C1C0414100414183E6
:103C100082108010884100008080004180414183F3
:103C2000800000000041C1410003C1C0414100418A
:103C3000418982118010884100808080004180414C
:103C4000418380000041C1410003C1C041410041A6
:103C50004189A003801083410000808041410041E0
:103C600041C180004100114100C10000414190412B
:103C70000041024109C10941004180004100C141A8
:103C800000C180104100114100C10000414190413C
:103C900000C1024109C10941004180004100C14108
:103CA00000C1800200004100114100C100004141FB
:103CB00090410041104109C109410041800041008B
:103CC000C14100C180114100114100C100004141CA
:103CD000904100C1094109C1094100418080410072
:103CE000C14100C180030000000100C100000001CB
:103CF00040010003000102C110030003080002009C
:103D0000400100C182000000000100C1000000016C
:103D100040010009000102C110030003020002007B
:103D2000400100C1820000000000000100C100004D
:103D30000001400100C1000102C11003000308009E
:103D40000200400100C182000000000100C100002B
:103D5000000140010011000102C11003000308101E
:103D60000200400100C1840100400000C183000046
:103D700000000000C183C00400C00000C14000007A
:103D800000000000C100000000400000C1830000EE
:103D900000000000C183C00400C00000C14000005A
:103DA00000000000C1000000000000400000C183CE
:103DB000000000000000C183100400C00000C140EA
:103DC000000000000000C100000000400000C183AE
:103DD000000000000000C183820400C00000C14058
:103DE000000000000000C100000000800041C1830D
:103DF000000000000041C188000300410041C1C132
:103E0000000000000021C141000000800041C1838A
:103E1000000000000041C188000300410041C1C111
:103E2000000000000021C1410000000000800041AE
:103E3000C183000000000041C1A080030041004197
:103E4000C1C1000000000021C1410000008000410C
:103E5000C183000000000041C1A0000300410041F7
:103E6000C1C1000000000021C1410000C19180419A
:103E700080C100004102004141C103C1C141008035
:103E800080A0000041410041808003C1C191804178
:103E900080C100004102004141C103C1C1C1008095
:103EA00080A0000041410041808003C10000C19119
:103EB000804180C100004102004141C103C1C141B4
:103EC000008080A0000041410041808003C1C19179
:103ED000804180C100004100004111C103C1C1C146
:103EE000008080A0000041410041808003C140C0AB
:103EF0002001824000000000100110C101C1408972
:103F000010C040C100000001000140C001C140C01C
:103F10002001824000000000200184C101C1400353
:103F200010C040C100000001000140C001C10000FC
:103F300040C02001824000000000020184C101C194
:103F4000408910C040C100000001000140C001C113
:103F500040C02001824000000000840110C101C166
:103F6000400310C040C100000001000140C001C179
:103F7000000000000000484200000000000048422D
:103F8000811200C84300484200000000000048427F
:103F9000000000000000484200000000000048420D
:103FA000811200C84300484200000000000048425F
:103FB0000000000000000000484200000000000077
:103FC0004842811200C8430048420000000000003F
:103FD00048420000000000004842000000000000CD
:103FE0004842811200C8430048420000000000001F
:103FF0004842000000000000000000000000000037
:1040000000000000000000000000000000000000B0
:1040100000000000000000000000000000000000A0
:104020000000000000000000000000000000000090
:104030000000000000000000000000000000000080
:104040000000000000000000000000000000000070
:104050000000000000000000000000000000000060
:104060000000000000000000000000000000000050
:104070000000000000000000000000000000000040
:104080000000000000000000000000000000000030
:104090000000000000000000000000000000000020
:1040A0000000000000000000000000000000000010
:1040B0000000000000000000000000000000000000
:1040C00000000000000000000000000000000000F0
:1040D00000000000000000000000000000000000E0
:1040E00000000000000000000000000000000000D0
:1040F000000000000000757B0000000000000000D0
:1041000000000000000000000000000000000000AF
:1041100000000000DEAE757B000000000000000023
:10412000000000000000000000000000000000008F
:1041300000000000DEAE0000757B00000000000003
:10414000000000000000000000000000000000006F
:10415000000000000000DEAE757B000000000000E3
:10416000000000000000000000000000000000004F
:10417000000000000000DEAE60060300000000004A
:1041800000000031E0000000000000000C00000012
:104190000000000000C06006600603000000000090
:1041A00000000031E0000000000000000C000000F2
:1041B0000000000000C06006000060060300000070
:1041C000000000000031E0000000000000000C00D2
:1041D00000000000000000C0600660060300000050
:1041E000000000000031E0000000000000000C00B2
:1041F00000000000000000C0600600000000000099
:1042000000000000000000000000000000000000AE
:10421000040010000000200020000000000000004A
:104220008400000002000000000000000005000003
:10423000200000000000000000040000000000005A
:10424000000020000000000000000000000000004E
:10425000000020100000200000000000000000000E
:104260000000200000000000000000000008000026
:10427000000000000000000000000000000000003E
:10428000000000000000000000000000000000002E
:10429000000000008000000080008000000000009E
:1042A000000000000000800000000000000000008E
:1042B00000000000000000000000000000000000FE
:1042C00000000000000000000000040000000000EA
:1042D000000000000001000080000000000000005D
:1042E00000000000000000000000000000000001CD
:1042F00000000000000000000000000000000000BE
:1043000000000000000000000000000002000000AB
:10431000000000000000010001000000000000207B
:10432000000200000000010000000000000000008A
:104330000000000000000000000400C100000003B5
:10434000000000004000039002000200010008008D
:1043500000091000000000000000000400800200BE
:1043600000000000000002004100000040000008C2
:104370000140008300000000000008000009000068
:10438000000000000000000000000000000000002D
:1043900000000000000000002000200000000000DD
:1043A00000010001000000000208000800000008F1
:1043B00000080008000800080000000900040000D0
:1043C00000030200000080002004800880080888A4
:1043D000C0C00008008800080408000804090004A0
:1043E0000000000000000000C000820800088010EB
:1043F0000004100900401008000800100008000424
:1044000000000000000000000000000000000000AC
:10441000000000000000000000000000000000009C
:104420000100000000000004004000000000000047
:104430000000000002000120040502050200C0A0E7
:1044400000030000C0418820C000090400210009C9
:10445000002100210003902100000005010400005C
:104460000021008488000004000200008402100083
:10447000202184110009024040000000A04190402A
:104480000205880800000000000000000000000095
:1044900000000000000800020010000800C0000832
:1044A00000000200000000002011000100000000D8
:1044B0000008400000088008080000088008000884
:1044C000001000000000004000020000C0010000D9
:1044D000000000400000000800A000C00008200903
:1044E00000082000110300080008000811000085E2
:1044F0008002800000900008800400100008001076
:10450000000800840200000000000000000000001D
:104510000000000000000000020090000200010006
:10452000110001080100102010000100200000000F
:104530000002400001020000000000820800C000EC
:104540000000000990910000000000000000000041
:1045500088110000000082000000000084000000BC
:1045600020002000C10001040000040041050000FB
:10457000000000000008008088000000820408029B
:104580000221010208000880000000000000000075
:10459000000000000000000000008000000080001B
:1045A0000400841010001000800180002000808230
:1045B00020000301A0A0400103000300410380008C
:1045C0001100210000040002000000000090000023
:1045D00000840000200021080000119000000084E9
:1045E0000900219000002008200000080000880039
:1045F0000008000003004120200400000404000023
:1046000000058084408380A080020000000000003C
:104610000000000000000000000002000000020096
:1046200000001000020020002005200202000040CF
:104630002011000040000802080000C09000404027
:10464000900200090221004104C00000910801917C
:104650000091001000110002000000110000004055
:104660008411200202210241084108112004200087
:1046700082004009000005000008019000040021AC
:104680002102911100009000004000040000000091
:10469000000000000008000800000008802020083A
:1046A0008008000080008000800080000000800002
:1046B0000001000000088008A001800820400002DE
:1046C000800804000000804003200010000002A1C8
:1046D000020820100300110800080000000000007C
:1046E00020C00008000080009100800080A0000130
:1046F0008000000280000008200820004002000026
:104700000008400140840000000000080001000093
:104710000000000000000000000000000000000099
:1047200000000000000000000008010800800000F8
:104730000008002120041000000504000180004151
:10474000C02101054002000300040009000400002C
:1047500000410100020001000011004100090008B1
:104760008802008388000000000000000010202163
:1047700002001108011001000000012121100108B0
:1047800002080008010000210008021000080005CE
:104790000000000000000000000000000000000019
:1047A00000000000110000000000001104010020C2
:1047B0000000000103000009A000000020104002DA
:1047C0000010001040008311088400C00808080091
:1047D0000000000010040000400400000800200059
:1047E000000000000040048200C00300000011002F
:1047F00000208002020020212020008202200200EE
:104800000220800103000200040020008800000450
:104810000004000000000000000000000000000094
:10482000000000C000000002000001C100082000DC
:10483000000000C0A000A0000002C1C004C0C0026F
:104840000288C1C008C005100810C0C005C0A00281
:10485000C0880000C1C008C010209010C0C004C0B3
:10486000000210020000000000000000C0C004C0F0
:1048700000028288030201020002C0020009A12096
:1048800010C10002C084100200080510C0C103C19D
:10489000020820C00000000000000000000000002E
:1048A00000000000008000000000000011C111C1E4
:1048B000891100030080C00002000080A0804180B8
:1048C00002800000C08009808880000091802080E4
:1048D000080080000000C080888009000080C1803E
:1048E0000080000080800000000000000000918037
:1048F000118009000000098010804180008005209F
:104900008809C1100089800080000080030088852C
:10491000C0840390001000000000000000000000B0
:104920000000000000000000800000008000028005
:1049300011211109C100000910030500C100020086
:1049400004828489C105000084828480A1800200E1
:1049500003848280A100000090419084C090C180B7
:10496000000080A08085800080008000000880001A
:104970000005008480C080002040C0908802A00014
:10498000C0C110842040030210000880880041004C
:1049900080008082809180C0000000000000000044
:1049A0000000000000000000000010000000C00037
:1049B000008800900001C108000100000100C14012
:1049C00010C09082C1C0C10810001082C1C0C14097
:1049D0000890C082C120C188000040011082C1C17E
:1049E000C14008001083C0C0C00840001000020190
:1049F000C000A000A082C0C1C0880801091009033E
:104A00000800109108050401A10500000008040039
:104A1000110208104082C0C0C00900000000000060
:104A2000000000000000000000000000000000087E
:104A300000C001000090400000C1010000024000E1
:104A400000C10340009188C1C0C00220002008C1FD
:104A5000C1C00841042110C040C000010440C01082
:104A600090C1C0C10910002000C0C0C000000000FB
:104A70000000000005A010A000C0C1C01090A00858
:104A8000401182C0000021204000000510000002FB
:104A9000841010110308001004C0C0C00000000002
:104AA0000000000000000000000000000000000006
:104AB0000080008008030091840000C14110008044
:104AC000000808C14089000800A183890905008405
:104AD0008085918991A000C080C0918500010982E4
:104AE0008082008882C1C000008000808080000039
:104AF00000000000000040000011009084C0000091
:104B00000010001085830210A01010080341090056
:104B10000000000080890291048841888488000098
:104B20000000000000000000000000000000000085
:104B3000800000000000C108110804000311910961
:104B4000000300800003910091839004110880917C
:104B50008090800480A0824088910084021000012F
:104B6000800980A1000400098011808900858000EF
:104B700000080080000000008000808900840000A0
:104B800000000002000000100908080090801120B9
:104B90000000000000800000A11090898205408084
:104BA0000000000000000000000000000000000005
:104BB0000000080000000000C100000000880000A4
:104BC000C1A1000100400000C084C0C1029088A0C3
:104BD000C040C0C010080241C011C1C0028488A1F9
:104BE0000001C001C0C0109040A0C000C0C00210B1
:104BF00010A00001002000020000C000C0C002049C
:104C000088A0048804C004880401209102A0031035
:104C100002010088040200088800C100C1C0092107
:104C2000C0020000000000000000000000000000C2
:104C300000000000000000000000000000C8430069
:104C40000000002100C804008200000000C88300AA
:104C50004842410000C883004842000000C8830069
:104C600048210000500000C88300484200000000B6
:104C7000830048420000000000000000600002C8FD
:104C800083004842840000C800000000600000C8A3
:104C9000000041000000000000004200840000C14C
:104CA00083004842000000000000000000000000F7
:104CB00000000000FF00FF00FF000000FFFF0000F9
:104CC000F0F00000FFFF0000F0F000000000000026
:104CD00000000000000000000000000000000000D4
:104CE00000000000000000000000000000000000C4
:104CF00000000000000000000000000000000000B4
:104D0000000000000000F9F960604000200030CF92
:104D100000FF0F0FF0F03CC33CC300F6FF0900009A
:104D20000000000000000000000000000000000083
:104D3000000000000000FF00FF00FF000000000076
:104D40000000F0F0000000000000F0F000000000A3
:104D50000000000000000000000000000000000053
:104D60000000000000000000000000000000000043
:104D70000000000000000000000000000000000033
:104D80000000000000000000BD24BD240000000061
:104D9000CF30FF000F0FF0F03CC33CC3FF0900F61B
:104DA0000000000000000000000000000000000003
:104DB00000000000000000000000000000000000F3
:104DC00000000000000000000000000000000000E3
:104DD00043102000008811064310200000881106AF
:104DE00043102000008811060000431020000088B6
:104DF000110643102000008811060000000000008A
:104E00000000431020000088110600000000000090
:104E10000000000000000000000000000000000092
:104E20000000431020000088110600000000000070
:104E30000000000000000000000000000F0F000054
:104E40000F0F000000FF0000FFFF00003C3CFFFFD1
:104E50000000000000000000000000000000000052
:104E60000000000000000000000000000000000042
:104E70000000000000000000000000000000000032
:104E8000004000020000000000000000187E187EB4
:104E9000699659A6F0CCCC333CA5C35A64249BDB5D
:104EA00000FFFF0000000000000000000000000004
:104EB00000000000000000000000000000000F0FD4
:104EC00000000F0F000000FF0000000000003C3C4D
:104ED000FFFFFFFF000000000000000000000000D6
:104EE00000000000000000000000000000000000C2
:104EF00000000000000000000000000000000000B2
:104F00000000004000000000000000000000060655
:104F10009F9F69966996F0CCCC33ACA5535A9BDB26
:104F200064249966669900000000000000000000FB
:104F3000000000000000000000000000000040022F
:104F400080000020920245828A09052092A245E253
:104F5000803F0020820200600007009D0005006184
:104F60000007C099200500610005009500050000BC
:104F700000610007C09D00050000000000900005D2
:104F8000000000000000000500650007C09F20052C
:104F900000613007C09D100240618007C02D1002E3
:104FA00040618006002D080200610007C09D0005D9
:104FB00000000000000000000000000000000000F1
:104FC00000000000000000000005000C0C0C0A0AA4
:104FD0000000FFFF008200C30040000000005555A4
:104FE0000000000000FF00BF7D7D7D0010C03C3C44
:104FF00000000000000000000000000000000000B1
:10500000000000000000000000000000000000F0B0
:10501000FFF000000000FF0FFFFFFFFFFFFF001089
:10502000000000000000FFFF000000000000000082
:10503000010000000000000000000000000000006F
:10504000000000000000000000000005000C00004F
:1050500000000000FFFF0082000000000000142498
:1050600055550000000000FF00FF7D7D7D003030C1
:105070003C3C000000000000001010000000000098
:105080000000000000000000000000000000000020
:1050900000FFFFFF00000000F000F0F0FF5DFF0CDC
:1050A0000000040400000000FFFF000040000000BA
:1050B00000000000000000000000000000000000F0
:1050C000000000000000000000000000F000303090
:1050D0003000A00000000000FAFA000F00000000FD
:1050E000FFB2B2B200000000A050000000000000BB
:1050F000FBF3FBFF000000000000000100040000C3
:10510000000000000000000000000000000000009F
:1051100000000000000000000000AAF0AAF000005B
:10512000000008A8FFFF000000000030030000009E
:10513000000000000000000000000000000000006F
:10514000000000000000000000000000000000005F
:1051500000003000A00000000000FFFF0000000081
:105160000000FFFFB2B200000000000000000000DD
:1051700000003830383C000000000000000100044E
:10518000000000000000000000000000000000001F
:105190000000000000000000000000003C003CFF98
:1051A000000001000808FFFF0000000000000000F0
:1051B000008000000000000000000000000000006F
:1051C00010000000000000000000000000000000CF
:1051D000000000000000400000000000000000008F
:1051E0002000000000000400020002000200001085
:1051F000000000080000820000008502100004008A
:105200002000110010001100050000000005001131
:10521000000088000000000020400200000000099B
:105220000000001000030000040802050000400018
:105230000000200800100000200000000000000016
:10524000000000000000000000000000000000005E
:1052500000000000000000008000000000000000CE
:10526000000000000000000000000000000000003E
:1052700000000000000000000000000004018000A9
:1052800080008000A0008000A0001000000000004E
:10529000000000000000000000000001800000008D
:1052A000000000000000000000000000800000007E
:1052B000800000000000000400000000000000006A
:1052C00000000000000000000000020000000000DC
:1052D00000000000000000000000000000000000CE
:1052E000000000000000000000040000008000003A
:1052F00000020000000400000000000000030100A4
:1053000000009009020000080108000001110005DA
:10531000000800000040010000000100000000083B
:10532000A000A000000001000000000000004000FC
:105330000000000500000000000400400000000024
:10534000000000000000000000000000000000005D
:10535000000000000000000000000000000000004D
:105360000000000000000000000000010000000438
:105370000000000000000009001000000000000212
:105380000204000000008000000120010010200045
:105390000000001000000001208800822084000826
:1053A00000000008000000040204000000000000EB
:1053B0008084008400000008000000880208008249
:1053C00000000000000000000000000000000000DD
:1053D00000000000000000000000040000000003C6
:1053E000002100000021000000000000000000007B
:1053F0000040000000400021000900900000000073
:10540000000000C0000004040020000400040008A4
:1054100090000004001000000000000000210008BF
:105420000000890500030040000008400002000958
:1054300000041009000800080040020200000000FB
:1054400000840000000000000000000000000000D8
:10545000000000000000000000000008000800003C
:1054600000000000000000000082208400A000086E
:105470000040000000820088000400000002028258
:10548000004000000021000080010011000900A17F
:105490002111000000A100100000000021C0000048
:1054A00000080302200009822082119000A000025F
:1054B00000020001008800A000C0204020C000A021
:1054C00000C000020000000000000000000000001A
:1054D0000000000000800000002000208800A020C4
:1054E000402000200108008040804005002001206D
:1054F00082040011008200A001804082000400119B
:10550000000800080000100901080104000008005C
:105510000040C0C008C0838090800021000889003E
:105520000304000001080002000208058800820848
:1055300000410002008002410041200500000000FF
:105540000021000002210000000000000000000017
:1055500000000000000000200088000100010000A1
:105560000001800100012000002000200000000157
:1055700020010001000000040005200400040001D7
:105580000000000000010000800002A008000000F0
:1055900000080001000500051040084000000084DC
:1055A0002000200000A020000000000500000000F6
:1055B000000000080008000200A000000000000831
:1055C00000000000000080A00000000000000000BB
:1055D0000000000000002000000002002000200069
:1055E0000003000000040004A003040004210411CF
:1055F0000002C00000080003002100000040044138
:105600000008000000000005000000081021200034
:105610000408000320000011000808050004080425
:105620002002020220A08240C020100020001000B2
:105630000808C105080220021040000010210020C7
:105640000011004000049020000000000000000055
:10565000000000000000000000000000000000004A
:10566000800009000090000100850000000000009B
:10567000000002A00000201005400000000800C04B
:10568000009000880040008808080000118902008E
:105690008200830202008000001000010000000967
:1056A00020A140000003804100010009084082A0C1
:1056B00080A01190200002C008020808000200A08B
:1056C000000040C0000009A002000200000000002D
:1056D0000000000000000000000000000000910039
:1056E000200000008880900000400000892100090F
:1056F000404001020000000041C0010400400010D1
:105700000000824100000000400000000000010392
:1057100000082000000400000000000500008808C8
:105720000105011101040220C00802A00008900038
:10573000080400084000000820082003020000219F
:1057400002090220022000090002000800000000F7
:105750000000000000000000000000000000000841
:105760000400800000000020000000010000040090
:10577000000080010400000000002021040100015D
:105780000008400000C00000000009900008000070
:105790004000000100000001000041000000000086
:1057A000008410000200100100010084000500C008
:1057B0000000208400000000200080088000000815
:1057C00000A00000000000000000000002820000B5
:1057D00000000000000000000000000000000000C9
:1057E000918804001090000801C0002002109088E9
:1057F00001C082200000828801C00088A04008000B
:10580000000010018401900010C000020090A0056B
:105810000000C0211110000820200191011000019A
:105820000000019189080005828201C090900082E9
:1058300020000241001001820210C1100004A102E8
:10584000020420030289C00220100084001000100E
:1058500000C0000000000000000000000000000088
:105860000000098011000000000009800380800012
:10587000000009800080040080000980110003807E
:105880000000004110208805000402800011034040
:1058900000C000008010090009008000114109A12A
:1058A00009080020114110A1110280800982801195
:1058B00003890004004100901020008404801180BE
:1058C000108080800090052180820082000000000E
:1058D00000000000000000000000000000000000C8
:1058E000000000000200418011918380910011901E
:1058F0000500C08000041090110080800280208884
:105900002000840910009000020382030000801030
:105910008080800800000000030811844100900985
:1059200084111105410941808800111041000011C6
:105930000000804180800002008580C080912008A6
:1059400089A040C10880118010891105A182000042
:1059500000030000008000000000000000000000C4
:10596000000000000000900000209003C1C0020071
:1059700010210000C1C0900000210800C0C04004F8
:1059800011210100C00000C010004101C18382004C
:1059900008011040C0000000100003211183118491
:1059A00010890810890005850040098209000188D6
:1059B000000010008490C090840302829005A0C073
:1059C0000301028211089010A040098282A0038383
:1059D000000088C1881002040000000000000000E0
:1059E000000000000000000090880088829000C144
:1059F00009880088828801C183880088820803C0E2
:105A000041400090040403C100410183059001C09E
:105A1000080000A0011000C0000089C10089C02159
:105A200002C18910010103011109C0100008850598
:105A300089831082A008009003C0200211418804CD
:105A40000282102004114011832008020089914035
:105A5000900240000001840084010000000000006A
:105A60000000000000000000000000020091800221
:105A7000009141090091804109914100008080001E
:105A8000898041050011808489A0008240208441E2
:105A9000028480000000080000800000044000052F
:105AA000000590C104892003090891C19084101059
:105AB000090511C100001080108082800090C12073
:105AC000111110A000050020802188048088110297
:105AD0000541118580110009000900200000000027
:105AE00000000000000000000000000000000009AD
:105AF0000080001180910009008080118008808959
:105B000000808040C0C009008400C009204003001C
:105B100040000404C1100400410004800000008023
:105B200000A0800000104180108088000300410820
:105B30001109C1800940802180A100000000C0211E
:105B40009008C180828000100090000080020883CD
:105B500021044000030200008000800000000000DB
:105B60000000000000000000000000000000000233
:105B7000088908088800C008088920088800C00033
:105B8000200588088800C10420900200890001A136
:105B900001A001020000C10082A002000008000074
:105BA000908882110404A00089881110111010003F
:105BB0001100018810880001C00108C002A08800FF
:105BC00005010210100210904089108410C00800D6
:105BD00020C0888990904100100004900488400003
:105BE00000000000000000000000000000000000B5
:105BF000000A00C843000012484200C84300841253
:105C0000410A00C843008412008100C84300840098
:105C1000000000C843000000000000C800000000B1
:105C20000000821100C843004100820000C800004B
:105C30000000000000C100004200000000C183001D
:105C40004100410000C800005012410000C800009F
:105C50000000000000000000418100000000000082
:105C60000000000000000000000000000000000034
:105C700000002ED12ED128BE6699F0FF33CC3CFF18
:105C800033CCF0FF33CC3CFF33CCF0FF33CCFCFC07
:105C900033CC00000000F0000C300F5F50A0F55036
:105CA0000AA0000050FA50FA3C3C0000F00FCC3340
:105CB0003C3CC3C30F0FF0F03CC33CC3F03CF0AA24
:105CC000FCFC0CFC38F83BFB50FA50FAA03FAF3F0D
:105CD0003FA03FAF3A0F3AFFB0B3BCBFAAFFB4B486
:105CE00000000000000000000000000000000000B4
:105CF000000000002ED12ED128BE669900F0CC33D2
:105D0000003CCC3300F0CC33003CCC3300F0CC333F
:105D10003030CC3300000000FC3003C00005050A21
:105D2000F000055000001414BEBE3C3C0500F00F0E
:105D3000F00F3C3CC3C30F0FF0F0CC33C33CF03C3E
:105D4000F0AA0C0C0CFC08C80BCB1414BEBEA0307F
:105D5000AF3030A030AF3A003AF080838C8F0055DE
:105D6000B4B40000000000000000000000000000CB
:105D70000000000000003333CCCC69967D1433CC96
:105D80003F3F99991D1D69967D7D69967D145AA5A1
:105D9000FF5566660000FFFFFFFFA50050000C03E3
:105DA000000C4488107500000F3C0F3C0F0FE4F00E
:105DB000AA5555AAAA5555AA5959595AAA5AAA5A7A
:105DC0000F0F5555FFF0F5F5EFC76D45FFFF0000CC
:105DD0001E1EFF554DCF0CCFFF1E551E5F0A5500EE
:105DE000FF350F35000000A000000000000000009B
:105DF0000000000000000000CCCC333396697D1415
:105E0000CC330C0C66661D1D9669141496697D14BE
:105E1000A55A550066660000FFFFFFFF00A5FF5072
:105E200030C00F3F448810750000FF550055F0F05A
:105E30001B0F55AAAAAAAA556A95A6A6A6A555A556
:105E400055A5FF00FF000F000505AE862C04353078
:105E500035301E1EAA004D0C0C0CAA1E001E7D28FB
:105E60007D28F0350035FFFFFF5F000000000000D7
:105E700000000000000000000000036103360C91E8
:105E800010C5A3615336CC9110C5A3615337CC9D87
:105E900010C5A36153350C9102C00061070100A138
:105EA000920000E30003000D8A0000000560303F0F
:105EB000C54010A240008001C02010024021800196
:105EC00000210802A061500F009D0005006100073D
:105ED000C0CD000000610007C0CD000000610006D9
:105EE00000CD000000613006000D1002000000002F
:105EF00000000000000000000000000000000000A2
:105F000000A800000000000020A0EFAF000000008B
:105F100000000000FF55BF15E8FCFCFCFFFFBE14AD
:105F2000F2F2FEFE00C000000000000000000000D1
:105F300000003CFFF03CFC0C5F5FFF3C3CF07D2828
:105F40002D2DFCFC0CFC00000000000000004D0C9E
:105F50004D0C00F3FFF30000000000000001FFFF04
:105F6000FFFFA028FFFF000000000300000000006A
:105F70000000000000000000000000000000000021
:105F80000000FFFFFF57000000000000FFFF0000BF
:105F9000000000000000EF45AF05E8FCC0FC0F0F5B
:105FA0000F0F00FF00FF000000C000000000000015
:105FB000000000003C00F03CFC0C5050003C3CF069
:105FC0007D282D2D0C0C0CFC0000000000000000B2
:105FD000C3C3000000F3FFF3000000000000000056
:105FE000140C000CA000FFFF0000000003000000E4
:105FF00000000000000000000000000000000000A1
:106000000000000055554D4D000000003C3C14BE02
:1060100000000000A0FAA0FA00000000A0AFFFFFFF
:10602000FF3C5555FCFCFCFC3F3F3F3F000000009F
:1060300000000000FFFFFAFAA0F55F503F3FF3F3C6
:10604000C0FCAF055F5FB2B282BE0000000000007E
:1060500000003CFF55FF00000000000000000000B1
:106060000000FFFFFFFFFFFFFFFF00000000000038
:106070000000000000000000000000000000000020
:106080000000000000005555554D000000003C3C4C
:106090001CBC00000000A0FAA0FA000000003C3C7C
:1060A0003C3CFF0F55550CACFCAC3F003F000000E2
:1060B000000000000000FFFF5050A0F55F5030309E
:1060C0003030C0FCAF050A0AB2B282BE0000020046
:1060D000000000003CFF0F0F000000000000000067
:1060E00000000100FFFF3E3CBEBEFEBE00000000FF
:1060F000000000000000000000000200000000009E
:10610000000002000000000000000000000000008D
:10611000000040000000000000000000000000003F
:10612000000000000000000000000000000000006F
:106130008200820000004009020000050200000900
:1061400002090000880404050000000000000000AF
:10615000000000040400200000090000000000000E
:1061600000000000200020000000000004000000EB
:1061700000000000200900000000000000000000F6
:10618000000000000000000000000000000000000F
:1061900000000000000000000000000000000000FF
:1061A000000000000000000000000082000000006D
:1061B00000000000090000000000000000000000D6
:1061C00000000000000000000000110000001008A6
:1061D00000000000000000000000000000000000BF
:1061E0000000000000C0000000000000008400006B
:1061F000000000000000000000000000000000009F
:10620000000000000000000000000000000000008E
:10621000000000000000000000000000000000047A
:106220000000000900000000000000000000000065
:10623000000000000021000000000000000000003D
:106240000000000000000000A00002110003000098
:106250000000000000110008000000000000100015
:106260000004001100000004900000000004000081
:10627000001000000000000000000000000000000E
:10628000000000000000000000000000000000000E
:1062900000000000000000000000000000000000FE
:1062A00000000000000000000000000000000000EE
:1062B00000000000000800000200000000000000D4
:1062C00000000000000000000000000000001000BE
:1062D0001000000800000040000040000000000422
:1062E0000000000002000008008400000008000810
:1062F00000080010000800000084000800000000F2
:10630000000000000000000000000000000000008D
:10631000000000000000880020008800000000004D
:10632000000008000200000000419000A000900062
:106330000000200020000000840000000000000099
:10634000900000000000900000020000900000009B
:1063500000000002000000020000000800080240E7
:10636000000090400003840090009008204100400D
:1063700090009021001020000000201084000000F8
:10638000000000000000000000000000000000000D
:1063900000000090110000000008000000000090C4
:1063A00000880200080000040000000000020090C5
:1063B0000084000000820502020002000584000043
:1063C00000C0000000C04182008400820082000200
:1063D00000020008000811A0030800C00888084057
:1063E0000982210800A00808418208020000034039
:1063F0000002008800880000040820000284004099
:10640000000000000000000000410041000000000A
:106410000009000000000000000000110000000062
:10642000000000000000000004000400000008005C
:10643000000000000000000000000009000008004B
:10644000000000000000000000009000001000218B
:10645000000000000000000000030003000500052C
:10646000A021001000020004000300110000002120
:10647000000800000000000400050000000000000B
:10648000000000000000000000000000000000000C
:10649000000000000910000000000000000020A023
:1064A0000000208200000088008800C0201000C08A
:1064B00000C00000000200840008009000400000BE
:1064C00000900000000000000000000000C000C0BC
:1064D000008200C00000008800840008099000C00D
:1064E000048420900000000809A0400009C000209A
:1064F0000000000000840508000000C00004000443
:106500000084009000000000000000000000200057
:10651000000000000000000000000000000020005B
:106520000041000000000000001100000000000019
:10653000000000410000000000000000900000008A
:106540000005000000000000000200210000000023
:1065500000000040004000030008000000000000B0
:1065600000000021001000000800000000210000D1
:1065700000000040000200000000000000090000D0
:1065800000210000000300000000000000000000E7
:10659000000000000000008811040004090040040D
:1065A000110411041190400400040084408840004C
:1065B000400400040400000020002000009003407C
:1065C00003C00000400200002110000800401140FC
:1065D00000000282020802020908008800080984FB
:1065E00002842100000000840284110000901188C0
:1065F000110405402010020809001188118802408A
:106600000984204000A011020000000000000000EA
:10661000000000000000000000000000000000007A
:10662000000000000000000000000000000000006A
:1066300040000000001000410000000000000000C9
:1066400004000021000200000000004100000040A2
:10665000004100000000000000000021880000410F
:1066600002000002400000210008000200100008A3
:106670000002001100000000900000000000000077
:106680000004000300000000880800000000000073
:10669000020000000000000000004110099000000E
:1066A0000082000000C020A000824182050000009E
:1066B0000084000011001100209009001184209036
:1066C00000100984000000820082000000820000A7
:1066D0000000110020A04008408400001184004008
:1066E00011A00400099000000090001011A0020801
:1066F00000C004C00082000020900084008200904E
:106700000582211004082088020000840000000097
:106710000000000000000000000000000000000079
:106720000000000000000000000000000000000069
:106730000000000000000000000000000000000059
:106740000000000000000000000000000000000049
:106750000000000000000000000000000000000039
:106760000000000000000000000000000000000029
:106770000000000000000000000000000000000019
:106780000000000000000000000000000000000009
:1067900000000000000000000000000000000000F9
:1067A00000000000000000000000000000000000E9
:1067B00000000000000000000000000000000000D9
:1067C00000000000000000000000000000000000C9
:1067D00000000000000000000000000000000000B9
:1067E00000000000000000000000000000000000A9
:1067F0000000000000000000000000000000000099
:106800000000000000000000000000000000000088
:106810000000000000000000000000000000000078
:106820000000000000000000000000000000000068
:106830000000000000000000000000000000000058
:106840000000000000000000000000000000000048
:106850000000000000000000000000000000000038
:106860000000000000000000000000000000000028
:106870000000000000000000000000000000000018
:106880000000000000000000000000000000000008
:1068900000000000000000000000000000000000F8
:1068A00000000000000000000000000000000000E8
:1068B00000000000000000000000000000000000D8
:1068C00000000000000000000000000000000000C8
:1068D00000000000000000000000000000000000B8
:1068E00000000000000000000000000000000000A8
:1068F0000000000000000000000000000000000098
:106900000000000000000000000000000000000087
:106910000000000000000000000000000000000077
:106920000000000000000000000000000000000067
:106930000000000000000000000000000000000057
:106940000000000000000000000000000000000047
:106950000000000000000000000000000000000037
:106960000000000000000000000000000000000027
:106970000000000000000000000000000000000017
:106980000000000000000000000000000000000007
:1069900000000000000000000000000000000000F7
:1069A00000000000000000000000000000000000E7
:1069B00000000000000000000000000000000000D7
:1069C00000000000000000000000000000000000C7
:1069D00000000000000000000000000000000000B7
:1069E00000000000000000000000000000000000A7
:1069F0000000000000000000000000000000000097
:106A00000000000000000000000000000000000086
:106A10000000000000000000000000000000000076
:106A20000000000000000000000000000000000066
:106A30000000000000000000000000000000000056
:106A40000000000000000000000000000000000046
:106A50000000000000000000000000000000000036
:106A60000000000000000000000000000000000026
:106A70000000000000000000000000000000000016
:106A80000000000000000000000000000000000006
:106A900000000000000000000000000000000000F6
:106AA00000000000000000000000000000000000E6
:106AB00000000000000000000000000000000000D6
:106AC00000000000000000000000000000000000C6
:106AD00000000000000000000000000000000000B6
:106AE00000000000000000000000000000000000A6
:106AF0000000000000000000000000000000000096
:106B00000000000000000000000000000000000085
:106B10000000000000000000000000000000000075
:106B20000000000000000000000000000000000065
:106B30000000000000000000000000000000000055
:106B40000000000000000000000000000000000045
:106B50000000000000000000000000000000000035
:106B60000000000000000000000000000000000025
:106B70000000000000000000000000000000000015
:106B80000000000000000000000000000000000005
:106B900000000000000000000000000000000000F5
:106BA00000000000000000000000000000000000E5
:106BB00000000000000000000000000000000000D5
:106BC00000000000000000000000000000000000C5
:106BD00000000000000000000000000000000000B5
:106BE00000000000000000000000000000000000A5
:106BF0000000000000000000000000000000000095
:106C00000000000000000000000000000000000084
:106C10000000000000000000000000000000000074
:106C20000000000000000000000000000000000064
:106C30000000000000000000000000000000000054
:106C40000000000000000000000000000000000044
:106C50000000000000000000000000000000000034
:106C60000000000000000000000000000000000024
:106C70000000000000000000000000000000000014
:106C80000000000000000000000000000000000004
:106C900000000000000000000000000000000000F4
:106CA00000000000000000000000000000000000E4
:106CB00000000000000000000000000000000000D4
:106CC00000000000000000000000000000000000C4
:106CD00000000000000000000000000000000000B4
:106CE00000000000000000000000000000000000A4
:106CF0000000000000000000000000000000000094
:106D00000000000000000000000000000000000083
:106D10000000000000000000000000000000000073
:106D20000000000000000000000000000000000063
:106D30000000000000000000000000000000000053
:106D4000000000000008000000000000000000003B
:106D500088000000000001000000000800000000A2
:106D6000000040100000000300008241000000000D
:106D700000082000000500400040100040401000C6
:106D800000000000200001000100000000050000DC
:106D90000000000040000004408000082004208320
:106DA00000000000202000000000000000000000A3
:106DB00000000000000000000000000000000000D3
:106DC00000000000000000010000000000000000C2
:106DD00000000000000000000200000000000000B1
:106DE0000000000080000000000000000000000023
:106DF000000000000000000004010001800000C14C
:106E00000082000000000400040004820000000072
:106E100000000000000080080001000400000001E4
:106E20000020000000000001000000000000000041
:106E30000000020000000000000000000000000050
:106E40000000000000000000000000000000000042
:106E500000000000004000000004100000000004DA
:106E600000410000000000000003000000000000DE
:106E700000000000000000000000020900400300C4
:106E800000800000000000000000108000804180B1
:106E9000008300000041101000000000000400808A
:106EA000400300000000000200000000000000009D
:106EB00000000000000000000000000000000000D2
:106EC00000000000000000000000000000000000C2
:106ED00000000010000000010000000100000000A0
:106EE000000100000000000000000003000000009E
:106EF00000000000000000000000000080081009F1
:106F0000A000004000840000008400000020002059
:106F100088200020000003820004000000A0110867
:106F200000048008000800000009100800000000AC
:106F300000000000000000000000000000800000D1
:106F40009000900000008800C00000000080100049
:106F5000401084410004000000418402010000113F
:106F6000200001009011000000009010000000803F
:106F7000000882000008000000050008002102212E
:106F800020839000020300000009000000090008AF
:106F90000111040001210005000001112009000970
:106FA000208200A1882100A100040400000000004C
:106FB0000000000000000000000000000000004091
:106FC00000000000000000001100000000000010A0
:106FD000800200000000000100000000000002002C
:106FE00000002000088800100010000200100000BF
:106FF00000200000000000020000008400000000EB
:1070000080008040000080A0008800C00082000056
:1070100021A0020080000800000009000800800094
:10702000000080050004418200400000800000084C
:10703000000000000000000000000000A0000000B0
:1070400001000010000000800000001082400000DD
:1070500021040080000000800000001000000000FB
:107060000088208008800080000300050021008047
:1070700000000400020400000004010500050211E4
:107080000385010520400000410084C001400185C6
:10709000000800410000400000000100C1000000A5
:1070A00000058400001100020005040920042041AD
:1070B00020210000000000000000000000C02100AE
:1070C0000000080009010000001000000085000118
:1070D000000002010004008400400088000100005C
:1070E00000000004000480040004000000002000F0
:1070F000000200008082800020C000010200000029
:107100008900C00420A080010008A0000905408576
:10711000400400882190030000000908029002C08A
:1071200008084000000041000005008400888088B5
:107130008000C1840000000000000000000000008A
:107140000000900000000000034140800100909189
:107150000110908500000805018301000010004126
:1071600000200200000400200002902002092003F9
:107170000800080000002008A000000802400000ED
:10718000200802048805002182200082010884086A
:107190001004A008008200214082A01003052003F3
:1071A0000010088508032088400082081004202170
:1071B0008205000291800000000000000000000035
:1071C0000000000000000000000420000004020095
:1071D0000040082000100402800002081000000097
:1071E0000000000000C0050800080000000080004A
:1071F00000008000910000000010001000008010CE
:1072000000008000000100C000000001110520C046
:1072100000000001000000030084804008A0848278
:10722000000000080002800080040082000882A1A3
:107230008002000000000202000000009000000038
:10724000000000000000000088008800000000002E
:1072500089C10009000300400005004101020084CB
:1072600000090041910420800000000300108808FC
:1072700000080204000800030000000020112003A1
:10728000000000000100A000900000100008A00015
:10729000004088110441A100018800218821880351
:1072A000900300212005201000088888012188050E
:1072B000C11141899009014100A1000000000000B6
:1072C0000000000800000000000000000090200006
:1072D000208408041004200020A1000005002000E4
:1072E00000040000000008840010000000000000FE
:1072F0000090000080A000001104000000000300C6
:1073000000000000000002000000000000A0008457
:1073100021822109000009C008002010009000000F
:107320000082008404001100040000C00940020033
:1073300008001000844009880400002000000000BC
:10734000000000000000000000000000C1880008EC
:107350000008021005C0C0080408C010C1C0020423
:10736000A0821011C189908800858210C0C189C097
:10737000040290C1C0C003C09008100400000004C3
:10738000010410020002110001888510001001C1E3
:10739000118885900010C0C084C00902C0C091202F
:1073A000842040C0C002C0C011C00410C004C0C0CE
:1073B000C1C0022004101089880283020005000069
:1073C0000000000000000000000000000000A0001D
:1073D0000080028000004190A085408000840880E9
:1073E000000090000088820400214088800091887D
:1073F000208490850020C1804080008000800000B3
:107400000000100000800080910020000880000033
:1074100011C1C12103000009888004800800800098
:107420002000110080008080918010808300008007
:10743000908010808500000000102008880800104F
:10744000000000000000000000000000000000003C
:107450008000801180838080908005101091808052
:107460008005004180A18000828340110891008046
:10747000208020098502A084000080848084800010
:1074800000008000008400000000080490A104C0F7
:107490001100020009901040080003218082C011F1
:1074A000C010918089000311A100020009C1C091A0
:1074B000808009822084A1A0889110058804888496
:1074C0008500000000000000000000000000000037
:1074D00000001000820040C010402040828890854B
:1074E000C008020004011084C0841140030090C150
:1074F000901003401104C090C14188000883C0C1AE
:10750000C0A00000020002C0880400009100100426
:1075100002119004000088030089008488201082F2
:10752000C020C085084010048500C1828400048208
:10753000C1C0C04084118582C1C1C108890010C08A
:10754000100808C00000000000000000000000005B
:10755000000000001140001004C0C18809880182A9
:10756000019008C008A00220C09085C0111105112B
:107570008590C0900941018400C140C10841C00804
:1075800084C1C1C0000102000000840103000001A9
:107590000810C00103118200A08805110990021093
:1075A000842110C020C183C000880889102009846C
:1075B000002000C0C0C00585048400C1C1C1040012
:1075C00085010400C101000000000000000000006F
:1075D000000000000000C18000000000A000C10207
:1075E000110505008890C100808080002080C102C4
:1075F00011A085089010C00420A1118582A011C09F
:1076000080908088888200018810004000059120C9
:10761000092080830021C004904004020940A00298
:10762000092000C0808409900409000480050240FC
:10763000884000820090848808108004008890A10F
:1076400009000209A00084200000000000000000E2
:107650000000000000000000000980C18080800060
:10766000838485C1C003909180040941004180A1B9
:10767000029004C185800891A008A182A01005098C
:10768000800080838004800000010004002100004D
:107690000000000000040090008300088005000046
:1076A0000040C11184902085088211800582050068
:1076B00008038004808500098091C11091A102090E
:1076C00082038040000300800010000000000000E2
:1076D00000000000000000000000880008C1084011
:1076E0001000C004082109031083C00005C08205F2
:1076F00040C1894189C111409109C189C0C109C0F6
:10770000C004C000C0C0081104C00001880102907C
:1077100088100200008888111003881120040201DB
:1077200010880001C000C0C10309C1020008008226
:1077300001020100C002C0C090820408C190C0C014
:10774000200410C002109000201040000000000033
:10775000000000000000000000000000000000C861
:10776000200048420000001020004800000000C82F
:10777000200042420000002020004842000000C8D3
:107780008300480000000000830048420000002100
:1077900000C843005000000000C10000000000814C
:1077A00000C183005000000000C1830048120006A1
:1077B00000004300000A600000C183004842480006
:1077C00002C883004842008100C14300001200004B
:1077D0000000000000000000000000000000099907
:1077E0009000099990000000A4A40000A4A44BA458
:1077F0000FF04BA40FF00999900009999000000038
:107800000000000000000000000000000000000078
:10781000BD24BD24000000003C353C3569699696C6
:107820000666F9990FF0F00F00000000000000005C
:1078300000000000013D437F000000000000000048
:1078400000000000000000007E7E18180000666640
:107850000000000000000000000000000000000028
:10786000099890000998900000004E4E00004E4E7E
:10787000F20CFE00F20CFE000998900009989000AE
:1078800000000000000000000000000000000000F8
:107890000000F9F9606000000000C3CAC3CA69694A
:1078A0009696F99906660FF0F00F000000000000B0
:1078B00000000000000081BDC3FF000000000000C8
:1078C00000000000000000000000F960F960000006
:1078D00066660000000000000000000000000000DC
:1078E00000000010200000881000411020000088D7
:1078F00011024110200000881102001020000088B1
:10790000100043102000008811064310200000885A
:107910001106000000000000000000000000000050
:1079200000000000000000000000000043102000E4
:107930000088110600000000000000004310200035
:107940000088110643102000008811060000000086
:107950000000000000000000000000000000000027
:10796000000000000000999900009999E592567373
:10797000E592567306F93CCB06F93CCB0000999989
:1079800000009999000000000000000000000000C5
:10799000000000000000660F3CFF9999999955A5D9
:1079A00055A51717173366660F330F0F0F0F00001B
:1079B000000000000000001000000008041000009B
:1079C00000000000000000000000000000000606AB
:1079D0009F9FF0F0F0F000000000000000000000A9
:1079E00000000000000000001999000019992659B4
:1079F0004F3D26594F3D0778027D0778027D0000F4
:107A00001999000019990000000000000000000012
:107A10000000000000000000660F3C0059995999D1
:107A200055A555A5E8E8E8CC6666F0CCF0F0F0F096
:107A30000000000000000000000000000000000046
:107A40000000000000000000000000000000000036
:107A500024BD24BD33F0F0F0000000000000000061
:107A6000000000000000000000610007001D000091
:107A7000A061500100910005A0005007009C000586
:107A8000806100010001000000610001009100051B
:107A900000610006009D000500000561303E000900
:107AA000100240618007002D10024021843B002D10
:107AB000080200610007009D000505614A3E050DB2
:107AC00000A500610007C09D000500650007C09F7C
:107AD00020050561303F054D10A2000000000000A8
:107AE0000000000000000000000000000000000096
:107AF000000017D71714AFAF3C3C0000FF00AAAA44
:107B00000000F505353530F30000FF55CF55F0FF87
:107B1000F0FF000000000000000000000000000076
:107B20000000B00000000000004000000000000065
:107B3000F5F514BE00000000000000003535F0002F
:107B4000C000FC3C0000000000000000000000013C
:107B50003C3C3C3C00000000000000000000000035
:107B60000000000000000000000000000000000015
:107B70000000000017D71714A0A03C3C0000FF0035
:107B8000AAAA0000F505353530F30000FF550C5565
:107B9000808FB0BF00000000000000400000000027
:107BA0000000FFFFFF4F0000000000000000000089
:107BB0000000A0A014BE00000004800000003535C5
:107BC000F0008200BE3C0000000000010000010047
:107BD0000000A000A0FF000000000505000000005C
:107BE0000000000000000000000000000000000095
:107BF00000000000000055553CFFE8EBE8EB0000FA
:107C00003C3CAAAA000055555555AAAAAAAA7D5FD0
:107C1000FFFFF0F3FCFF0000000000000000000088
:107C20000000000000000000000000000000000054
:107C3000BE147D7D00000000000000004100000037
:107C40000000000000300C3C0000000000000000BC
:107C500000000000AAAAAAAA00000000000000007C
:107C60000000000000000000000000000000000014
:107C7000000000000000000055553C00282B282B78
:107C800000003C3CAAAA0000FF0F000F30F330F3C5
:107C90007D5F0000AAAAAAAA000000000000000060
:107CA00000000000000000000000000000000000D4
:107CB0000100BE142828000004000000000041005C
:107CC00000000000000020202C2C000000000020FC
:107CD000002000000000303000FF00080000000419
:107CE0000000000000000000100000008200000002
:107CF00041000080000000000000000000000000C3
:107D00000000000000000000000000000000000073
:107D10002000010000410000881000000000000069
:107D20000000000000000000020002000202024009
:107D30000000020000000000004020400210020588
:107D4000A0100240000000002000201002000000EF
:107D5000020404050040104040082040040084094B
:107D600088050009000000000000800000000000FD
:107D7000000090000004000000000000000000006F
:107D800000000000000000000000000000000000F3
:107D900000000000100000000004000100000000CE
:107DA00000020000000000000008000000000001C8
:107DB0000001000020000000000000010001800020
:107DC0008000000080010000000000000000008230
:107DD0000000000000000001000180000001000020
:107DE0000000000000000000000000000000000093
:107DF0000000000000000000000000000000000083
:107E000000000000004000040004000800400000E2
:107E1000000000000000000000000000000000085A
:107E2000000000000000000300000000000000004F
:107E3000000000000005009100000080000000002C
:107E400000801000400000000008000990200000A1
:107E5000000400040000004110080000004140033D
:107E600000030040000000000000000000000000CF
:107E70000000000000000200000000000000000000
:107E800000000000000000010001000100010001ED
:107E900000000000000000000000000000000000E2
:107EA00010000000000000000002000000080000B8
:107EB000000000000000000000040000002000009E
:107EC00000000040000080000040000000080000AA
:107ED000020810000084008800A000080008008448
:107EE00080080088001000821100000000000000DF
:107EF000000000000000000000000000000004007E
:107F00000410040004000400040504020404040036
:107F100004000220022002030208001100100003E6
:107F200000880000002100000400000000000000A4
:107F30000003000000000004000000110088020897
:107F400000000000000000400208000500080000DA
:107F5000004100210008200400000021002000034F
:107F60000011004100050010002100210000000068
:107F700000000000000000000000000000002000E1
:107F8000800080008000C01080C0848480C0808811
:107F9000800084A0849180A180108000008800016E
:107FA0000090000900C000A000840200000000A0B2
:107FB0000010008200C0000420400010008409402E
:107FC0008084410821A009020289808403000008FE
:107FD00000000000000008000008200020820011BE
:107FE0002088208221A008821100208400C0000087
:107FF00000000000000000008800000000000000F9
:1080000000210002000000000000000000000080CD
:108010000000008008800000000000000000000058
:108020000000000000000000000000000000000050
:1080300000090000000000000000000840080408DB
:10804000A0000400000041000008200400004002DD
:10805000000221102004400400040821C041000255
:10806000000500058284000400410802001108C1D7
:108070000000000000000000000000000000000000
:10808000090000000000000000A000000000110036
:10809000000800880004000800C008C000C00000FC
:1080A0000000000000000000000000041188000033
:1080B0000000000000000000008200840082001028
:1080C00000A00090809000A040A000A0200000042C
:1080D000218500904002008480900090000041843F
:1080E000200000840000004011A00000400109A011
:1080F000000200000000000000000000000000007E
:10810000000090000205008484804004020000000A
:108110000011001102040004000800410841004160
:1081200000080000010500000000000000210041DF
:1081300020020000000200000000000000002021DA
:10814000002102008903030001000090A021200209
:10815000820400C100020200008210C000800009F9
:10816000A008004004000000000800040008040209
:10817000824010000000000000000000000000002D
:10818000000000C000A080C000400040200183101B
:1081900000A000C00084A0A100000001028820040B
:1081A0000204008800840808208409C01108208483
:1081B000000000A00000021011A0000200080084CE
:1081C00000102010890220A020822004000400401A
:1081D00091081185000200A0830000038340024043
:1081E000008420000001A00800A00900058400A070
:1081F00083A011C08984000000000000000020005E
:1082000000040003000084000000400000008421FE
:1082100000050040000500000008004000A1000229
:1082200000410041000000000000000000000008C4
:10823000000500110000000000000008000200001E
:1082400090000000200002004008020000084008E2
:108250004010A021000900040000041005C1001016
:108260000021904000210808040000214005000082
:108270004009004008080010000000000000000055
:108280000000200400000082000000004000000008
:10829000000200C000010500098200000001000486
:1082A00000000000000000C00984000000A00000E1
:1082B0000090208200000008000000000000410043
:1082C0000000008400A040109000008200820000A6
:1082D000000200C0110000082185000009C0400212
:1082E000031000000301200020C080000000008473
:1082F0000384808805000082000800000000000060
:108300000000000000000000000009880011C18981
:10831000000001C185210091882009C10020089139
:10832000000300C00000000020200000000000004A
:10833000000000000000000000000000000000003D
:1083400000000000000000000400000000C001C0A8
:10835000C140000211000102C1100000408401046C
:10836000021002100082000000020202C088A10474
:108370004008820804C1918300A1A0010000000010
:10838000000000000000000000000000898500904F
:108390000240000909C002820503008009C1009162
:1083A0008208008800800000000000000300000038
:1083B00000000000000000000000000000000000BD
:1083C000000000000000000000110800000009800B
:1083D000080008800900910008000800000005005E
:1083E0000380000080800000000000000000840086
:1083F00002808080000080C09140089100098000C8
:108400000000000400000000000000000000828066
:10841000A0800811C080008082808811898090111E
:1084200009800980C19100000000000080004080A8
:1084300091009111C18000000000000000000000C8
:10844000000000000000000080000000800000002C
:108450008002000880200000800404A10011200098
:1084600010809108210021C0004180050009000012
:10847000200084C0C0048800C1808200851141A111
:1084800040000000000000000000000000000000AC
:10849000084011200101C1C0004011201103C0C0DB
:1084A000100302200090C1C0000000A00000C00026
:1084B000014082009101C1C00000000000000000E6
:1084C0000000000000000000000008000400100090
:1084D00088000200C0210801028484010208000211
:1084E00000840310200505028488A00010080801FC
:1084F000A08200000208090083840440A100210139
:10850000A1A1000000000000000000000000000029
:10851000000008110188848900C0A011018984111C
:1085200000C008A00088844100C1010000000000D4
:1085300000C0000000000000010100000000000079
:10854000000000000000000000000000000000012A
:1085500000000000880110C18204C102C001840231
:1085600084080201089000098210109101000000A7
:1085700004009040020300008409101000A10111C2
:108580000084A103000000000000020000000000C1
:10859000000000008090119180200389051011C017
:1085A00083A00389050009898988038840000000A9
:1085B0000000008000000000000011110000000019
:1085C00000000000000000000000000000000000AB
:1085D000000400080009101000100010080490208A
:1085E000002100838810A080008800200908100066
:1085F00000000000000089A000200008808900A180
:108600002083418389A0000000000080000000005A
:1086100000000000000088042180408009118800CB
:10862000028040808911C1891100080091088000F2
:108630000002000000004180099103801111000038
:108640000000000000000002000000000000000028
:108650000000000000800000000000848080800096
:1086600000110000800000054182C0C1A00080030D
:108670000000008000800000800000200000000951
:1086800041892188058041410000000000840000EC
:108690000000000000000000110100C089088801EE
:1086A000C1A0210291088801C11108002190880110
:1086B000C00000002020000001C0018901840100E9
:1086C00000000000000000000000000000000000AA
:1086D000000000000000000800000400C0080410B2
:1086E000020020C01000080000008541052184849C
:1086F0001000820082C002040200C08290010008C3
:10870000A000018900C000840000480000000000B3
:1087100000120000000000000000001200202000F5
:1087200041120012002020000012001200C8200098
:1087300000420000000043000000884100200400C7
:108740008481000000000000000000000000000024
:1087500000000000000000C800000000000A00C186
:1087600043000000000000C10000420000060000BD
:1087700083004100000000000000420000110000E2
:1087800043004200000000C84300820000000000D7
:10879000000000000000000000000000FCFCCFCF43
:1087A00028BE6699A0FA66993CFF33CCA0FA669978
:1087B00028BE66990000F0F00000FFFF00000000F6
:1087C00000000000000000000000000000000000A9
:1087D0000000000000000000000000000000C3C313
:1087E0003C3CF00F0FF055F5AA0AA55AA55AFFF028
:1087F000AA3C00000000FF00CF30FFFF000000FF98
:108800003C3C7D3C82C3000000000F0AB020000009
:108810000000100180000000000000000000FCFCCF
:10882000CFCF28BE6699A0FA6699003CCC33A0FA57
:10883000669928BE66990000F0F000000000000074
:108840000000000000000000000000000000000028
:108850000000000000000000000000000000000018
:10886000CCC3333CF00F0FF0AA0A55F5A55AA55A10
:1088700000F0AA3C0400000000FF30CF0000FFFF22
:1088800000FFC3C382C37D3C000000000E08A000AF
:1088900000000000100400000000000000000000C4
:1088A000F00F0FF099991D1D33CC3F3F5AA55F057E
:1088B00033CC3F3FCCCC3F3F3C3C0000FFFF0000AF
:1088C000000000000500AA550000000000000000A4
:1088D000000000000000000000000000000000FF99
:1088E00000FF55960F0F33CC27D85AA55AA5CCCCEC
:1088F000CCCC3CFF550F0FE40FF09999A6A633336B
:10890000CCCCAA5555AAF0F00F0F0F0055002C281B
:10891000280000000000000000000000000000002F
:1089200000000FF0F00F66661D1DCC330C0CA55A2D
:108930005F05CC330C0C33330C0C3C3C00000000C6
:10894000000000000000000055550000000000007D
:108950000000000000000000000000000000000017
:1089600000FFC03FAA690F0F27D827D8A5A5A5A546
:10897000CCCCCCCC3C00550FF01BF00F9999A6A69F
:10898000C3633C9CBF4040BFF00F0FF00F00550089
:108990005010101000000000000000000000000057
:1089A00000000000406180691C9110C5A3615369FB
:1089B0001C9110C5A30053691C9110C545828A08FB
:1089C0000020820200610034C001000800000000A5
:1089D0000000000000000000000000000000006136
:1089E0004007000910024061843F002D10024061E1
:1089F0008007002D08020561303E000D1002400086
:108A00008000002010024861803E002D08020040D6
:108A1000200F000500000000008180000000000021
:108A2000000900000000D7D4171414BEF0F017D7C7
:108A3000171400FFF0F05A55796950F50AA50000A7
:108A40000000000000001B0FFF7FFFFF0000000080
:108A50000000000000000000000000000000000016
:108A600000000000A0AAF0FF0000000000000100CC
:108A7000000000000000000000000000AAFAFFFF54
:108A8000000000000000000000000000AAF03CF020
:108A9000EBFFF3F3000F0C3F000000040C0000009C
:108AA0000000000000000000D7D4171414BEF0F03E
:108AB00017D717143C3CF0F09A15561550F50AA537
:108AC00000000000000000001B0FFF7FFFFF000000
:108AD0000000000000000000000000000000000096
:108AE000000000000000A0AAF0FF0000000000004D
:108AF0000000000000000000000100A0000A00F0DB
:108B0000FFFF00000000000000000000000000F077
:108B10003CF0EBFFFFFF0C3F0FFF000000000000E8
:108B200000000000000000000000D717D41428EB5C
:108B3000E8E855550FFFF0FFAAAAC33CEB14F25E1C
:108B4000AE4D000000000000000000000000010128
:108B5000FF00000000000000000000000000000016
:108B60000000000000FF00FF000000000000000007
:108B70000000000000000000F0F0FAFA0000000021
:108B800000040000000000000000000000000000E1
:108B900050FA3C3CD1505050005000900200000070
:108BA000000000000200000000000040D717D414AD
:108BB00028EBE8E855550F00000FAAAA7F006B14B8
:108BC000AE6C503200000000000000000000000009
:108BD000010100FF00000000000000000000000094
:108BE00000000000000000FF00FF00000000000087
:108BF0000000000000000000000000000A0A000061
:108C00000000000000000000000000000000000064
:108C1000000000AA3C3CF5F5D15000A00030000057
:108C20000000000000000000000000000000000044
:108C30000000000000000000000000000000000034
:108C40000000000000000000000000000000000024
:108C50000000000000000000000000000000000014
:108C60000000000000000000000000000000000004
:108C700000000000000000000000000000000000F4
:108C800000000000000000000000000000000000E4
:108C900000000000000000000000000000000000D4
:108CA0000000000000001080000000000000000034
:108CB00000000000000000000000000000000000B4
:108CC0004000002000002000000000000000000024
:108CD000000002000800080000000000000500007D
:108CE000000004000000000002000000000000007E
:108CF00000008800000000000005000000080000DF
:108D00000000000001000000000000000000000062
:108D100000000200A00040000000000002000088E7
:108D200000000000000000008002000008000000B9
:108D30000000000000000000000000020000000031
:108D4000000000900091008400000000000000007E
:108D50000000000080008082800000000000000011
:108D60000000000080000000000020000000030060
:108D700000000000000000000000000000000000F3
:108D800000000000000040000000000000000000A3
:108D900000000000000000008004000000008000CF
:108DA00000020000000000000000000000000000C1
:108DB00000000200000000000000000000000000B1
:108DC0000000000000000000000000800000000023
:108DD0000000000001000000000000000000008012
:108DE00010800000000100000000000000001000E2
:108DF000000000000000004000000000000501002D
:108E0000001000801002000000054004001100095D
:108E100000000005000010030041000800001000E1
:108E20000000000000000000000000000000000042
:108E30000000000000000000000000000000000032
:108E4000000000000000000000000000000400001E
:108E5000000000000000020005000000000000000B
:108E600003020002000000030000000000000000F8
:108E700000000000000021000005000000040004C4
:108E8000400000000010000100820000800000820D
:108E900000080000410800820908091000000000D5
:108EA00000080088000000C0000000000000000072
:108EB0000000000000000000000000004000C000B2
:108EC0000020000800080041040900002000000400
:108ED00000040000040404000000900000020000F0
:108EE00000118400000000000000000084090082DE
:108EF0000008000500000040000000401040000095
:108F000020402011000920400040000800200011EE
:108F1000001101050111002101049004C021000588
:108F20000004000320089021000800000000000059
:108F300000002000000000000200200000001100DE
:108F4000410000830000000040888088000000008D
:108F50000511001000008500800000900000000056
:108F6000000000000084000000000000001000006D
:108F7000004000820084210000820000008911A1CD
:108F800000000885400800841082030000080020CB
:108F9000000000000240020800C0080800020208A9
:108FA0000084000821C02084110000C000000000DF
:108FB0000000000000000000000000000000900021
:108FC000A0000000000000000000208088000000D9
:108FD000000000000000000300000000000000008E
:108FE0000008000001110111010401050000082121
:108FF000C100010000080000000300114040020809
:1090000002000982014110400040001010888200D7
:10901000C14040400010001100020000004110005B
:10902000A0400400004100210005081009000000D4
:10903000000000000000090000000000000021A066
:1090400000880000000000C0000000C08004009004
:10905000038400A0000000000000000000000500E4
:1090600040000000000002000200080108000000AB
:1090700000000200100020A00084200409008009E4
:1090800080048900404120A08001009100C00010B0
:109090000088021089C0009000821100008803003F
:1090A0008008008300C041A0410804828010C002F3
:1090B000000000000000000002000400900000001A
:1090C0000100C080A0809100200820852080410000
:1090D00000000100008200200080008400000000E9
:1090E00002110204000000000000200090000000B7
:1090F000000000052021000020210021024100087D
:109100000000400208080004021040020002C003F0
:1091100000000880821000830000C002A011081027
:10912000000484400205410840210202C0050241BA
:109130000404000000000000000000A00000000087
:10914000000004C00020002004A08005A020912081
:1091500084002010100005211111112000200000B2
:10916000000003880088400000000000800000002C
:1091700000000000000080C00000800000008000AF
:10918000200000C0200800080083A084000000C068
:1091900020822090000800081002088200000000D1
:1091A000A102110000002090888480088000000245
:1091B00020C000000000000000000000900000003F
:1091C00088000000000020800000C00000080000AF
:1091D0000040A04000048208C04000028411000446
:1091E0000040010020000002000090000004000484
:1091F000002101000000010820100080014100084A
:10920000000000830000000800210003008390118B
:10921000000800028302010004020480010000052E
:1092200040210000200008A1400284000105000444
:10923000042120212011000000000000000800008F
:109240000000000000A000001108008200000501DD
:109250000000001100830000000100010000000078
:109260002100008320000008400200A00008000048
:109270000000000420C00000208400A00204200898
:1092800041001100414020000908200400840040F2
:1092900009040084110140000204000005100800C8
:1092A00003080088000041820040A1A10302089049
:1092B00009000900001000C00000000000000000CC
:1092C0000000000000000000418801409020900054
:1092D00003C089200190208803C0002004909002E0
:1092E00041C0052082004040C0C004C00008C0A0AA
:1092F000C0C088C00002100200000101100001017E
:10930000000100C00004A0910010119000020000B4
:109310000020C0C009C110030402C0C082C0000206
:109320000210C0C004C00002100841C084C0A008E0
:109330000208C1C084C0110210C00000000000007B
:10934000000000000000000000088980208010005C
:1093500000008980C080080000008980048002002D
:1093600000808980898090000000858000800080D6
:1093700000008280008000008080000011410021F8
:109380000803000800A020110008008991000000D7
:10939000020000008883888421200080848000806F
:1093A00000000080C180808000008080C18011802A
:1093B00000808080C08009800400800000000000E0
:1093C000000000008000000000020002000000C158
:1093D00000888080000205900084808008009090C2
:1093E00008C091800008808300088000000080C1D0
:1093F00080908000908580A090918880000000007F
:109400000010801080000900118008001000100971
:1094100010A110111000100000028280C1802020D5
:109420002041C091C1200000009080A080800200F7
:10943000408284C1C1109000A0828580830000001A
:10944000000000000000400000000000000090004C
:1094500000200810C0C0900102210083C0C091000C
:1094600002210020C0C0000182210000C04088000D
:109470000882C0C1C00403901082C1C0C0080000AF
:1094800000000400080110000900050411C02002BA
:1094900000000408008800C0880004C0C0C0C140AB
:1094A00003A091C0C0C0C10888000282C0C1C040F2
:1094B00040884182C1C1C18403001082C0C0C08203
:1094C000000000000000000000000000000002009A
:1094D00008080088820101C10901848882C000C196
:1094E00009000089820801C191000090040421C193
:1094F0004020C00890C0C1C00820102084C0C0C057
:1095000000010000A000010001000901000484091D
:10951000C00500004088040082200285012010C0A0
:10952000C1C00810009000C0C0C00920102000C0B9
:10953000C0C003410040C0C0C1C002A0022108C099
:10954000C0C000000000000000000000000000009B
:10955000800080800080800511C185080083800222
:1095600009C1410400C0804109C14102000080805E
:1095700009C1898000800080C080090000800080CF
:109580009080000100000000090010008410020813
:10959000092100100200000000008800108840C16E
:1095A000008884909080000000808080908080807F
:1095B00000808480081000058082829009108088D5
:1095C000808489840000000000000000000000008A
:1095D0000000000000050089008000808000000974
:1095E0000080800080090009008080058000000064
:1095F000000080008000808280A00000801190C068
:1096000008C0880300018011801100008000002143
:1096100000A1800000030000001100000011808400
:10962000808400058008A082A0890883050280024A
:1096300080890085808090808290918591C1809101
:109640008085008500900000000000000000000000
:109650000000000000002000201100080008C000E9
:10966000A00500088800C0000011A0088800C00004
:10967000209090088800C000C0C0088402A0C000EC
:10968000C1C1021105040001C001200482040200CE
:109690009089040810040400889002012088008842
:1096A000C088C0C0028510C1C104C1C0034010A160
:1096B000C000C0C002110802C108C040080308046D
:1096C000C040C0C00211C010000000000000000037
:1096D0000000000000000000008100C843000012EC
:1096E000000600C843000012001100C843008412A5
:1096F000004200C84300840000000000830048428C
:1097000000000044830048420000000000C18300C4
:109710000000000A000083000000000000C10000FB
:109720000000000000C183004842000000008300E8
:10973000484200000000830048420000000083000F
:109740008442000000008300484200000000000046
:1097500000000000000000000000990066FF555561
:109760007E7E5AA5FF669669FF665555F6F69669A0
:10977000FF66CC33FFF09669F6F6000000000000AB
:109780000000000000000000000000003C3CFF0062
:10979000000000006665999AF00F0FF00666F999CF
:1097A00096966969000000000000000000000000BB
:1097B00000000000000000000000000000000000A9
:1097C0000000000000000000000000000000000099
:1097D000000000000000000000000000FF9900668B
:1097E000AAAA2424A55A660069966600AAAA6060FF
:1097F0006996660033CCF000699660600000000056
:109800000000000000000000000000000000F0F078
:10981000F0F0000000006665999AF00F0FF0F999DA
:1098200006669696696900000000000000000000CE
:109830000000000000000000000000000000000028
:109840000000000000000000000000000000000018
:109850000000000000000000000000000000000008
:1098600000000000000000000000000000000000F8
:109870000000000000000000000000000000431095
:109880002000008811064310200000881106000007
:1098900000000000000000000000000000000000C8
:1098A00000000000000000004310200000881106A6
:1098B0004310200000881106431020000088110684
:1098C0004310200000881106431020000088110674
:1098D0000000000000000000000000000000000088
:1098E000F00F0FF0247EA55A3F3FCC332E2EAAAAAC
:1098F0003F3FCC332E2EAAAA7E7EA55A0000969614
:109900000000000000000000000000000000000057
:1099100000000000000099999999FFFF55CCCC33C5
:10992000CCAA9966A55A0F0F0F0F00000000000087
:109930000000000000000000000000000000000027
:109940000000000000000000000000000000000017
:109950000000000000000000000000000000000007
:1099600000000FF0F00F247E5AA50C0C33CC2E2EE5
:1099700055550C0C33CC2E2E555524245AA50000D9
:109980006969000000000000000000000000000005
:10999000000000000000000069999999000055CC72
:1099A000CC33CCCC9966A55AF0F0F0F00000000062
:1099B00000000000000000000000000000000000A7
:1099C0000000000000000000000000000000000097
:1099D000000000000000000900000000000000007E
:1099E00090000000036103370C9810C5A360533743
:1099F0000C9C10C5A36153370C9810C5A361533755
:109A00000C9802C0000000000090000500610006F4
:109A1000009D000500008821000B000D1002406130
:109A2000843E002D100240618007002D0802006076
:109A30000007009D000500610006009D0005000074
:109A400000000090000500610006009D0005006117
:109A50000006009D0005000000000000000000005E
:109A60000004000880020000000000FFAAAA000015
:109A70000000FFFF30FC00000000D00FF0F00000FD
:109A800000002828AAAA0000000000000000555C81
:109A9000555C000000000000000000000000000015
:109AA00000000000000000000000000000000000B6
:109AB0000000000000000000FFFFFFFF00000000AA
:109AC000000000000000000000000000BAFAFAFAEE
:109AD0000000000000000000000000000000000086
:109AE00000020200004040000000000000000000F2
:109AF00000000000000030FC000000009A66B0F09A
:109B00000000000028280000000000000000000005
:109B1000555C555C000000000000000000000000E3
:109B200000000000000000800000000000000000B5
:109B300000000000000002000000FFFFFF7F0000A7
:109B40000000000000000000000000000004BABA9D
:109B5000FAFA0000000040000000020000000000CF
:109B600000400000000000000000000000000000B5
:109B7000000000000000F0F0000000000000000005
:109B800000200000000000000000000000000000B5
:109B9000000000000000AAAA3CAA0000FC0C3F3F05
:109BA0000000000000000080000000000000000035
:109BB000000000005F0A55003CFF3CAA00000000C6
:109BC0003CBE40400000000000000000000000001B
:109BD00000FF0000000000002028A0A800000000F6
:109BE0000000000000000000000000000000000075
:109BF0000000000000000000F0F000000000000085
:109C00000000002000000000000000000000000034
:109C10000000000000000000AAAA3CAA0000FC0C02
:109C20003030000000000000000040000000000094
:109C30000000400000005F0A55003C003CAA000004
:109C40000000008240400000000000000000000012
:109C5000000002FF030300000000000880880000ED
:109C600000000000000000000000000000000000F4
:109C700000000000100000000000000004000000D0
:109C800000000000000000000000000000000000D4
:109C9000000000002004000000030000210000007C
:109CA0000000000040020200000040000004000428
:109CB000000000000000400000008821200040005B
:109CC000401000000000200008052000000088006F
:109CD00040000100000000084004002000042000B3
:109CE0000000000000000000000000000000000074
:109CF00000000000000080000000000000000000E4
:109D000000000000000000000000000000840000CF
:109D10000000000000000001000000000000020040
:109D200000000000000080018000000080000001B1
:109D30000001000000000002800000000000800020
:109D40008000000000000000000000000000000093
:109D500000000000400000000008000000000001BA
:109D600000000000000000000000000000000000F3
:109D7000000000000000000000008400000000005F
:109D8000000400000000000000800000000000004F
:109D900000000000000000000000000000000002C1
:109DA00000030003008000004100000200000400E6
:109DB0000400010000080000000200020000000092
:109DC00000000010008400800080028590100010C8
:109DD000008000040008000800000008900804103B
:109DE000200202000000000000000000000000004F
:109DF0000000000000000000030000000000000060
:109E0000000000010000000000000004000000004D
:109E10000000000000000000000000000000000042
:109E200000010000000200080000840000000000A3
:109E300080008000100002000000000041000010BF
:109E4000008200000082002100044104800400829E
:109E5000008200040083000800A0000400000082CB
:109E6000808280118082000300000000000000005A
:109E700000000000000001000000000502000400D6
:109E800004000105010902C01000040004C0000024
:109E90000009200020000020002000050000000034
:109EA0000000000500050000000801080000002176
:109EB00000030420408240020440000300C120212E
:109EC00001080008C1410008844100020010000898
:109ED00000211041912100000040004000032005B6
:109EE00003080040A008000300000000000000007C
:109EF000000041004100001020000000000085101B
:109F00008000808204000400822180008900894151
:109F100004900004000041001101028300000000D1
:109F20000000200000A000000000020002890000E4
:109F30002088000880018005A000800100A000406A
:109F4000004040A000A008084010008400820908DA
:109F50000010101000002000008800090201000815
:109F6000004004820088000841080000000004004E
:109F700004000500040000000400040005000400C3
:109F800004800200020002000200008000000000C5
:109F90000000200040400000100000800080C080D1
:109FA000000000004000A0218208000000000041E5
:109FB000010210000009C0000504000010000000AC
:109FC0002008820002000200400009008300C11145
:109FD00009030004000820040000208001000100A3
:109FE000824109058820044020A082200000000052
:109FF00080008000A0008000000080008000A000A1
:10A000008010800480828082808280000020008214
:10A0100041A000008000000100008000090400044D
:10A02000090400000000030000A00008000000C0B8
:10A0300000904091A18204840000C0010000A108AA
:10A04000001080900088A0C0C004800020C02000C4
:10A05000028220C000854108A1C12100820202C005
:10A06000028409A040C0202180A100414089000055
:10A07000004002000208200002000082204020115F
:10A0800002100000002100000085000020050208E9
:10A090000091002100910008000000042005010546
:10A0A00000800080002100030005080082100000ED
:10A0B0000041A100C1080002004100820303012108
:10A0C00000050040004108400182000402080041F0
:10A0D000002020031000900082210004100890024C
:10A0E0009021900000400040000008080040A0417E
:10A0F000000000018000800000008000002080013E
:10A100000000A100031003C00390034000840382F9
:10A1100003900320030003040311030003018300E1
:10A120002000020400040000030803008010200047
:10A13000000000C04000084000034000404002C052
:10A140000240021000A100022085400500A1800805
:10A150000000020980002100219000A020010000E1
:10A1600020080200118800012100004000000008C2
:10A170002000000000000021000800001000004046
:10A180000080901000080040000800410003000417
:10A190000189000000080040002000000080000548
:10A1A000000590800121C1A089A000038208002140
:10A1B0004003000020210008820588089121002129
:10A1C00040200208041100080010000000040010E4
:10A1D0004041200220002009020082100190838269
:10A1E00083021141001100088205048089002010BB
:10A1F00020108884000000000000000000008000A3
:10A20000000100080000000100010001000000A0A2
:10A2100000014002000000010001000100884040F0
:10A220000000009000042084200520050090038297
:10A23000001089C000000900210000900000020009
:10A240004008110909C0910840000002110000C136
:10A250002000000800C0001041000008000020405D
:10A260000440020002820008058409000940020837
:10A27000030020100040C1C000200002000205C100
:10A2800000209010000305C108209101001000C0BB
:10A2900000009088000002C002100882080801C176
:10A2A0002183000090000202008288890891000842
:10A2B0002090849000820000110202900990C090CA
:10A2C00084C0A18490408204828200088810C0105B
:10A2D000890000008900A00000020002000200883E
:10A2E00000C000200204000402C0C0408803100324
:10A2F00088C0109000108882090000800000008053
:10A3000009C100899080000809C1808083400089CC
:10A31000008008000400000000801100828080801E
:10A3200009C1890211008000004111910908001043
:10A3300010808200800000800000020011000300F5
:10A34000890084801180898080808580118011003F
:10A350008000A11110042002000900000000080084
:10A3600000000480048008000080002011000083A9
:10A37000004080808280008011808000008000008A
:10A380008080880000900400C180800080C100109F
:10A3900080800800400020048800000000100000B9
:10A3A0008000008082119080C18310000803851016
:10A3B00008081000908820A100800000820009A1F8
:10A3C000830541894100820510820040C10010824E
:10A3D000C01141802040040840C180000010800965
:10A3E000000800008004800080400000000003009E
:10A3F0002000020889000320098482800400C02014
:10A400000000C0C01100C0210000C1C008A0102180
:10A410000000C0C0000001880000C09000000200E1
:10A4200000020800A01011018588C18903100901EC
:10A4300085918908C10082410341089000004000D5
:10A44000A1021083A10904020885884002848200C9
:10A45000010209011104100188019190C0008400DB
:10A46000108884038400080110841083A08440A015
:10A47000C08401000184100001000889C0A00040D0
:10A480000002040200C008890088841000C1110382
:10A4900000888510C0C100000000028901C00210C0
:10A4A00000020208C0C14001018391A089C1408817
:10A4B00001831088890982020001080091000000D0
:10A4C00090C00000409010C102000001840511C13D
:10A4D000880100100211C11000880890000001C11D
:10A4E0001000C00090001000050208008400101049
:10A4F00003C1010484010303C0000040908888C0A8
:10A500000080008080800080C0090484808003C1B6
:10A5100002200080840303C11005000880214080D0
:10A520000010000200C180C180111102890091C198
:10A5300080084088880810900041000380081105B9
:10A54000000000090009009191C1900500030091ED
:10A550009182101000040005A004000582911110E2
:10A5600021900400000000008200C08280020009E7
:10A5700004020420208805218808801000908000B3
:10A5800080900000808080800000C11111800980CF
:10A59000A009C1000300090080008000000800003D
:10A5A00000108002804180808000C1000291008004
:10A5B0000011118283C108000841800500800080DD
:10A5C0000000000041C00402C1004003414040803F
:10A5D000218090028090800880800000802100A16E
:10A5E0000000000000000008008000008020000340
:10A5F000000000002102048085001040800480A13A
:10A6000000008003C000020202080000C10089208F
:10A6100003088900C100848805008800C00000018B
:10A6200088880001C000200208080800C1008308D3
:10A630000084000102108321899021010840888252
:10A64000880888000000034182108402830089008A
:10A650000010A1081000C088200110040000C0A153
:10A660000088C00088000200A040A008C0000400CC
:10A67000A08804C0100001A000200310A001C002A7
:10A6800008888888082000120000200000120012AC
:10A6900000C820000012001201C820004142000042
:10A6A00000C843000000000000C843000012000082
:10A6B00001C843000000000000C84300422181009F
:10A6C00000C8430000000000000000C18300000A31
:10A6D000810000C843000000004100C14300001297
:10A6E000000000C183000000842100C84300000076
:10A6F000818102C88300000000000000000000000B
:10A70000001100C843004100F0FFFF0FA0FA669956
:10A71000F0FF33CC28BE6699F0FF33CC28BE669993
:10A720000000F0F0000000FFFE55FE0FB39F6CCC60
:10A7300000FF00AA00F0F0F03C3CF5FFA2AAF7FFF2
:10A74000F5F514BEC3C3C3C30000303FAFAF82BE34
:10A75000BEBED8D8272700FF5555FFFF0FF0A5A58F
:10A760005A5A3C3CAAAAEBEBF3F355FF7878000069
:10A770000000AA559A653C3CC3C333333333A5A5C7
:10A780005A5AAFAF303FAAFFFFF0F0FFFF0FA0FA19
:10A79000669900F0CC3328BE669900F0CC3328BE11
:10A7A00066990000F0F0000000FF00AA00F0BA581F
:10A7B0006816000000AA00F000003C3CA0FFA0A822
:10A7C000F5FDA0A014BEC3C3C3C30000303FA0A0CA
:10A7D00082BE8282F0F00F0F00FFAAAA00000FF0E5
:10A7E000F0A50F5AF0F0F0F02828303000AA787861
:10A7F00000000000AA559A653C3CC3C33333333391
:10A80000E4E41B1BA0A0303FAA0000F033CCCC3303
:10A8100099991D1D33CC3F3F99991D1D69967D7DEA
:10A8200066661D1D0F0F0000FFFF000043BCDB2507
:10A8300055550A0A5500FF003C00D3D3BF3DFFFF2A
:10A840007D7D7D7DD7143F3FB2B2AAAA0000BE1421
:10A850005F5F8DA5725A99C6FFFF99999999F00F7C
:10A86000FD02C3C3C33C00000000FC0CF505553CD1
:10A87000FF0F55AA55AA9999FF00F0800F7F69969E
:10A88000699669696969FF0055553C3CFF0033CC06
:10A89000CC3366661D1DCC330C0C66661D1D966997
:10A8A000141466661D1D0F0F0000000000007F00DD
:10A8B0007A05FAFA5050550000003C00D3C3BF3D62
:10A8C00000007D2D7828D7140303B2AAAAAA00009D
:10A8D000BE140A0AA5A55A5A99C600005A5A5A998E
:10A8E0000FF002FD3C3C3CC300000000FC0CF505F1
:10A8F000553C000FA659AA55C6C6FF000F7FF08031
:10A9000055AA659A999999993C3C0F0FFF005555A6
:10A91000400080681C9010C5A30053691C9010C5AE
:10A92000A30153691C9810C545E38A0F052D82A227
:10A930001061200F004800001001200900400005B0
:10A94000006100090001000000613006C00900003C
:10A9500000000041300F020D100240618406C22148
:10A9600010024860803F002508021061000F004D72
:10A9700000080561303FC00D10024065843FC02FC4
:10A98000300240618006002D08021061203E004523
:10A99000000800000000000000000C0C3C003030FB
:10A9A000A0A00505FFAA003C2828000000000050D8
:10A9B000005000000000C6C93C3C5500FFFF30308D
:10A9C000F0F0FFCF555528EBFFFF00000000F0F03E
:10A9D000F0AA0000FC0CFF0F0000555503030A0A03
:10A9E000D0D0F8F8000000000C0AFCFA00000000CB
:10A9F0003C003CFF000000000000000000000000E0
:10AA000000000000FFFF555538FF3CFF000000002C
:10AA10000000000000000000000000000C0C3C00E2
:10AA20003030A0A00505FFAA003C28280000000047
:10AA3000C0C0C0C0000000003A16383C550000FFFE
:10AA400030300000FF0C5555F0F0F0F00000000031
:10AA5000F0F0F0E80000FC0CF00003005755030094
:10AA60000A00F0D0F0F800000000000AF0FA000040
:10AA70000000AAF0AAF000000000000000000000A2
:10AA8000000000000002FFFF151438FF38FF00002F
:10AA9000000003030000000000000000000055005B
:10AAA00014140096003C0F0F3C3C00000000000016
:10AAB0000000FF00FF200000000000000000FF0079
:10AAC000550000F0A0A03F55FF55AAAFFAFF0000C7
:10AAD000000000FF00FF000000000000D5D5F5F5E4
:10AAE000000000000100010000000000F0FF0CFC6D
:10AAF000000000000CFC0CFC000000000000000046
:10AB00000000000000000000FFFFFFFFF0FAFFFF61
:10AB10000000000000000020000000000000000015
:10AB2000550014140096003C0000000000000000D6
:10AB300000000000FF00FF200000000000000000F7
:10AB40000000550000F0A0A03F553C553C3C3C3C6B
:10AB50000000000030F330F300000000000055D585
:10AB600055F5000000000100010000000000000F8A
:10AB70000CFC0200000000F000F0000000000000EB
:10AB8000000000000000000000005D5D0C0CF0FA09
:10AB9000F0FA0000000000000000000000000000CB
:10ABA00000000000000000000000000000000000A5
:10ABB00000040020000000A0008000000000000051
:10ABC00000000000000000004000000000800000C5
:10ABD0000080000000008400000500000010040058
:10ABE00000000000C0000200010021000800000079
:10ABF000400000800000000000108800C02000001D
:10AC000002040004000000000009204002000000CF
:10AC100020210200000800000000200000000000C9
:10AC20000000000000000000000000001000000014
:10AC30000000000100010000000500040000000009
:10AC40000000000000000000008800000000000478
:10AC500000000004000000000000000000000000F0
:10AC60000400000000000000800008000800000050
:10AC7000000082000002000000000000000000014F
:10AC80000000000100010000000000000001800041
:10AC90000000000000000000000000004100000073
:10ACA00000000000000000000000000000000000A4
:10ACB000000000000000000800021000000000007A
:10ACC0000000000000000004000000000000000080
:10ACD0000000000900800084000000890085000356
:10ACE00000000000000000040080000000000000E0
:10ACF00000000000A000000300000000000001C1EF
:10AD0000000400090000000400000000000001032E
:10AD10000004000890100100000800020000000478
:10AD20000000000000000000000000000000000023
:10AD30001000000000000000000000010000000002
:10AD400000000000000000000000000000000008FB
:10AD500000040000000000100009000000020002D2
:10AD600000030000000400000001110400000000C6
:10AD700000080000000000100010000000000000AB
:10AD800040040011000000000000000040000084AA
:10AD9000400420000088008240C0008800010000BC
:10ADA00000010000000000000000000000000000A2
:10ADB000900000000000218000000000040000005E
:10ADC000040000008400880488000040C010844013
:10ADD00084000040004020410000000520110003D5
:10ADE0002008000000000021000000008821004031
:10ADF000402189099000000400050000A0400005E2
:10AE0000000590000000008000408209C01101038D
:10AE1000002100040205020200210000C1100021EF
:10AE200001210140000000000000000000000000BF
:10AE3000000020C0000000C0A0200008008480C0E6
:10AE40000082800000A00000004100000009000115
:10AE500000010000110100898002000800000000CC
:10AE6000000000C00000000800A0008200100000E8
:10AE700000C080084010038200090008000821106B
:10AE8000008808A000840082080400A100020302D8
:10AE900002A00000000180088211001000102000B4
:10AEA000000020A0200900000000000000000000B9
:10AEB0000000000000080008000000000000000082
:10AEC00041000080000000000008000000000000B9
:10AED00001000000000800800280008000000011D6
:10AEE0000004000000000000040001A0A105000013
:10AEF00002000000004110089040004100052000C1
:10AF000082401000C04104100400050841200404E0
:10AF10000005000500000080004088400000A1807E
:10AF200090880009010040000000000000000000BF
:10AF30000000000000000000000000000000000011
:10AF400009004000000400080000000800000000A4
:10AF500000A010000000000000100010000400001D
:10AF60001100008500840000000000081008200087
:10AF700000008084008800900000000100100004A0
:10AF80000082000900C0200000918040A0848485D8
:10AF9000800440840308000041024009030100844A
:10AFA00020400004000440820088000000000000EF
:10AFB0000000000000000000000003000200200468
:10AFC0002080010401032004200000050004C002C9
:10AFD00002050003004090800100000020040011E1
:10AFE0000040888000850080848800000300832161
:10AFF0000109010000410010100000039000001042
:10B00000824002820008A021084100832010040031
:10B0100020100009080808110004010800080200B7
:10B020000004A0210008040000A1004000840000EA
:10B03000000000002084008400C000008400800024
:10B0400080A1002020C1408482C1808411000901B8
:10B050000901090005A00301001002000088C09149
:10B0600020080203054005400510201000000208DA
:10B07000020008820800000000C000080000110063
:10B08000004000A00510008402A00900000480090F
:10B0900088A0808400C00084000000A14084008259
:10B0A00080080011000800840000000200A00000D9
:10B0B000000000000000001100000000000000027D
:10B0C000402000800100009101A1002101830104C2
:10B0D0000121008300840010000000050010001111
:10B0E0000004014000040002200040800000000035
:10B0F0000110002100042011004104212002000061
:10B10000204002039002000900041091090500008C
:10B1100002090210400801820400208802089008F9
:10B12000008840210040010320852110C0048910BF
:10B13000000000000000000000000200000000000D
:10B140000000808300042000004002021100204023
:10B15000020102000040004111890084000000014A
:10B1600011000001080105010000000000040008B2
:10B170000000100000020001800000C0008809905B
:10B18000218200048010000000000002004008043A
:10B1900000A00082A082A10404040008410240082B
:10B1A00000080302898805C102001102C00004855D
:10B1B00040A00000000000000000000000000000AF
:10B1C000000000C000001100000001C00101890062
:10B1D000008800C000900000000009C0C002010209
:10B1E0004010C1C0C0880884C090C0C0C0C08402E4
:10B1F00008020000C0C008C09002C0A0C0C102C0C8
:10B20000C0020889C1C004C0A108C010C0C009C0E4
:10B210002008100201000800000000001188010150
:10B22000A09100001100000010C000100083C08237
:10B23000901000100000000000000000000000005E
:10B2400000000000008000001000000040A021214C
:10B25000881000030080000002000000C180800010
:10B2600040808080418091000480000084800080C4
:10B27000000080000000918080800900000090881C
:10B2800009910900800284800980028000809180F9
:10B29000C0801180008021008000410000009100EA
:10B2A00020400509004091001110400200050040B7
:10B2B0000908082000110000000000000000000044
:10B2C000000000000000110021800980908403002C
:10B2D000218010008800084103000310880000004E
:10B2E0000040008080801000910310C08840A004BE
:10B2F0001090A188C1000000201010C18391C100EE
:10B30000A0000084A080A080040083C1A1C0900898
:10B3100000000090808080004002108404890800B2
:10B320000904C00809C0402003040421089100005A
:10B33000108904880284030000000000000000005F
:10B340000000000000000000001001080190C11082
:10B35000000001100000C0C0010100000000C10099
:10B36000100004011084C008A10240A003C1C11153
:10B370000900C182C0C1C184000085000482C0C030
:10B38000C1100900A082C1C0C10282080482C1C1EB
:10B39000C18502000282C0C0C08489018304C082CA
:10B3A000018421911103044003050000058200047B
:10B3B00000820040010501110100000000000000B2
:10B3C0000000000000000000000000010010080064
:10B3D00090C101880000400000C1008810000000FA
:10B3E00001C0C1210485000309C103A000C084116C
:10B3F00091C01009022000C0C0C0000108840021D3
:10B4000000C0C1C1050800A101C0C1C02082C005A3
:10B4100000C1C0C01111022100C0C0C00000040062
:10B42000080001000405080110918300C000080015
:10B4300082111010100005000000880000000000BC
:10B44000000000000000000000000000041000A048
:10B450008008918941000808801000900000800059
:10B460000000088041880040000591C1C10900101A
:10B470000088919002A000840090908000019110BB
:10B4800000820083C0C1409000040591C0909009E3
:10B4900000900090808410C00084008584830200A6
:10B4A00080008000040084A185020021840288209D
:10B4B00080050321848900001003090909000000A8
:10B4C000000000000000000000000000000008096B
:10B4D0001108108011098302058800009100800086
:10B4E000000800000003800900C10041808088A09E
:10B4F0001041088390908040808800400011000136
:10B50000800480850088008080008090000800040E
:10B510008004808890C190048002809080040000A4
:10B52000800080080080804080802011080000207A
:10B530004080001100008041028000002000904007
:10B5400000000000000000000000000000000000FB
:10B550000110000100840100C020000300009000E1
:10B56000C020008920000001C0000221820510C017
:10B57000C14188A111410282C085C0C0020502C13B
:10B580000001C088C0C002858402C000C0C102059D
:10B5900088A1C005C0C1080440A0C000C0C00810F8
:10B5A0001040C0101010021008A1048490030190F4
:10B5B000880189040001C08810018210820088007F
:10B5C000100100000000000000000000000000006A
:10B5D00000008100001043000000880000104300BC
:10B5E0004200000000C800004200000000C8200027
:10B5F0004842000000C820004821000000018300EC
:10B6000048420000000000C883004842000000C813
:10B6100083004842000000C883004842600000C820
:10B6200083004842600600C843000000000000C1DB
:10B6300000000000000000C10000810A500000C8A6
:10B6400000000000000000000000000000000000FA
:10B650000000000066666666F0F000003C3C0000FA
:10B660003C3C0000F0F000003C3C00004BA4D33C0C
:10B670004BA4D33C000049A7000049A700000000EC
:10B6800000000000000000000000000000000000BA
:10B6900000000000000000000000000000000000AA
:10B6A0000000000000000100080000000000A5A547
:10B6B000A5A5A55AA55A1C1CE3E3996666993C66A4
:10B6C000F0FF00000000000000000000000000008B
:10B6D00000000000000066666666F0F000003C3C7A
:10B6E00000003C3C0000F0F000003C3C0000F20C8C
:10B6F000BE40F20CBE4000009A6400009A64000054
:10B700000000000000000000000000000000000039
:10B710000000000000000000000000000000000029
:10B720000000000000000000000000000000000019
:10B73000A5A5A55AA55AA55AE3E31C1C99666699C6
:10B740003C66F00000000000000000000000000067
:10B7500000000000000000000000000000000000E9
:10B7600000000000000000000000000000000000D9
:10B7700041102000008811024110200000881102B1
:10B7800043102000008811060000431020000088AC
:10B790001106431020000088110643102000008885
:10B7A0001106431020000088110600000000000070
:10B7B0000000000000000000000000000000000089
:10B7C0000000000000000000000000000000000079
:10B7D000000000000000000000000000666600009D
:10B7E000FFFF00003C3C00006666000000FFFFFF1A
:10B7F00099990FF006F90FF006F95673252556733F
:10B8000025250000000000000000000000000000EE
:10B810000000000000000000000000000000000028
:10B820000000000000000000000000000000000018
:10B83000F0F0F0F099996666AAAACCAA2B2B2B2BD4
:10B840000F0F0F0F0F66FF3C00000000000000000C
:10B85000000000000000000000000000000066661C
:10B860000000000000003C3C00006666000000FF95
:10B87000FFFF9999007F0778007F07784F3D72722C
:10B880004F3D727200000000000000000000000048
:10B8900000000000000000000000000000000000A8
:10B8A0000000000000000000000000000000000098
:10B8B000000071F071F069699696AAAACCCCD4D434
:10B8C000D4D4F0F0F0F00F66003C0000000000005F
:10B8D00000000000000000000000000000004563C0
:10B8E0008A0FC52192A245E38A0BC52192A240E3AB
:10B8F0008007002D8202A061500700980005A0611A
:10B9000050050091000500610006009D0005000043
:10B91000006000070090000500610003009D000525
:10B9200000610005009D000500610007C09D000545
:10B93000A5610A3FC50D10A240618007002D1002CD
:10B9400040618007002D080200613007C00D000033
:10B9500000000000000000000000000000000000E7
:10B96000FFFFFFFFAA30AA3F0000FF3C000FF0FFDF
:10B9700000000000000000000000000000F0303077
:10B98000FFBEFFAFF0F5FAFF00000000AAE8AAE84A
:10B9900000000000000000C08080000000000000E7
:10B9A00008005F5F5F5F3C3C3C3C00000000F0F043
:10B9B000F0F00000000000000000F505F5050000B3
:10B9C00000000000FFFFB0FFF0FF4D4D5555AAFFEE
:10B9D000AAFF0000000000000000000000000000BE
:10B9E0000000FFFFFF7FAA30AA3F0000FF3CA0AF8E
:10B9F000A0AF00000000000000000000000000F008
:10BA00003030551455053C3C3C3C00000000AAE891
:10BA1000AAE800000000000000C0808000000000D4
:10BA2000000000001C1C1C1CA0A0A0F500000000D1
:10BA3000280028FF0000000000000000FF0FFF0F9B
:10BA4000000000040000FFFF30FFF0FF4D4D555592
:10BA5000AA0FAA0F00000000000000000000000074
:10BA60000000000000000000003DC2FF5F1E0A1E33
:10BA700000FFFCFC00000000FFFFFFFF00000000D3
:10BA800000000000000000003FBFFFBF00000000FA
:10BA90003F3F2AEA000000000000FFFF000CFFFF0C
:10BAA0003C3C4100000000000000F0F0F0F000001D
:10BAB0000000000000000000000000000000008006
:10BAC000008001000000FFF3FFF3FFFFFFFF000015
:10BAD0000000000000000000000000000000000066
:10BAE00000000000000000000000000000005F1ED9
:10BAF0000A1E00FF0C0C00000000FCFFFEFF00000F
:10BB00000000000000000000000030B0F0B00000B5
:10BB1000000000002AEA000000000000F3F3000C1F
:10BB2000FF003C004100000000000000003C82BE1D
:10BB300000000000000000000000000020000000E5
:10BB400000800080000000000F030F03A0BCA0BC19
:10BB50007C704C400000010000000000000000006C
:10BB600000000000000000000000000000000000D5
:10BB70001000000000800000000000000480008031
:10BB8000000000000000100800000000000040005D
:10BB900020009000000000000000001000000000E5
:10BBA000000010000000A00020080000900000022B
:10BBB00020002000201000002104050000000000EB
:10BBC00004102100000000000009008000000000B7
:10BBD0000208210000000000000500000000000035
:10BBE0000000000000000000000000000000000055
:10BBF000000000000000000400000000000000043D
:10BC000000040000000000008000000000000000B0
:10BC100000000000000000840000000000000000A0
:10BC20000000000000000000000000001000000004
:10BC30000401000040000200020088000200000031
:10BC400000000000020000000000000000400000B2
:10BC500000000000020000000000000000000000E2
:10BC600000000000000000000000000000000000D4
:10BC700000000000000400000000000000000000C0
:10BC800000030000000800000000000000000000A9
:10BC90000000000000200000000000000003000081
:10BCA0000003000900000000000900031005000067
:10BCB0000000000000000088008400000088008070
:10BCC00000000003008000000000000000000000F1
:10BCD00000000004000982001041000000C10000C3
:10BCE0000000000000000000000000000000000054
:10BCF0000000000000000000000000000000000044
:10BD00000000000000000001000000000000000032
:10BD10000000000000080005000000C00000000254
:10BD20000000000000000882000000040000001075
:10BD30000010000000000008000500090088000550
:10BD4000000400840000000400882100001000842A
:10BD500000840000000900080000800400100004B6
:10BD600000000000000000000000000000000000D3
:10BD700001000100000000418800410040A12100B5
:10BD8000010000040100010000210021C010010099
:10BD90000000880000004105002000200088888005
:10BDA000000000110008080800082080204000085A
:10BDB0000040000000000005001000030005002105
:10BDC00020400008000820000008000800081004B7
:10BDD000000900050008A021A00000080040400064
:10BDE0000021000000000000000000001100000021
:10BDF00000100200020000C00084008820840004BB
:10BE0000A0002000008320822000000000C000006D
:10BE10002084100010C01000820000010005000402
:10BE20000002000011100001001100A080408000FD
:10BE30000088401000820000090000C004100000CB
:10BE4000008400082110008203400088411100098D
:10BE50008801008800100000031003A000C011102A
:10BE6000410800A0000000000000000000000000E9
:10BE70000000000000000000004100000004000479
:10BE80000009000000410000000000080000000060
:10BE90000000000902080205020200000241000041
:10BEA00000A1000800001041204120219021A004A1
:10BEB00000110011000500000041101100000100F8
:10BEC000104101801005004120418802400000041B
:10BED0008211C00582210009A000000500020011A6
:10BEE00000000000204100000000000000000000F1
:10BEF0000000000000000000000000000000000939
:10BF000000C1000000000000000000000000000070
:10BF1000090800000010800180888001001080085E
:10BF2000000000040000000080008000800000008D
:10BF300000000000200000820000009000080000C7
:10BF400010108008100800A0000080040008800085
:10BF500000C00010000000000000000011081005E3
:10BF600000A0000000000000000000000000000031
:10BF700000000000000000000000000001000100BF
:10BF80000080008041009000010001800080A080BE
:10BF9000002120A10000000000000000400000A0DF
:10BFA00000020104000401000000020410840000EB
:10BFB000200800400000C100A100000800410084EA
:10BFC000004100000000900410404000401020009C
:10BFD000A005A003000000000805A0092000C02162
:10BFE000080200004000A005C02100000000000081
:10BFF00000000000000000000088000020A0028473
:10C0000002000004000402080088208420042104A7
:10C0100000040084804000C0000000004004A182B1
:10C02000200204002001000802000000800183417A
:10C0300000008085000902A02000201011000900E6
:10C040000502008400C010000009914002408000F9
:10C050008000001002840908210020820000801066
:10C060000000008540108808000000080000000063
:10C0700000000000000000000000000000000000C0
:10C080000000000000000000200820040000000361
:10C090000040001100410021880000080008000253
:10C0A00000094009000002080221001100002008D8
:10C0B0002008100010000040410000000090000027
:10C0C00000000000000888A1202189410410200000
:10C0D00000040204004140082008100810048440B5
:10C0E00082050421000440118809000408020000B0
:10C0F00000000000000000880000000000000000B8
:10C10000000000000008000000A080008001000086
:10C110000000000100840000000000000008000092
:10C12000000000008008000080A0800000000000E7
:10C130008000000080008000000104002000410217
:10C1400000C000000000000000048000200000008B
:10C15000801000910001000090A000030001000188
:10C160001100080000042001910000000000000000
:10C1700000000000000000000000000000000001BE
:10C1800000C0000000A0000001C000200901000163
:10C1900001C100210800000001C18490918888A09D
:10C1A00000C000001004000000C00004890000006E
:10C1B000000000C10000C1000000030000001000EA
:10C1C000000000C040020002028201010100C10023
:10C1D0000001C11004C04002C008C19101028804DE
:10C1E000900208100002C008820282C100051008F7
:10C1F000908500000000000000000000000000002A
:10C200000008008000000000000011800089084044
:10C21000001011C009820320000011C1008983C1F0
:10C220008000008010000900000000801000040061
:10C230000000000040C1002104050000C00004000F
:10C24000040000000080000000800080114109040B
:10C25000904100401000200089008000404109A169
:10C26000100900C1858004004180008000042090F6
:10C2700040840040000000000000000000000000BA
:10C280000000000200000000000080002080080084
:10C2900082008040208002009100802082001109ED
:10C2A0004000C111100008001000C1000800A0806B
:10C2B0000800A1000000098000000980C1000010F2
:10C2C000000080418000C00091020400C000110005
:10C2D00010008440C109800280C1000200908000EB
:10C2E00040C011C14180800800A00004000080000F
:10C2F0000091008000040000000000000000020027
:10C30000000000000000000000000000C0000188E4
:10C3100001009000C001018801009000C001880068
:10C3200000010100C101010000000100C100010283
:10C3300010820000C1840000000800000190C100CC
:10C34000000002000400C000090002000000C1005B
:10C350009000A000840109110820048384C1028395
:10C36000400085839190C14090019082C089100463
:10C3700002C0C0829008A00400000000000000007D
:10C3800000000000000088000000000000C000C0A5
:10C3900000000090C10001C000000090010001C138
:10C3A000000001C1028401C100000000000300C0C0
:10C3B00000000001841000C1000088000001018419
:10C3C00001C100880411008200C000400040408488
:10C3D00010C0000000000100010108038403C00236
:10C3E0009085C0A101A082831111048282A0400324
:10C3F00005A008C000822009834100000000000061
:10C40000000000000000000000000000000000002C
:10C41000008000412189050909890008099105006A
:10C42000099100004040008909C10002001100216B
:10C43000009104030008008810880000800911089A
:10C4400040C011C1001180A00011048200000080D2
:10C45000000000800000000409111141002000903C
:10C460000020904000404000C10591C10011001023
:10C470000008041080034002A185914100000000E3
:10C4800000000000000000000000000000000000AC
:10C490000000000082C040091000000383820209EE
:10C4A00011008003C191C004098000030000000056
:10C4B0000000001089008309000002050000C1008F
:10C4C000050040004009000000000000000080005E
:10C4D0008080000000044180041103000400031167
:10C4E00088000580840080848040808000400009AE
:10C4F00080800000800005002004898021800000E9
:10C50000000000000000000000000000000000002B
:10C5100000000004C000C041A10101000001C003EF
:10C52000010100000401C14121C1A190000000905F
:10C53000020000880001C0C01100000000000000DF
:10C54000C182000001A00001000000A00002000064
:10C55000C0040408104040000188008901900000D8
:10C56000880009C00240080088891021080890014D
:10C570000200200490021000C00088A11008880268
:10C5800000000000000000000000000000000000AB
:10C59000000000000000000050000010000000003B
:10C5A0008100001000000000000001C843000000EE
:10C5B000000000C800000000000000C822000000C9
:10C5C0000000000000C800000000000000C143009F
:10C5D00000000000000000000000820000C8000011
:10C5E0000021500002C80000410A480000C80000B5
:10C5F0000000480000C800000000500000C8000013
:10C60000000000000000000000000000000000002A
:10C610000000C3C3C3C3FFFFFF00FFFFFF00FFFF16
:10C620000F0FFFFFC3C3FFFF0F0F00F0F0F0F0008C
:10C6300000F000FF00FF000000FF000000FF00000E
:10C6400000FF00000000AAAA000000FF0000000098
:10C650000A8B81240C0C0033F0000C300000000029
:10C66000000000002A7A2F7FBE30BEF3A0AFA0AF3B
:10C6700014BEFAFAB2C3B2FF55B4FFB4AAFFB4B401
:10C68000F382F3BE00000000000000000000000084
:10C6900000000000C3C3C3C3FFFFFF00FFFFFF0094
:10C6A000FFFF0F0FFFFFC3C3FFFF0F0F00F00000DE
:10C6B00000F000F000FF00FF000000FF000000FF9E
:10C6C000000000FF00000000AAAA000000FF000018
:10C6D00000000A8B81240C3F3300FC3003C00000B3
:10C6E00000000000000020702575823082F30C0CE1
:10C6F000FCFC14BE5050B200B23C00B4AAB40055C9
:10C70000B4B4308230BE0000000000000000000021
:10C71000000000000000F0F0FFFF0000FFFF00FF3E
:10C72000FFFF00FFFFFF00FFFFFFFF0000000C0CFA
:10C730003C00555514140F0F0000FFFF0000FF00D0
:10C7400000000F0F00000000FFFF00000000FFFFCF
:10C75000FFFFFFFFA50050000690282E44448B8B5E
:10C7600000000000FFFF0F1435FF35F0BE141E1E41
:10C77000FFAA55003D3D01013CFF550FFF00141479
:10C780005F503F3F35350505000000000000000008
:10C790000000000000000000F0F0FFFFFFFFFFFFBF
:10C7A00000FFFFFF00FFFFFF00FFFFFFFF00000093
:10C7B0000C0C3C00000014140F0F000000000000DF
:10C7C000FF0000000F0F0000000000000000FFFF4E
:10C7D000FFFFFFFFFFFF00A5FF500690282E88886F
:10C7E00003030000000000000F14350F350014147F
:10C7F0001E1E2D2D2D2DFF3CC3003C00550FFF00AC
:10C800000F0F5F503030F505F50500000000000007
:10C810000000000000000000000040028000002036
:10C82000920240E38001C021920240E38001C021D6
:10C830008A02100120090040000840628007002D94
:10C84000920245E38A0D0025920200004082800199
:10C85000002082020061070700AD920000E300069D
:10C86000000D8A0000000001C00000000065000704
:10C87000C0CF200000600007C0C0000000610007BA
:10C88000C0CD000000610007C0C90000000000002A
:10C890000000000000000000900000000000000008
:10C8A00000000000F5F505055078D2FA55FF0F0F8E
:10C8B000D0D0F2F20F00FFFF00F0A0A000000000B7
:10C8C00003810F0F7D7D7D0000FF4FFF00000808F2
:10C8D0000A000082808000000000000000000000CC
:10C8E0000000000000003C0FFF3C0FFFA0AF17D777
:10C8F0001714BEBE30F300000000BEBE28EB0000DF
:10C9000000000000010070704040F0F03CC30000E7
:10C910000000000000000000000400088002000089
:10C92000000000000000FFF00F005078D2FA550020
:10C930000F0FE0E0F1F10F0000FF00F0A0A00000F9
:10C94000000000000F0F7D7D7D0000003000000022
:10C9500008080A000082808000000000000000013A
:10C9600000000000000000003C0F003C00F0A0AF01
:10C9700017141714828230F300000000828228EB23
:10C980000000000000000000C000C000FAFA3CC334
:10C990000000000000000000000202000040400013
:10C9A0000000000000000000DF1CDF1CA0AFA0AFF3
:10C9B0005F5F5F50ACACACAC55000505FC3C00AA19
:10C9C000000000008FBF82BE000000000AFFFAFFD7
:10C9D00000000A0AAA00828200C3000000000000D2
:10C9E000000000000000000000003C0FFF3CFFF0D2
:10C9F000F03C000000000000000000040800FAFA0B
:10CA0000A0AF0000000000000000010101010000D3
:10CA10000000000000000000000000000000000016
:10CA200000000000000000000000D310D310303FD1
:10CA3000303F505F505000FF00FF550005050C3C93
:10CA400000AA00000000FFFF82BE000000003C3C86
:10CA50003C3C00000000000000000000000000005E
:10CA60000000000000000000000200003C0F003C3D
:10CA700000F0F03C0000000000000000000000009A
:10CA80000A0AA0AF0000000000000000C303C000BD
:10CA90000000000000000000000000000000000096
:10CAA0000000000000000000000000000000000086
:10CAB0000000050000000000000000000000000968
:10CAC0000000000000000000000900000005000058
:10CAD0000000010000000008000000080000000045
:10CAE000000000000010000000090000000000002D
:10CAF00000090000200500000010001000000010D8
:10CB0000000000000400000000000000000400001D
:10CB1000000000008404000000000000000000107D
:10CB20000000000000000000000000000000008481
:10CB300000000000A0000000000000000000000055
:10CB400000000000000000000000000000000000E5
:10CB500000000200200000000000000000000000B3
:10CB600000000800000000000000000000000000BD
:10CB7000000040000000800000000088000000006D
:10CB8000000000000000000000000900000000009C
:10CB9000000000000510410000000000000000003F
:10CBA0000000000000000000000000000000000085
:10CBB0000000000000000000000000000000000075
:10CBC0000000000000000000000000000000000065
:10CBD0000041000000000000000300000000000011
:10CBE0000000000000000000000000000000000045
:10CBF00000090000000900000040000900000000DA
:10CC00000000000000000000000000000041A00043
:10CC100000041004000000040010000000000000E8
:10CC20000000000000000000020000000000000002
:10CC300000000000000000000000000000000000F4
:10CC400000000000000000000008000000000008D4
:10CC5000008210081008008400000000000000009E
:10CC600000001104000800840082210800100082E6
:10CC7000000800000008000800080000000800008C
:10CC800000C00082000800000000000800C0000092
:10CC90000008000000080008000800000000000074
:10CCA0000000000000000000000000000000000084
:10CCB000000020020010002190088821002100219E
:10CCC000002100210008000800000021002190211F
:10CCD000C021002100210000A0000021000000214F
:10CCE00000210021002100210000004100218821B5
:10CCF000002100210021002100210000002100214D
:10CD0000002110210021002100210000002100212C
:10CD10000221822100210021C021C0000021000049
:10CD20000000000000000000000000000000000003
:10CD30000000000000000090000011000000000052
:10CD400000000000000000000000000800000000DB
:10CD500011000000000000020088009000000000A8
:10CD600000880000000000100000004011000010CA
:10CD70000000001000C000004108030003C00010C4
:10CD8000001000001188008421000290000800C0FB
:10CD900000001110411000000000001000C0081039
:10CDA0000000000000000000001000000000000073
:10CDB0000000000000000000000000000000000073
:10CDC000040020000000000000000000000000003F
:10CDD0008200000000000000000000000000C00011
:10CDE000000082000000000400000000C000C0003D
:10CDF0000000000000110000000000008809000091
:10CE000000000000A00002000000000000008800F8
:10CE100000000010000000090011000004000000E4
:10CE2000048000000000000000000000000000007E
:10CE300000000000000000000000000000000000F2
:10CE40000000000000000010000000900000001032
:10CE50001010000000080000000000000082000028
:10CE60000000000000000500000000841188008818
:10CE70000082000000C00004400400C000200084C4
:10CE80002004020000C00984099000000000000492
:10CE9000000000002040000000000010000400C05E
:10CEA0000000002000000000000000000000000062
:10CEB0000000000800000009000800002021000018
:10CEC000000000000000004100000000020000021D
:10CED0000000840820000009000800000000000293
:10CEE00000210403000000020000C003A0080200AB
:10CEF0008840020000080003900300080000024080
:10CF000010050000000502000200001000000000F3
:10CF100000000200020800000003840884000240B0
:10CF200000000000000000000000000000000010F1
:10CF30000010000000000000000000000000009051
:10CF4000008811841188000000000010000000001B
:10CF500000000000000009080900000005100002A0
:10CF60000000020285020000200000000084000092
:10CF70000084000200000010050005000000000011
:10CF8000000011000540208220C000400988214097
:10CF900011840300210009C00500000411021110D2
:10CFA000400421C003040000000000000000000055
:10CFB0000000000000000000000000000000000869
:10CFC0000008000800110005000000000010000823
:10CFD00000000000000000000000000084030003C7
:10CFE0000008000800080800000000000000000021
:10CFF000000000000000000900050004000000001F
:10D0000000100000900000000400400020044000D8
:10D010000008C00084100000001000108400000010
:10D02000000002000020C0032000000000000000FB
:10D03000000000000000000000000000000000846C
:10D040000000000000A00090000009000000008225
:10D0500000C0001000000010000000C0100200001E
:10D060001000008200040000100000000000000416
:10D0700000000000029000C0200400000008200012
:10D0800000820000000400000000A08200000900EF
:10D090000900200020002100000000000200000420
:10D0A0000000008800000004400084200000C1004F
:10D0B0000001C182010000000140C184C001C00024
:10D0C0000010C0820000C0000183C0000000C10049
:10D0D0000001C182010000000140C184C000C00005
:10D0E0000008C0820000C0000183C00000000000F2
:10D0F000C1000001C182010000000140C184C000E4
:10D10000C0000090C0820000C0000183C000000089
:10D11000C1000001C182010000000140C102C00045
:10D12000C0000008C0820000C0000183C0000041B0
:10D13000C1410003C18241410041419088118004F6
:10D140008441008080800041804141838000004113
:10D15000C1410003C18341410041418988118040A0
:10D16000C0410080808000418041418380000000F8
:10D170000041C1410003C1894141004141A08811E2
:10D1800080408441000080800041804141838000D4
:10D190000041C1410003C183414100414190889158
:10D1A000800485410080808000418041418380006F
:10D1B0004100114100C10000414190410041024144
:10D1C00009C10941004180004100C14100C18011F5
:10D1D0004100114100C1000041419041004109411D
:10D1E00009C10941004180004100C14100C18040A6
:10D1F00000004100114100C100004141904100C1C7
:10D20000044188C10341004180804100C1C100C187
:10D2100080C1410311C100C1000041419041004162
:10D220000441A0C109C1004180804109C1C100C1C0
:10D2300080200000000100C100000001400100C189
:10D24000000102C102C1000308000200400100C148
:10D2500082000000000100C10000000140010089BF
:10D26000000102C102C1000302000200400100C12E
:10D27000820100000000000100C100000001400127
:10D280000011000102C1039100030240020040832B
:10D2900000C182200000000900C10000000140011F
:10D2A00000C1000105C102830003402002004011BB
:10D2B00000C1820100400000C183000000000000A6
:10D2C000C182100800880000C1400000000000007A
:10D2D000C100000000400000C18300000000000009
:10D2E000C182100400100000C140000000000000D6
:10D2F000C1000000000000400000C18300000000E9
:10D300000000C182401000020000C1400000000087
:10D310000000C100000000400000C18300000000C8
:10D320000000C18210A000020000C1400000000007
:10D330008200C100000000800041C18300000000A5
:10D340000041C190009100410041C1C100000000B6
:10D350000021C141000000800041C18300000000A5
:10D360000041C190001100C10041C1C10000000096
:10D370000021C1410000000000800041C183000085
:10D3800000000041C190001100C10041C1C1000076
:10D3900000000021C141000000800041C183000065
:10D3A00000000041C190001100C10041C1C1000056
:10D3B00021008021C1412000C191804180C1000035
:10D3C0004102004141C103C1C1410080808200008F
:10D3D00041410041808003C1C191804180C1000072
:10D3E0004102004141C103C1C1410080808200006F
:10D3F00041410041808003C10000C191804180C152
:10D4000000004102004141C103C1C141008080824E
:10D41000000041410041808003C1C191804180C131
:10D4200000004102004141C103C1C141008080A10F
:10D43000000041410041808003C140C02001824082
:10D4400000000000020188C101C1400510C040C0B9
:10D4500000000001000140C001C140C02001824025
:10D4600000000000200188C101C1400910C040C077
:10D4700000000001000140C001C1000040C02001C7
:10D48000824000000000020120C101C1400910C01B
:10D4900040C000000001000140C001C140C02001A7
:10D4A000824000000000020120C101C1400990C07B
:10D4B00040C000000001000140C001C100000000A8
:10D4C000000048420000000000004842811200C8ED
:10D4D00043004842000000000000484200000000F5
:10D4E000000048420000000000004842811200C8CD
:10D4F00043004842000000000000484200000000D5
:10D500000000000048420000000000004842811274
:10D5100000C84300484200000000000048420000EC
:10D520000000000048420000000000004842811254
:10D5300000C84300484200000000000048420000CC
:10D5400000000000000000000000000000000000DB
:10D5500000000000000000000000000000000000CB
:10D5600000000000000000000000000000000000BB
:10D5700000000000000000000000000000000000AB
:10D58000000000000000000000000000000000009B
:10D59000000000000000000000000000000000008B
:10D5A000000000000000000000000000000000007B
:10D5B000000000000000000000000000000000006B
:10D5C000000000000000000000000000000000005B
:10D5D000000000000000000000000000000000004B
:10D5E000000000000000000000000000000000003B
:10D5F000000000000000000000000000000000002B
:10D60000000000000000000000000000000000001A
:10D61000000000000000000000000000000000000A
:10D6200000000000000000000000000000000000FA
:10D6300000000000000000000000000000000000EA
:10D640000000757B000000000000000000000000EA
:10D6500000000000000000000000000000000000CA
:10D66000DEAE757B0000000000000000000000003E
:10D6700000000000000000000000000000000000AA
:10D68000DEAE0000757B000000000000000000001E
:10D69000000000000000000000000000000000008A
:10D6A0000000DEAE757B00000000000000000000FE
:10D6B000000000000000000000000000000000006A
:10D6C0000000DEAE60060300000000000000003134
:10D6D000E0000000000000000C000000000000005E
:10D6E00000C060066006030000000000000000317A
:10D6F000E0000000000000000C000000000000003E
:10D7000000C060060000600603000000000000008A
:10D710000031E0000000000000000C0000000000EC
:10D72000000000C06006600603000000000000006A
:10D730000031E0000000000000000C0000000000CC
:10D74000000000C0600600000000000000000000B3
:10D7500000000000000000000000000000000000C9
:10D760000000000000000100010001000080001026
:10D770000000000000000000000000000000400069
:10D7800000000000880000000000000001002000F0
:10D790001103110010001100000000000000000043
:10D7A000202100090100010200000000000020000B
:10D7B000000000000000200900030000000300102A
:10D7C0002100010001000100000000000000000035
:10D7D0000000000000000000000000000000000049
:10D7E00000000000000000000200020008004010DD
:10D7F0000001000000000000000000000000000028
:10D800008000000000000000000000000000200078
:10D810008084A000A0008000A00000000000004064
:10D8200000021100000008000201000000000000DA
:10D8300040000000000000000000000000000000A8
:10D8400000004000400040004000000000000000D8
:10D8500000000000000000000000000000000000C8
:10D8600000000000000000000000000400000003B1
:10D870000000000000000000002000000000004048
:10D880000000000000000080000000030000000015
:10D890000000000000000008000800040000000074
:10D8A000000504040000000000000000000000006B
:10D8B00000800004000000000000000900000000DB
:10D8C00000410000000000400000000000000000D7
:10D8D0000000000000000000000000000000000048
:10D8E0000000000000000000000000000001000037
:10D8F0000000000000080000000000850008001083
:10D90000000100080000000000080088000300007B
:10D91000000400880000000800C1000100010008A8
:10D9200000880010000900000084000800000000CA
:10D930000000000400010008001000000082000840
:10D94000001000000008000000000040004000003F
:10D9500000000000000900000000000000000000BE
:10D9600000000005000000004000408000000000B2
:10D97000C008C008010000100041010001000000C3
:10D9800082088440000000000000400840030000BE
:10D990000085002100C100840180011020000800E2
:10D9A000000000050100A00200210000002100008D
:10D9B0001008100000A12010004100020002011018
:10D9C00000000000000500418821002188050009B1
:10D9D0000000000000000000000000000000000047
:10D9E000000800A000100008000080A080020008CD
:10D9F0000000000021004000000000004000040082
:10DA00000008000800081108000020088000808439
:10DA1000000000040040020411050208020080001A
:10DA200080000008000808100002000000A00000AC
:10DA3000000080018200001091A00800080008008A
:10DA400040080008004000A04008000000000090CE
:10DA500000000000000000000000000000000000C6
:10DA600000000000000000000000000000000000B6
:10DA700000000000100000004080840001000080D1
:10DA80002000840000000180008020800000000051
:10DA900000000000000000000000040000808880FA
:10DAA000A0800088000000002000000000000000AE
:10DAB00000000800200000800000020000000200BA
:10DAC0000880080000000000000082000000000044
:10DAD0000000000000000000000000000000000046
:10DAE0000000000000000000000000000000000036
:10DAF00000C0000000008082008480020000020854
:10DB000000020000000000000202000200020010FB
:10DB1000000400000000000000000240800000043B
:10DB200000040004000800000004000000A00084BD
:10DB300000840084080800000008000000000000C5
:10DB4000800280028000000000000000000000044D
:10DB500000880090000000000000000000000000AD
:10DB60000000000000000400040004000000018028
:10DB7000000021822080000000000000000000045E
:10DB80000200840304009103008220104002004040
:10DB900000000110000200000000008200090005E2
:10DBA00020052000A0800000000000830041090043
:10DBB000004100C08200001000000100820400103B
:10DBC00002050105000000000200020808000840EC
:10DBD0000000000000050000000000000000000040
:10DBE00000080000000000088000800880A00000FD
:10DBF00010080000C00380020000000000000000C8
:10DC000000098000000280A02000000380A08301A2
:10DC1000000000004084000000000000000400003C
:10DC200000000208800000100000200002400000F8
:10DC3000C0000000004100000001000802000011C7
:10DC400000098008100021000000800091A08010D1
:10DC500080880000000000000000000000000000BC
:10DC6000000000100000000000000005000020007F
:10DC700004000010000088080000000001000100FE
:10DC800000802003000000210011200020008405F6
:10DC90002085000000210004001000002004200462
:10DCA0008804002120100240024020100203A00539
:10DCB000A003000088110004000200009005200568
:10DCC0002005000802044004000490092005A00873
:10DCD0008805C0050040002100210003000000006D
:10DCE0000000000000000000000000000000000034
:10DCF0000000800002000000000000000000100092
:10DD000020000002800000000000000000008000F1
:10DD10000004800200000000000003000000000179
:10DD20000001000900002000000800000000A1A080
:10DD300020002000000000000000000000A0000003
:10DD40000000800000000000000000000300000050
:10DD500000000000000000040400090000000000B2
:10DD6000000000000001000000000000000000C0F2
:10DD700000900000000000C0909084000000C0C02F
:10DD800003C090020804000000000000000000C072
:10DD9000A0901010900100C100119111900200009C
:10DDA0000000000000000000C0C105C00004C01158
:10DDB000C0C004C008021088900400C0822084847F
:10DDC000C0C005C0A0021008C0C003C0820810A0D7
:10DDD000C0C008C000081004C0C002C14003848451
:10DDE00000000000000000080000000000000040EB
:10DDF0000080008000000000028380830000000398
:10DE00008480108080008000000000000900000075
:10DE1000038082408920000300C10340840800C0C1
:10DE20000000000000001100000082C10989090003
:10DE300000A0918005808000000000800500008027
:10DE40000000C180098011008080848004800080EF
:10DE5000800085808080008000809183418805203B
:10DE60008009800000000000000280000000000027
:10DE7000001000008000000080804080A10011415F
:10DE8000C19100080088809080001011100010805F
:10DE90000900000080020941A10282008908098569
:10DEA000A100000000108000000480008000898430
:10DEB0009184C1098000008480C080808000800837
:10DEC00080808000110920888482C100100088822F
:10DED00088808400000080C080848080028040852B
:10DEE00088A1C00508000000000000000800000034
:10DEF00000000000000082000000C09001C083000C
:10DF00000100C19184011083C0C0C08401000000E1
:10DF10000010000000000800C0A0C10110001001A6
:10DF20000084C184000090000800040190000440B7
:10DF30004083C1C1C10340008882C0C1C002080043
:10DF400008010804C00088019183C1C1C182880012
:10DF50001183C1C0C11002004083C0C0C04082888C
:10DF6000A182C1C1C01000000000000088000000B4
:10DF700000000000400000000000009000C0000110
:10DF80000001049001C08984002100C0C1C10000CB
:10DF9000000000000000A0030105014110C1209015
:10DFA0000088C01101C0000100001000C000010085
:10DFB0002005850405C1C1C10421C02188C0C1C09C
:10DFC0009011000240A00809A010009100C1C1C139
:10DFD00004210020A0C1C0C18410000400C0C1C041
:10DFE000048203A1A0C1C0C0000000000000000026
:10DFF0000000000000000000000000000080118010
:10E00000000400040085408040200003008991C185
:10E0100000000000000000000088030804C04088E1
:10E0200000054105110511850001000000000000F8
:10E03000040084880289898591C109820083008552
:10E0400091C0008800A10005809105000020008596
:10E0500091C182040085808480C10400000000809A
:10E0600084808203890841A0A0890000000000008C
:10E07000000000000000000000008000000300001D
:10E080000080A111A10511000511800980880020E0
:10E090000000001100410000001185200300000075
:10E0A000000080C1000000000000000100040080AA
:10E0B00000800000C1A089C000C00304800880C1A6
:10E0C00000040000801180000000800080808088B3
:10E0D00000828000809180C18082008480008083E3
:10E0E00080208080C1C08883038909A100000000CE
:10E0F000000000000000000000000000900000018F
:10E1000000000010C103200101000001C000C0C1D7
:10E11000020504C00088C00188008400C00084900B
:10E1200000204000C009A0200020400000010000A5
:10E1300000C000400000C189C0C1044188A0C001E6
:10E14000C0C0021088C09001048482049000C0887E
:10E15000C0C1021108A0C002C0C008104008C00021
:10E16000C0C108110408C020C1C10204841100000C
:10E17000000000000000000000000000000000009F
:10E18000000008000000000000442200820081001E
:10E1900000C883004842818100C84300420000005B
:10E1A00000C800000000810000C8000060000000FE
:10E1B000840000C843004200840000C88300484235
:10E1C000600000C883004842840000C8430000008B
:10E1D000600000C8830048420000000083004842FD
:10E1E0000000000083004842000000008300484215
:10E1F000000000000000000000000000000000001F
:10E20000FFFF0000FF000000FF000000FF00000013
:10E2100000000000000000007F407F400000000080
:10E220002418002433000C0C2418180033000CFFB1
:10E2300000000000000000000000000000000000DE
:10E24000000000000000000000000383F3E3F0F092
:10E25000F0F00000000000000000000000000000DE
:10E2600000000000000000000000000000000000AE
:10E27000000000000000000000000000000000009E
:10E280000000FFFF0000FF000000FF000000FF0093
:10E29000000000000000000000007F407F40000000
:10E2A000000042813C7E00333F0C4281BD3C003384
:10E2B000000C000000000000000000000000000052
:10E2C000000000000000000000000000C3C3C3C342
:10E2D000FF002424000000000000000000000000F7
:10E2E000000000000000000000000000000000002E
:10E2F000000000000000000000000000000000001E
:10E30000000000000000000000000000000000000D
:10E3100000000000431020000088110600000000EB
:10E3200000000000000000000000000000000000ED
:10E33000000000000000000000000000000043108A
:10E3400020000088110643102000008811060000FC
:10E350000000000000004310200000881106431058
:10E360002000008811064310200000881106431089
:10E3700020000088110600000000000000000000DE
:10E38000000000000000000000FF00000F0F000070
:10E3900000FFFFFFF0F000000000000000000000A0
:10E3A0000000FFFFFFFFF0F90906FF600096FF3055
:10E3B00000CCE2E20505000000000000C3EFC380CE
:10E3C000000000000000000000000000000000004D
:10E3D00001433D7F00080400000000000000000031
:10E3E000000000000000000000000000000000002D
:10E3F000000000000000000000000000000000001D
:10E400000000000000000000000000FF00000F0FEF
:10E41000000000FFFFFFF0F000000000000000001F
:10E4200000000000FFFFFFFF00909060600096007A
:10E430003000CC004242A0A0000000000000C3C396
:10E44000C3C3000000000000000000000000000046
:10E45000000000423C7E04000000000000000000BC
:10E4600000000000000000000000000000000000AC
:10E47000000000000000000000000000000090000C
:10E4800000000000000090000000030203080C00E0
:10E4900092C003E3030E0C0D82C000610006C09918
:10E4A00000050061003FC00D10D660E300010009C7
:10E4B000920000E30007C009AA0000000061000705
:10E4C000C00D000000000001C090000500610006C2
:10E4D000C099000500614006C00900050060000702
:10E4E000C090000500610006009D000500000000CE
:10E4F0000090000500610006009D0005000000047A
:10E5000000088002000000040008800200000000F3
:10E5100000000000000000000020002000000000BB
:10E520003C96F05A0000000000000000FFFFFF00D2
:10E53000FF00FF0800000000007F00FF0000000057
:10E540000000000000003C5555FF3F3F0CFC000060
:10E550000000D0D0F8F8000000002020F7F70000FD
:10E560000000FAFAA0AF0000000000040000000064
:10E570000000000000005555CF0CA0FF3CFF00023A
:10E580000200004040000002020000404000000085
:10E5900000000000000000000080002000200000BB
:10E5A00000003C3CF05A000000000000000000FFAA
:10E5B0000000FF00FF000000000000FF00FF00005F
:10E5C00000000000000000003C55550030300CFCFD
:10E5D00000000000F0D0F0F8000000000020FFF77D
:10E5E000000000000A0AA0AF0000000000000010B8
:10E5F000000000000000000055550C0CA0003C007D
:10E60000000000000000000000000000000000000A
:10E610000000000000000000FFFFFF3CFFF6006963
:10E6200000000000000000000000000004000000E6
:10E63000FBFFFBFF00FFFFFF00C35757300C00003C
:10E6400000000000000000000000553C3CFFAFAFA0
:10E650000AFA0000000000000000000000000000B6
:10E66000000000000000F0FF0CFC000000000000B3
:10E6700000000000000000000000F535C505ACAC4E
:10E68000ACAF00000000000000000000000000002F
:10E6900000000000000000000000FFFFFF3CF6FF4C
:10E6A0006900000000000000000000000000000001
:10E6B00000000400040000FFFFFF00C354540000EA
:10E6C000000000000000000000000000553C3C007D
:10E6D000A0A00AFA000000000000000000000000F6
:10E6E0000000000000000000000F0CFC0000000013
:10E6F00000020000000000000000000035350505A4
:10E70000A0A0A0A300000000000000000000000086
:10E710000000108000000000000000000000000069
:10E7200000000100000001000000010000000000E6
:10E7300000002100000000000000000800000000B0
:10E7400000000000000000000000000000000000C9
:10E750000020000020000000000000004008000829
:10E760000008000000000000000000000010001081
:10E770000000000520080010000800000004000848
:10E78000010500080000000000000000000000007B
:10E7900000000000800200000000000000000000F7
:10E7A0000000000020000000200000001000000019
:10E7B0000000000010000000000000000000000049
:10E7C0000000000000000000000000000000000049
:10E7D00000000401000000000000000002008000B2
:10E7E0000000000000000000000000000000000029
:10E7F0000000000000000000000000010000000117
:10E800000085200000010000000000000000000062
:10E8100000000000000000000000000000000000F8
:10E8200000000000000000000000000000000000E8
:10E8300000000000000000000000000000000000D8
:10E8400000000000000000000003000000000000C5
:10E8500000000000000000000000000000000000B8
:10E8600004000000000000000000000000000000A4
:10E870000000000000000000000000000000000098
:10E880000000000000000000000000000000000088
:10E890000000000000000000000000000000000078
:10E8A0000000000000000000000000000000000068
:10E8B00000000000000000000000008800000000D0
:10E8C0000000000000000008000000000000000040
:10E8D0000000000000000088000800000088008898
:10E8E00000880008000000C00008000000000000D0
:10E8F00000000008000000080008000000880088F0
:10E9000000080010008200840008001000000000D1
:10E9100000000000000000000000000000000000F7
:10E9200000000000000000000008000001030004D7
:10E93000010000080100010800080000000090002C
:10E940000041000000000000000000000000002165
:10E95000000800080000004000080000000040031C
:10E960009000000000000000000000000000000017
:10E970000002000500000008000800080010004028
:10E980009020200000002008100800102000000047
:10E990000000000000000000000000000000000077
:10E9A0000000008400001100200000000000200092
:10E9B000000120000001201010850309210041A062
:10E9C00000C00382410000000088000000840000B5
:10E9D00000C000C100C100100001001000000010C4
:10E9E00000880000000000200000000000820008F5
:10E9F00011000000000000000008000100010010EC
:10EA00000001000980A0080880A0800000A080000C
:10EA100000000000000000000000000000000000F6
:10EA2000020002000200020000000200400002009A
:10EA300010800000100000000000000020002000F6
:10EA40000200000002000000020010002000200070
:10EA50000000104020002000C000A00000000000C6
:10EA6000000900000000A0000000020000000200F9
:10EA70000000020010002000200010402080200034
:10EA8000C000A00000000000000000000000000026
:10EA90000000000000000000000000000000000076
:10EAA0000000800080008000800000008000800066
:10EAB00084888004000080000000001000008000B6
:10EAC0008000800000008000000080008000800244
:10EAD0008000000080018000800000000400000031
:10EAE00000841188000800000000008880000000F9
:10EAF00080000020808480008000800080A1804011
:10EB000080A000000000000000400000008800100D
:10EB100000000000000000000003000000000003EF
:10EB200000000000000800000000000002000000DB
:10EB3000000200000320100010040200C0842040E6
:10EB400010000041000000000000028010000021C1
:10EB5000020000040000000410041000200800005F
:10EB60000000C000A0000000820000000080000043
:10EB70000000000002211000001002000004000448
:10EB800010001000200810801000C000A000000835
:10EB900020080103010000840000000000000000C4
:10EBA0000000000000000000000000C000008084A1
:10EBB000000000010000840180C080C180000009C5
:10EBC00080098000110203084108200880048000A9
:10EBD00000088388039100000001800180009109F2
:10EBE0000084001000000000001000080000000277
:10EBF00000A000840000A000A08400C080C0000924
:10EC0000000180A0801080018008800800000000C2
:10EC100000A1A00120101000000000000000000072
:10EC2000000400000021000000000000000020009F
:10EC300000000000024000000089020902212004B7
:10EC4000000800040041000800110202000000005A
:10EC500000000200900400000000200000400000BE
:10EC60001041004082004000000000100000000839
:10EC70000000001102410000000000000221820497
:10EC80000000200800040010100020408200000056
:10EC90000000000000000041000000000000000033
:10ECA0000000000000000000000000000000000064
:10ECB000800000000000800000000008800080004C
:10ECC0008001000100010000000100008000000040
:10ECD0000000000080000001000000008000000132
:10ECE00000008000000100000000000000000000A3
:10ECF0000000000000008000000000000000800014
:10ED00000001000080000001000080000001000000
:10ED100000000000000000000000000000000000F3
:10ED200000000000000000000000000100C0000022
:10ED30000000000200C000028800080000C10100BD
:10ED40000000000800C101000000000000C0000039
:10ED50000008000000C00088A0000000000000C102
:10ED6000020005000001020000000000040008C0CD
:10ED700000020202000400C000000008000000C001
:10ED800001880000000000C10200A0010001020093
:10ED900001008400100041C1014100020088000010
:10EDA00000000000001100000000000000080080CA
:10EDB000000000000000008004000900800000C185
:10EDC0000311094000A100C10340040500040080B4
:10EDD00000000480000000800080040000000000AB
:10EDE00040C1802184050003800000000000000075
:10EDF0008080110000800000008000000080000082
:10EE0000008003804000000040C1802105200003F5
:10EE1000800009000900800091C1094004C10089F7
:10EE20008000000000090010000000000000001039
:10EE300000000000000080000000090011008400B4
:10EE4000800011000500C180898905000980C10387
:10EE50000000800000008000000082000300C1006C
:10EE60000000098000000980C1000000800000004F
:10EE70008000000080100000800000008000000082
:10EE80008000000082000300C100098000000980AA
:10EE9000C141000084009100C1008580C121401162
:10EEA000C109400000000000000010000000000048
:10EEB0000000000000000000C00000000000000092
:10EEC000C000084000000000C110020900000190CD
:10EED000C140000010000000C00000001000000051
:10EEE000C1000000000800000190C100C000020045
:10EEF0000000C00000000200C000C00000001000C0
:10EF00000000C000000010000000C18200080000E6
:10EF10000190C101000002009100C1000210020036
:10EF20000101C10100000000000004000000000019
:10EF30000000100000000002000000C000000001FE
:10EF4000000101C001000109000000C10002000130
:10EF5000100091C100000000000201C0000000008C
:10EF6000001101C1000088000001048401C10000FB
:10EF7000004040C000C000410089004002C00000C5
:10EF80000000000200C000000008000101C188006C
:10EF90000001008401C100000010044101C10040D3
:10EFA0000083034103C10000000000008000000056
:10EFB00000000000000000000000000011800909AE
:10EFC00000030021118440110888000300C100895A
:10EFD0000003101089C10000000000004080000202
:10EFE0000005008509C1000080090010C1C011C1E1
:10EFF000000000800000408000200004004180905C
:10F00000000000000000008000020085000509C12A
:10F010008009001041C011C100040080000511C129
:10F02000001004C0890591C100000000000000002C
:10F0300000000000000000000002000000000000CE
:10F040008080000000008005C111A108400003037A
:10F05000C18003001000000000400000000000001C
:10F0600080808009000000030000C1890500058040
:10F070004009000000800000000080208080000027
:10F080000000000000000000000080008000000080
:10F090000002C18905000080400900800080000056
:10F0A0000004C180C091830008000000000000003F
:10F0B0000000000000000000000010000010000030
:10F0C0000000C090000000021000C14010010000CC
:10F0D0000101C1400000000000000001020000002A
:10F0E0000000C0C01000000000010000C14000008E
:10F0F000000200010000008200880000C001040836
:10F10000104040000000020000000000C088100015
:10F1100000000001C1C00000000200010088008260
:10F1200000400001C1880541894041000000000005
:10F13000000000000000000000000000810000C886
:10F1400000000000000000C843000000000000C8EC
:10F1500043020000000000C800000000810000C859
:10F1600000000000000000C8000050000000000087
:10F1700000C8000000000000000043000000000084
:10F18000000000000000000000000000000000007F
:10F1900000C800000000000000C80000500A840001
:10F1A00000C843000000500000C80000000000003C
:10F1B000000000000000000000000000000000004F
:10F1C000FFFF0000F0F000003C3C0000FFFF0000EB
:10F1D00000FF0000F0F00000AAAA00003C3C00FF85
:10F1E00000FF000000FF000000FF000000FF000023
:10F1F0000000AAAA000000FF00000000A0000AA072
:10F200000C0C0033041F096000FF00FF000000FF2A
:10F21000000000FF0000F0F00000AAAA000000FFBC
:10F22000000000000A0A00A50C0C0033045D112246
:10F2300000000000000000000000000000000000CE
:10F240000000FFFF0000F0F000003C3C0000000068
:10F25000000000FF0000F0F00000AAAA00003C3C03
:10F2600000FF00FF000000FF000000FF000000FFA3
:10F2700000000000AAAA000000FF00000000FAAA97
:10F2800005500C3F3300041F096000FF00FF000021
:10F2900000FF000000FF0000F0F00000AAAA00003C
:10F2A00000FF000000000AAFA5000C3F3300045D22
:10F2B000112200000000000000000000000000001B
:10F2C00000003C3C000055550000FF000000FFFF1F
:10F2D00000003C3C00003C3C000055550000C3C30E
:10F2E000FFFF0F0F00000F0F0000FF0000000F0FC7
:10F2F00000000000FFFF00000000FFFFFFFFFFFF16
:10F30000444403030690414705500AAF0F0F000025
:10F310000F0F0000FF0000000F0F0000FFFF0000B4
:10F320000000FFFFFFFFFFFF05500AAF2481CB0263
:10F3300024248B8B0000000000000000000000006F
:10F34000000000003C3C000055550000FF0000009C
:10F35000000000003C3C00003C3C00005555000013
:10F36000C3C3FFFF0F0F00000F0F0000FF000000DE
:10F370000F0F0000000000000000FFFFFFFFFFFF75
:10F38000FFFF88884747069041470AA0000F0F0FEC
:10F3900000000F0F0000FF0000000F0F0000000032
:10F3A0000000FFFFFFFFFFFFFFFF0AA0000F248107
:10F3B000CB0281810A0A000000000000000000006A
:10F3C00000000000000040638006C02D920245E36B
:10F3D000800700299202458280010020920240822B
:10F3E00080010020820240638007C02D920240E22B
:10F3F00080070020920200004082800100208202EB
:10F400000000070000A0920000E30006000D8A0043
:10F41000400280000020920240E280070020920219
:10F42000408280010020820200600707C0A0920095
:10F4300000820001C0008A0000000000900000006F
:10F440000000000990000000000000000000000023
:10F4500000000000F5F5F5C900410003FFFF0003BF
:10F46000A0A0A000C300C000000000000000000039
:10F470000000000000828080000008080A0000826E
:10F48000808000000000000000000000000000007C
:10F49000020000000000000000000000000000C3A7
:10F4A000C0C02828AA000082808000000000BEBEE4
:10F4B00028EB0F55FF3C3F3F0CFC00000004000808
:10F4C000800200000004000880020000000000002C
:10F4D000000000000000A0A0A09C00410003FCFC74
:10F4E00000030000A0000000C000000000000000B9
:10F4F00000000000000000828080000008080A0070
:10F500000082808000000000000000000000000079
:10F5100000000000000000000000000000000000EB
:10F520000000000000000000008280800000000059
:10F53000828228EB0F55003C30300CFC00020200A8
:10F5400000404000000202000040400000000000B7
:10F550000000000000000000AAAAAA5A000A002821
:10F56000050500050000000000000000000000008C
:10F570000000000000000000FAFA000F0000000088
:10F580000000828200C300000000000000000000B4
:10F59000000000000000000000000000000000006B
:10F5A0000000FFFF000A00000000828200C300008C
:10F5B0000000FAFAA0AF0F55FF3CFF3C3CF0000002
:10F5C00000000000000002000000000000400000F9
:10F5D00000000000000000000000AAAAAAAA000A79
:10F5E0000028000000050303C300C0C000C30000E2
:10F5F00000000000000000000000FFFF000000000D
:10F600000C0C0F00000000000000000000000000D3
:10F6100000000000000000000000000000000000EA
:10F6200000000000F5F5000A0C0C0F0000000000BF
:10F63000000000000A0AA0AF0F55003C003C3CF05F
:10F6400000000000000000000000000000000000BA
:10F650000000000000000180000000000000000029
:10F660000000000000008400000000000000000016
:10F67000000000000000000000000000000000008A
:10F6800000000000000000102180000900000000C0
:10F69000408000000005000001890000000000001B
:10F6A0000000000900000000200000000000000031
:10F6B000200000090000000000000000020000001F
:10F6C000000000000000000000000000000000003A
:10F6D00000000000000000004008000000000000E2
:10F6E000000000000000000000000000000000001A
:10F6F0000000000000000000008400000000000086
:10F7000000000000000000000000400800000000B1
:10F710000000800800000000000040080000000019
:10F7200000000000000000000000000000000000D9
:10F7300000000000000000000000000000001000B9
:10F7400000000000000000000000000000000000B9
:10F7500000000000000000000000000000000000A9
:10F760000000000000000000000000000000000099
:10F770000000000000000000000000000000000089
:10F780000000000000000000000000000000000079
:10F790000000000000000000000000000000000069
:10F7A0000000000000000000000000000000000059
:10F7B0000000000000000000000000000000000049
:10F7C0000000000000000000000000000000000039
:10F7D0000000000000000000000000000000000029
:10F7E0000000000000000000000000000000000019
:10F7F0000000000000000000000000080000000001
:10F8000000000000000000000000000000080000F0
:10F810000000000000080040000000080008000090
:10F8200000000000000000000000000000080000D0
:10F830000000000000080008000000880008000028
:10F840000040000000080008000000000000000068
:10F8500000000000000000000000000000000000A8
:10F860000000000000000000000000000008000090
:10F870000000000000000000000000000000000088
:10F880000000000000000000000000000000000078
:10F89000000200000000000000080000000000005E
:10F8A0000003000000000000000800000008001035
:10F8B0000000000000000041000000000000000007
:10F8C000040800000000000000000000000000002C
:10F8D0000000000000000084008200000000001012
:10F8E00000C000C000840000000000C00000000054
:10F8F000000000000000000000000000000000C048
:10F9000000A0000000100000000000000000000047
:10F9100000000001000000000000000000000000E6
:10F92000000000000008000000A00010000000001F
:10F9300000C00008000000100000000000000000EF
:10F9400000000000000000000000000000000000B7
:10F9500000000000000000000000000000000000A7
:10F960000000000000000000000000000000000097
:10F970000000000000000000000000000000000087
:10F980000000000000000000000000000000000077
:10F990000000000000000000000000000000000265
:10F9A0000000000000000000000000000000000057
:10F9B0000000000000000000000000000000000047
:10F9C0000000000000000000000000000000000037
:10F9D0000000000000000000000000000000000027
:10F9E0000000000000000000000000000000000017
:10F9F0000000000000000000000000000000000007
:10FA000000000000000000000000000000000000F6
:10FA100000000000000000000000000000000000E6
:10FA200000000000000000000000000000000000D6
:10FA300000000000000000000000000000000000C6
:10FA400000000000000000000000000000000000B6
:10FA500000000000000000000000000000000000A6
:10FA6000000000000008004100000000000000004D
:10FA7000000000000000000000000000000800007E
:10FA80000000000000000000000000000000000076
:10FA90000000000000000000010000000000000065
:10FAA000000000000000000000000000000000084E
:10FAB0000000000000000000000000000000000046
:10FAC0000000000000000000000000000000000036
:10FAD00000000000000000000000008200000000A4
:10FAE0000000001000000000000000000000000006
:10FAF00000100000000000100000000000000000E6
:10FB000000080000000800000000000000000010D5
:10FB10000010000040000000000040100000000045
:10FB2000000000840000000800A0000000C00000E9
:10FB300000000000000000C00000000040000000C5
:10FB400000000000000000C00000000000080000ED
:10FB500000000000000000000000000000000000A5
:10FB60000000000000000000002100000000000074
:10FB7000000000050000001100000003000000006C
:10FB80000000000000000000000000000000000075
:10FB90000000000000000000000000000000000065
:10FBA0000000000000000000000000000010000045
:10FBB000000000000005000000000000002100001F
:10FBC0000000000000000000000000000000000035
:10FBD0000000000000000000000000000000000025
:10FBE0000000000000000000000000000000000015
:10FBF0000000000000000000000000000000000005
:10FC000000000000000000000000000000000000F4
:10FC100000000000000000000000000000000000E4
:10FC200000000000000000000000000000000000D4
:10FC300000000000000000000000000000000000C4
:10FC400000000000000000000000000000000000B4
:10FC500000000000000000000000000000000000A4
:10FC60000000000000000000000000000000000094
:10FC70000000000000000000000000000000000084
:10FC80000000000000000000000000000000000074
:10FC90000000000000000000000000000000000064
:10FCA0000000000000000000000000000000000054
:10FCB0000001000000000000000000000000000043
:10FCC0000000000000000000000000000000000034
:10FCD0000000000000000000000000000000000024
:10FCE0000000000000000000000000000000000014
:10FCF0000000000000000000000000000000000004
:10FD000000000000000000000000000000000000F3
:10FD100000000000000000000000000000000000E3
:10FD200000000004000000000000000800000000C7
:10FD300000000002000000000000000000000000C1
:10FD400000000000000000000000000000000000B3
:10FD500000000000000000000000000000000000A3
:10FD60000000000000000000000000000000000093
:10FD7000000000090000000000000000000000007A
:10FD80000000000000000000000000000000000073
:10FD90000000000000000000000000000000000063
:10FDA000000000000004000000000000000400004B
:10FDB000000000000009000000000000000000003A
:10FDC0000000000000000000000000000000000033
:10FDD0000000000000000000000000000000000023
:10FDE0000000000000000000000000000000000013
:10FDF0000000000000000000000000000000000003
:10FE000000000000000000000000000000000000F2
:10FE100000000000000000000000000000000000E2
:10FE200002000000000000000200000000000001CD
:10FE300002000000000000000000000000000000C0
:10FE400000000000000000000000000000000000B2
:10FE500000000000000000000000000000000000A2
:10FE60000000000000000000000000000000000092
:10FE7000000000000000040000000000000000007E
:10FE80000000000000000000000000000000000072
:10FE90000000000000000000000000000000000062
:10FEA000000000000000000004000000000000004E
:10FEB00004000000000000008200000000000000BC
:10FEC0000000000000000000000000000000000032
:10FED0000000000000000000000000000000000022
:10FEE0000000000000000000000000000000000012
:10FEF0000000000000000000000000000000000002
:10FF000000000000000000000000000000000000F1
:10FF100000000000000000000000000000000000E1
:10FF200000000000000000000000000000000000D1
:10FF300000000000000000000000000000000000C1
:10FF400000000000000000000000000000000000B1
:10FF500000000000000000000000000000000000A1
:10FF60000000000000000000000000000000000091
:10FF70000000000000000000000000000000000081
:10FF80000000000000000000000000000000000071
:10FF90000000000000000000000000000000000061
:10FFA0000000000000000000000000000000000051
:10FFB0000000000000000000000000000000000041
:10FFC0000000000000000000000000000000000031
:10FFD0000000000000000000000000000000000021
:10FFE0000000000000000000000000000000000011
:10FFF0000000000000000000000000000000000001
:020000040004F6
:1000000000000000000000000000000000000000F0
:1000100000000000000000000000000000000000E0
:1000200000000000000000000000000000000000D0
:1000300000000000000000000000000000000000C0
:1000400000000000000000000000000000000000B0
:1000500000000000000000000000000000000000A0
:100060000000000000000000000000000000000090
:100070000000000000000000000000000000000080
:100080000000000000000000000000000000000070
:100090000000000000000000000000000000000060
:1000A0000000000000000000000000000000000050
:1000B0000000000000000000000000000000000040
:1000C0000000000000000000000000000000000030
:1000D0000000000000000000000000000000000020
:1000E0000000000000000000000000000000000010
:1000F0000000000000000000000000000000000000
:1001000000000000000000000000000000000000EF
:1001100000000000000000000000000000000000DF
:1001200000000000000000000000000000000000CF
:1001300000000000000000000000000000000000BF
:1001400000000000000000000000000000000000AF
:10015000000000000000000000000000000000009F
:10016000000000000000000000000000000000008F
:10017000000000000000000000000000000000007F
:10018000000000000000000000000000000000006F
:10019000000000000000000000000000000000005F
:1001A000000000000000000000000000000000004F
:1001B000000000000000000000000000000000003F
:1001C000000000000000000000000000000000002F
:1001D000000000000000000000000000000000001F
:1001E000000000000000000000000000000000000F
:1001F00000000000000000000000000000000200FD
:1002000000000000004000000000000000000000AE
:1002100000000000000000000000000000000000DE
:1002200000000000000000000000000000000000CE
:10023000020000000000004002000000000000403A
:10024000020000000000004000000000000000006C
:10025000000000000000000000000000000000009E
:10026000000000000000000000000000000000008E
:10027000000000000000000000000000000000007E
:10028000000000000000000000000000000000006E
:10029000000000000000000000000000000000005E
:1002A000000000000000000000000000000000004E
:1002B000000000000000000000000000000000003E
:1002C000000000000000000000000000000000002E
:1002D000000000000000000000000000000000001E
:1002E000000000000000000000000000000000000E
:1002F00000000000000000000000000000000000FE
:1003000000000000000000000000000000000000ED
:1003100000000000000000000000000000000000DD
:1003200000000000000000000000000000000000CD
:1003300000000000000000000000000000000000BD
:1003400000000000000000000000000000000000AD
:10035000000000000000000000000000000000009D
:10036000000000000000000000000000000000008D
:10037000000000000000000000000000000000007D
:10038000000000000000000000000000000000006D
:10039000000000000000000000000000000000005D
:1003A000000000000000000000000000000000004D
:1003B000000000000000000000000000000000003D
:1003C000000000000000000000000000000000002D
:1003D000000000000000000000000000000000001D
:1003E000000000000000000000000000000000000D
:1003F00000000000000000000000000000000000FD
:10040000000000000000000000000000800200006A
:1004100000000000000000000000000000000000DC
:1004200000000000000000000000000000000000CC
:10043000000000000000000000000004000880022E
:100440000000000400088002000000040008800290
:10045000000000000000000000000000000000009C
:10046000000000000000000000000000000000008C
:10047000000000000000000000000000000000007C
:100480000000000000000000000202000000000068
:10049000000000000000000000000000000000005C
:1004A000000000000000000000000000000000004C
:1004B00000000000000000000000000202000040F8
:1004C0004000000202000040400000020200004024
:1004D00040000000000000000000000000000000DC
:1004E000000000000000000000000000000000000C
:1004F00000000000000000000000000000000000FC
:1005000000000000000000000000000000091000D2
:1005100000000000000000000000000000000000DB
:1005200000000000000000000000000000000000CB
:1005300000000000000000000000000000000009B2
:100540009000000000000009900000000000000979
:10055000900000000000000000000000000000000B
:10056000000000000000000000000000000000008B
:10057000000000000000000000000000FFFFFFFF7F
:10058000FFFFFFFFFFFFFFFFFFFFFFFFFFFFFFFF7B
:10059000FFFFFFFFFFFFFFFFFFFFFFFFFFFFFFFF6B
:1005A000FFFFFFFFFFFFFFFFFFFFFFFFFFFFFFFF5B
:1005B000FFFFFFFFFFFFFFFFFFFFFFFFFFFFFFFF4B
:1005C000FFFFFFFFFFFFFFFFFFFFFFFFFFFFFFFF3B
:1005D000FFFFFFFFFFFFFFFFFFFFFFFFFFFFFFFF2B
:1005E000FFFFFFFFFFFFFFFFFFFFFFFFFFFFFFFF1B
:1005F000FFFFFFFFFFFFFFFFFFFFFFFFFFFFFFFF0B
:10060000FFFFFFFFFFFFFFFFFFFFFFFFFFFFFFFFFA
:10061000FFFFFFFFFFFFFFFFFFFFFFFFFFFFFFFFEA
:10062000FFFFFFFFFFFFFFFFFFFFFFFFFFFFFFFFDA
:10063000FFFFFFFFFFFFFFFFFFFFFFFFFFFFFFFFCA
:10064000FFFFFFFFFFFFFFFFFFFFFFFFFFFFFFFFBA
:10065000FFFFFFFFFFFFFFFFFFFFFFFFFFFFFFFFAA
:10066000FFFFFFFFFFFFFFFFFFFFFFFFFFFFFFFF9A
:10067000FFFFFFFFFFFFFFFFFFFFFFFFFFFFFFFF8A
:10068000000000000000000000000000000000006A
:10069000000000000000000000000000000000005A
:1006A000000000000000000000000000000000004A
:1006B000000000000000000000000000000000003A
:1006C000000000000000000000000000000000002A
:1006D000000000000000000000000000000000001A
:1006E000000000000000000000000000000000000A
:1006F00000000000000000000000000000000000FA
:1007000000000000000000000000000000000000E9
:1007100000000000000000000000000000000000D9
:1007200000000000000000000000000000000000C9
:1007300000000000000000000000000000000000B9
:1007400000000000000000000000000000000000A9
:100750000000000000000000000000000000000099
:100760000000000000000000000000000000000089
:100770000000000000000000000000000000000079
:100780000000000000000000000000000000000069
:100790000000000000000000000000000000000059
:1007A0000000000000000000000000000000000049
:1007B0000000000000000000000000000000000039
:1007C0000000000000000000000000000000000029
:1007D0000000000000000000000000000000000019
:1007E0000000000000000000000000000000000009
:1007F00000000000000000000000000000000000F9
:1008000000000000000000000000000000000000E8
:1008100000000000000000000000000000000000D8
:1008200000000000000000000000000000000000C8
:1008300000000000000000000000000000000000B8
:1008400000000000000000000000000000000000A8
:100850000000000000000000000000000000000098
:100860000000000000000000000000000000000088
:100870000000000000000000000000000000000078
:100880000000000000000000000000000000000068
:100890000000000000000000000000000000000058
:1008A0000000000000000000000000000000000048
:1008B0000000000000000000000000000000000038
:1008C0000000000000000000000000000000000028
:1008D0000000000000000000000000000000000018
:1008E0000000000000000000000000000000000008
:1008F00000000000000000000000000000000000F8
:1009000000000000000000000000000000000000E7
:1009100000000000000000000000000000000000D7
:1009200000000000000000000000000000000000C7
:1009300000000000000000000000000000000000B7
:1009400000000000000000000000000000000000A7
:100950000000000000000000000000000000000097
:100960000000000000000000000000000000000087
:100970000000000000000000000000000000000077
:100980000000000000000000000000000000000067
:100990000000000000000000000000000000000057
:1009A0000000000000000000000000000000000047
:1009B0000000000000000000000000000000000037
:1009C0000000000000000000000000000000000027
:1009D0000000000000000000000000000000000017
:1009E0000000000000000000000000000000000007
:1009F00000000000000000000000000000000000F7
:100A000000000000000000000000000000000000E6
:100A100000000000000000000000000000000000D6
:100A200000000000000000000000000000000000C6
:100A300000000000000000000000000000000000B6
:100A400000000000000000000000000000000000A6
:100A50000000000000000000000000000000000096
:100A60000000000000000000000000000000000086
:100A70000000000000000000000000000000000076
:100A80000000000000000000000000000000000066
:100A90000000000000000000000000000000000056
:100AA0000000000000000000000000000000000046
:100AB0000000000000000000000000000000000036
:100AC0000000000000000000000000000000000026
:100AD0000000000000000000000000000000000016
:100AE0000000000000000000000000000000000006
:100AF00000000000000000000000000000000000F6
:100B000000000000000000000000000000000000E5
:100B100000000000000000000000000000000000D5
:100B200000000000000000000000000000000000C5
:100B300000000000000000000000000000000000B5
:100B400000000000000000000000000000000000A5
:100B50000000000000000000000000000000000095
:100B60000000000000000000000000000000000085
:100B70000000000000000000000000000000000075
:100B80000000000000000000000000000000000065
:100B90000000000000000000000000000000000055
:100BA0000000000000000000000000000000000045
:100BB0000000000000000000000000000000000035
:100BC0000000000000000000000000000000000025
:100BD0000000000000000000000000000000000015
:100BE0000000000000000000000000000000000005
:100BF00000000000000000000000000000000000F5
:100C000000000000000000000000000000000000E4
:100C100000000000000000000000000000000000D4
:100C200000000000000000000000000000000000C4
:100C300000000000000000000000000000000000B4
:100C400000000000000000000000000000000000A4
:100C50000000000000000000000000000000000094
:100C60000000000000000000000000000000000084
:100C70000000000000000000000000000000000074
:100C80000000000000000000000000000000000064
:100C90000000000000000000000000000000000054
:100CA0000000000000000000000000000000000044
:100CB0000000000000000000000000000000000034
:100CC0000000000000000000000000000000000024
:100CD0000000000000000000000000000000000014
:100CE0000000000000000000000000000000000004
:100CF00000000000000000000000000000000000F4
:100D000000000000000000000000000000000000E3
:100D100000000000000000000000000000000000D3
:100D200000000000000000000000000000000000C3
:100D300000000000000000000000000000000000B3
:100D400000000000000000000000000000000000A3
:100D50000000000000000000000000000000000093
:100D60000000000000000000000000000000000083
:100D70000000000000000000000000000000000073
:100D80000000000000000000000000000000000063
:100D90000000000000000000000000000000000053
:100DA0000000000000000000000000000000000043
:100DB0000000000000000000000000000000000033
:100DC0000000000000000000000000000000000023
:100DD0000000000000000000000000000000000013
:100DE0000000000000000000000000000000000003
:100DF00000000000000000000000000000000000F3
:100E000000000000000000000000000000000000E2
:100E100000000000000000000000000000000000D2
:100E200000000000000000000000000000000000C2
:100E300000000000000000000000000000000000B2
:100E400000000000000000000000000000000000A2
:100E50000000000000000000000000000000000092
:100E60000000000000000000000000000000000082
:100E70000000000000000000000000000000000072
:100E80000000000000000000000000000000000062
:100E90000000000000000000000000000000000052
:100EA0000000000000000000000000000000000042
:100EB0000000000000000000000000000000000032
:100EC0000000000000000000000000000000000022
:100ED0000000000000000000000000000000000012
:100EE0000000000000000000000000000000000002
:100EF00000000000000000000000000000000000F2
:100F000000000000000000000000000000000000E1
:100F100000000000000000000000000000000000D1
:100F200000000000000000000000000000000000C1
:100F300000000000000000000000000000000000B1
:100F400000000000000000000000000000000000A1
:100F50000000000000000000000000000000000091
:100F60000000000000000000000000000000000081
:100F70000000000000000000000000000000000071
:100F80000000000000000000000000000000000061
:100F90000000000000000000000000000000000051
:100FA0000000000000000000000000000000000041
:100FB0000000000000000000000000000000000031
:100FC0000000000000000000000000000000000021
:100FD0000000000000000000000000000000000011
:100FE0000000000000000000000000000000000001
:100FF00000000000000000000000000000000000F1
:1010000000000000000000000000000000000000E0
:1010100000000000000000000000000000000000D0
:1010200000000000000000000000000000000000C0
:1010300000000000000000000000000000000000B0
:1010400000000000000000000000000000000000A0
:101050000000000000000000000000000000000090
:101060000000000000000000000000000000000080
:101070000000000000000000000000000000000070
:101080000000000000000000000000000000000060
:101090000000000000000000000000000000000050
:1010A0000000000000000000000000000000000040
:1010B0000000000000000000000000000000000030
:1010C0000000000000000000000000000000000020
:1010D0000000000000000000000000000000000010
:1010E0000000000000000000000000000000000000
:1010F00000000000000000000000000000000000F0
:1011000000000000000000000000000000000000DF
:1011100000000000000000000000000000000000CF
:1011200000000000000000000000000000000000BF
:1011300000000000000000000000000000000000AF
:10114000000000000000000000000000000000009F
:10115000000000000000000000000000000000008F
:10116000000000000000000000000000000000007F
:10117000000000000000000000000000000000006F
:10118000000000000000000000000000000000005F
:10119000000000000000000000000000000000004F
:1011A000000000000000000000000000000000003F
:1011B000000000000000000000000000000000002F
:1011C000000000000000000000000000000000001F
:1011D000000000000000000000000000000000000F
:1011E00000000000000000000000000000000000FF
:1011F00000000000000000000000000000000000EF
:1012000000000000000000000000000000000000DE
:1012100000000000000000000000000000000000CE
:1012200000000000000000000000000000000000BE
:1012300000000000000000000000000000000000AE
:10124000000000000000000000000000000000009E
:10125000000000000000000000000000000000008E
:10126000000000000000000000000000000000007E
:10127000000000000000000000000000000000006E
:10128000000000000000000000000000000000005E
:10129000000000000000000000000000000000004E
:1012A000000000000000000000000000000000003E
:1012B000000000000000000000000000000000002E
:1012C000000000000000000000000000000000001E
:1012D000000000000000000000000000000000000E
:1012E00000000000000000000000000000000000FE
:1012F00000000000000000000000000000000000EE
:1013000000000000000000000000000000000000DD
:1013100000000000000000000000000000000000CD
:1013200000000000000000000000000000000000BD
:1013300000000000000000000000000000000000AD
:10134000000000000000000000000000000000009D
:10135000000000000000000000000000000000008D
:10136000000000000000000000000000000000007D
:10137000000000000000000000000000000000006D
:10138000000000000000000000000000000000005D
:10139000000000000000000000000000000000004D
:1013A000000000000000000000000000000000003D
:1013B000000000000000000000000000000000002D
:1013C000000000000000000000000000000000001D
:1013D000000000000000000000000000000000000D
:1013E00000000000000000000000000000000000FD
:1013F00000000000000000000000000000000000ED
:1014000000000000000000000000000000000000DC
:1014100000000000000000000000000000000000CC
:1014200000000000000000000000000000000000BC
:1014300000000000000000000000000000000000AC
:10144000000000000000000000000000000000009C
:10145000000000000000000000000000000000008C
:10146000000000000000000000000000000000007C
:10147000000000000000000000000000000000006C
:10148000000000000000000000000000000000005C
:10149000000000000000000000000000000000004C
:1014A000000000000000000000000000000000003C
:1014B000000000000000000000000000000000002C
:1014C000000000000000000000000000000000001C
:1014D000000000000000000000000000000000000C
:1014E00000000000000000000000000000000000FC
:1014F00000000000000000000000000000000000EC
:1015000000000000000000000000000000000000DB
:1015100000000000000000000000000000000000CB
:1015200000000000000000000000000000000000BB
:1015300000000000000000000000000000000000AB
:10154000000000000000000000000000000000009B
:10155000000000000000000000000000000000008B
:10156000000000000000000000000000000000007B
:10157000000000000000000000000000000000006B
:10158000000000000000000000000000000000005B
:10159000000000000000000000000000000000004B
:1015A000000000000000000000000000000000003B
:1015B000000000000000000000000000000000002B
:1015C000000000000000000000000000000000001B
:1015D000000000000000000000000000000000000B
:1015E00000000000000000000000000000000000FB
:1015F00000000000000000000000000000000000EB
:1016000000000000000000000000000000000000DA
:1016100000000000000000000000000000000000CA
:1016200000000000000000000000000000000000BA
:1016300000000000000000000000000000000000AA
:10164000000000000000000000000000000000009A
:10165000000000000000000000000000000000008A
:10166000000000000000000000000000000000007A
:10167000000000000000000000000000000000006A
:10168000000000000000000000000000000000005A
:10169000000000000000000000000000000000004A
:1016A000000000000000000000000000000000003A
:1016B000000000000000000000000000000000002A
:1016C000000000000000000000000000000000001A
:1016D000000000000000000000000000000000000A
:1016E00000000000000000000000000000000000FA
:1016F00000000000000000000000000000000000EA
:1017000000000000000000000000000000000000D9
:1017100000000000000000000000000000000000C9
:1017200000000000000000000000000000000000B9
:1017300000000000000000000000000000000000A9
:101740000000000000000000000000000000000099
:101750000000000000000000000000000000000089
:101760000000000000000000000000000000000079
:101770000000000000000000000000000000000069
:101780000000000000000000000000000000000059
:101790000000000000000000000000000000000049
:1017A0000000000000000000000000000000000039
:1017B0000000000000000000000000000000000029
:1017C0000000000000000000000000000000000019
:1017D0000000000000000000000000000000000009
:1017E00000000000000000000000000000000000F9
:1017F00000000000000000000000000000000000E9
:1018000000000000000000000000000000000000D8
:1018100000000000000000000000000000000000C8
:1018200000000000000000000000000000000000B8
:1018300000000000000000000000000000000000A8
:101840000000000000000000000000000000000098
:101850000000000000000000000000000000000088
:101860000000000000000000000000000000000078
:101870000000000000000000000000000000000068
:101880000000000000000000000000000000000058
:101890000000000000000000000000000000000048
:1018A0000000000000000000000000000000000038
:1018B0000000000000000000000000000000000028
:1018C0000000000000000000000000000000000018
:1018D0000000000000000000000000000000000008
:1018E00000000000000000000000000000000000F8
:1018F00000000000000000000000000000000000E8
:1019000000000000000000000000000000000000D7
:1019100000000000000000000000000000000000C7
:1019200000000000000000000000000000000000B7
:1019300000000000000000000000000000000000A7
:101940000000000000000000000000000000000097
:101950000000000000000000000000000000000087
:101960000000000000000000000000000000000077
:101970000000000000000000000000000000000067
:101980000000000000000000000000000000000057
:101990000000000000000000000000000000000047
:1019A0000000000000000000000000000000000037
:1019B0000000000000000000000000000000000027
:1019C0000000000000000000000000000000000017
:1019D0000000000000000000000000000000000007
:1019E00000000000000000000000000000000000F7
:1019F00000000000000000000000000000000000E7
:101A000000000000000000000000000000000000D6
:101A100000000000000000000000000000000000C6
:101A200000000000000000000000000000000000B6
:101A300000000000000000000000000000000000A6
:101A40000000000000000000000000000000000096
:101A50000000000000000000000000000000000086
:101A60000000000000000000000000000000000076
:101A70000000000000000000000000000000000066
:101A80000000000000000000000000000000000056
:101A90000000000000000000000000000000000046
:101AA0000000000000000000000000000000000036
:101AB0000000000000000000000000000000000026
:101AC0000000000000000000000000000000000016
:101AD0000000000000000000000000000000000006
:101AE00000000000000000000000000000000000F6
:101AF00000000000000000000000000000000000E6
:101B000000000000000000000000000000000000D5
:101B100000000000000000000000000000000000C5
:101B200000000000000000000000000000000000B5
:101B300000000000000000000000000000000000A5
:101B40000000000000000000000000000000000095
:101B50000000000000000000000000000000000085
:101B60000000000000000000000000000000000075
:101B70000000000000000000000000000000000065
:101B80000000000000000000000000000000000055
:101B90000000000000000000000000000000000045
:101BA0000000000000000000000000000000000035
:101BB0000000000000000000000000000000000025
:101BC0000000000000000000000000000000000015
:101BD0000000000000000000000000000000000005
:101BE00000000000000000000000000000000000F5
:101BF00000000000000000000000000000000000E5
:101C000000000000000000000000000000000000D4
:101C100000000000000000000000000000000000C4
:101C200000000000000000000000000000000000B4
:101C300000000000000000000000000000000000A4
:101C40000000000000000000000000000000000094
:101C50000000000000000000000000000000000084
:101C60000000000000000000000000000000000074
:101C70000000000000000000000000000000000064
:101C80000000000000000000000000000000000054
:101C90000000000000000000000000000000000044
:101CA0000000000000000000000000000000000034
:101CB0000000000000000000000000000000000024
:101CC0000000000000000000000000000000000014
:101CD0000000000000000000000000000000000004
:101CE00000000000000000000000000000000000F4
:101CF00000000000000000000000000000000000E4
:101D000000000000000000000000000000000000D3
:101D100000000000000000000000000000000000C3
:101D200000000000000000000000000000000000B3
:101D300000000000000000000000000000000000A3
:101D40000000000000000000000000000000000093
:101D50000000000000000000000000000000000083
:101D60000000000000000000000000000000000073
:101D70000000000000000000000000000000000063
:101D80000000000000000000000000000000000053
:101D90000000000000000000000000000000000043
:101DA0000000000000000000000000000000000033
:101DB0000000000000000000000000000000000023
:101DC0000000000000000000000000000000000013
:101DD0000000000000000000000000000000000003
:101DE00000000000000000000000000000000000F3
:101DF00000000000000000000000000000000000E3
:101E000000000000000000000000000000000000D2
:101E100000000000000000000000000000000000C2
:101E200000000000000000000000000000000000B2
:101E300000000000000000000000000000000000A2
:101E40000000000000000000000000000000000092
:101E50000000000000000000000000000000000082
:101E60000000000000000000000000000000000072
:101E70000000000000000000000000000000000062
:101E80000000000000000000000000000000000052
:101E90000000000000000000000000000000000042
:101EA0000000000000000000000000000000000032
:101EB0000000000000000000000000000000000022
:101EC0000000000000000000000000000000000012
:101ED0000000000000000000000000000000000002
:101EE00000000000000000000000000000000000F2
:101EF00000000000000000000000000000000000E2
:101F000000000000000000000000000000000000D1
:101F100000000000000000000000000000000000C1
:101F200000000000000000000000000000000000B1
:101F300000000000000000000000000000000000A1
:101F40000000000000000000000000000000000091
:101F50000000000000000000000000000000000081
:101F60000000000000000000000000000000000071
:101F70000000000000000000000000000000000061
:101F80000000000000000000000000000000000051
:101F90000000000000000000000000000000000041
:101FA0000000000000000000000000000000000031
:101FB0000000000000000000000000000000000021
:101FC0000000000000000000000000000000000011
:101FD0000000000000000000000000000000000001
:101FE00000000000000000000000000000000000F1
:101FF00000000000000000000000000000000000E1
:1020000000000000000000000000000000000000D0
:1020100000000000000000000000000000000000C0
:1020200000000000000000000000000000000000B0
:1020300000000000000000000000000000000000A0
:102040000000000000000000000000000000000090
:102050000000000000000000000000000000000080
:102060000000000000000000000000000000000070
:102070000000000000000000000000000000000060
:102080000000000000000000000000000000000050
:102090000000000000000000000000000000000040
:1020A0000000000000000000000000000000000030
:1020B0000000000000000000000000000000000020
:1020C0000000000000000000000000000000000010
:1020D0000000000000000000000000000000000000
:1020E00000000000000000000000000000000000F0
:1020F00000000000000000000000000000000000E0
:1021000000000000000000000000000000000000CF
:1021100000000000000000000000000000000000BF
:1021200000000000000000000000000000000000AF
:10213000000000000000000000000000000000009F
:10214000000000000000000000000000000000008F
:10215000000000000000000000000000000000007F
:10216000000000000000000000000000000000006F
:10217000000000000000000000000000000000005F
:10218000000000000000000000000000000000004F
:10219000000000000000000000000000000000003F
:1021A000000000000000000000000000000000002F
:1021B000000000000000000000000000000000001F
:1021C000000000000000000000000000000000000F
:1021D00000000000000000000000000000000000FF
:1021E00000000000000000000000000000000000EF
:1021F00000000000000000000000000000000000DF
:1022000000000000000000000000000000000000CE
:1022100000000000000000000000000000000000BE
:1022200000000000000000000000000000000000AE
:10223000000000000000000000000000000000009E
:10224000000000000000000000000000000000008E
:10225000000000000000000000000000000000007E
:10226000000000000000000000000000000000006E
:10227000000000000000000000000000000000005E
:10228000000000000000000000000000000000004E
:10229000000000000000000000000000000000003E
:1022A000000000000000000000000000000000002E
:1022B000000000000000000000000000000000001E
:1022C000000000000000000000000000000000000E
:1022D00000000000000000000000000000000000FE
:1022E00000000000000000000000000000000000EE
:1022F00000000000000000000000000000000000DE
:1023000000000000000000000000000000000000CD
:1023100000000000000000000000000000000000BD
:1023200000000000000000000000000000000000AD
:10233000000000000000000000000000000000009D
:10234000000000000000000000000000000000008D
:10235000000000000000000000000000000000007D
:10236000000000000000000000000000000000006D
:10237000000000000000000000000000000000005D
:10238000000000000000000000000000000000004D
:10239000000000000000000000000000000000003D
:1023A000000000000000000000000000000000002D
:1023B000000000000000000000000000000000001D
:1023C000000000000000000000000000000000000D
:1023D00000000000000000000000000000000000FD
:1023E00000000000000000000000000000000000ED
:1023F00000000000000000000000000000000000DD
:1024000000000000000000000000000000000000CC
:1024100000000000000000000000000000000000BC
:1024200000000000000000000000000000000000AC
:10243000000000000000000000000000000000009C
:10244000000000000000000000000000000000008C
:10245000000000000000000000000000000000007C
:10246000000000000000000000000000000000006C
:10247000000000000000000000000000000000005C
:10248000000000000000000000000000000000004C
:10249000000000000000000000000000000000003C
:1024A000000000000000000000000000000000002C
:1024B000000000000000000000000000000000001C
:1024C000000000000000000000000000000000000C
:1024D00000000000000000000000000000000000FC
:1024E00000000000000000000000000000000000EC
:1024F00000000000000000000000000000000000DC
:1025000000000000000000000000000000000000CB
:1025100000000000000000000000000000000000BB
:1025200000000000000000000000000000000000AB
:10253000000000000000000000000000000000009B
:10254000000000000000000000000000000000008B
:10255000000000000000000000000000000000007B
:10256000000000000000000000000000000000006B
:10257000000000000000000000000000000000005B
:10258000000000000000000000000000000000004B
:10259000000000000000000000000000000000003B
:1025A000000000000000000000000000000000002B
:1025B000000000000000000000000000000000001B
:1025C000000000000000000000000000000000000B
:1025D00000000000000000000000000000000000FB
:1025E00000000000000000000000000000000000EB
:1025F00000000000000000000000000000000000DB
:1026000000000000000000000000000000000000CA
:1026100000000000000000000000000000000000BA
:1026200000000000000000000000000000000000AA
:10263000000000000000000000000000000000009A
:10264000000000000000000000000000000000008A
:10265000000000000000000000000000000000007A
:10266000000000000000000000000000000000006A
:10267000000000000000000000000000000000005A
:10268000000000000000000000000000000000004A
:10269000000000000000000000000000000000003A
:1026A000000000000000000000000000000000002A
:1026B000000000000000000000000000000000001A
:1026C000000000000000000000000000000000000A
:1026D00000000000000000000000000000000000FA
:1026E00000000000000000000000000000000000EA
:1026F00000000000000000000000000000000000DA
:1027000000000000000000000000000000000000C9
:1027100000000000000000000000000000000000B9
:1027200000000000000000000000000000000000A9
:102730000000000000000000000000000000000099
:102740000000000000000000000000000000000089
:102750000000000000000000000000000000000079
:102760000000000000000000000000000000000069
:102770000000000000000000000000000000000059
:102780000000000000000000000000000000000049
:102790000000000000000000000000000000000039
:1027A0000000000000000000000000000000000029
:1027B0000000000000000000000000000000000019
:1027C0000000000000000000000000000000000009
:1027D00000000000000000000000000000000000F9
:1027E00000000000000000000000000000000000E9
:1027F00000000000000000000000000000000000D9
:1028000000000000000000000000000000000000C8
:1028100000000000000000000000000000000000B8
:1028200000000000000000000000000000000000A8
:102830000000000000000000000000000000000098
:102840000000000000000000000000000000000088
:102850000000000000000000000000000000000078
:102860000000000000000000000000000000000068
:102870000000000000000000000000000000000058
:102880000000000000000000000000000000000048
:102890000000000000000000000000000000000038
:1028A0000000000000000000000000000000000028
:1028B0000000000000000000000000000000000018
:1028C0000000000000000000000000000000000008
:1028D00000000000000000000000000000000000F8
:1028E00000000000000000000000000000000000E8
:1028F00000000000000000000000000000000000D8
:1029000000000000000000000000000000000000C7
:1029100000000000000000000000000000000000B7
:1029200000000000000000000000000000000000A7
:102930000000000000000000000000000000000097
:102940000000000000000000000000000000000087
:102950000000000000000000000000000000000077
:102960000000000000000000000000000000000067
:102970000000000000000000000000000000000057
:102980000000000000000000000000000000000047
:102990000000000000000000000000000000000037
:1029A0000000000000000000000000000000000027
:1029B0000000000000000000000000000000000017
:1029C0000000000000000000000000000000000007
:1029D00000000000000000000000000000000000F7
:1029E00000000000000000000000000000000000E7
:1029F00000000000000000000000000000000000D7
:102A000000000000000000000000000000000000C6
:102A100000000000000000000000000000000000B6
:102A200000000000000000000000000000000000A6
:102A30000000000000000000000000000000000096
:102A40000000000000000000000000000000000086
:102A50000000000000000000000000000000000076
:102A60000000000000000000000000000000000066
:102A70000000000000000000000000000000000056
:102A80000000000000000000000000000000000046
:102A90000000000000000000000000000000000036
:102AA0000000000000000000000000000000000026
:102AB0000000000000000000000000000000000016
:102AC0000000000000000000000000000000000006
:102AD00000000000000000000000000000000000F6
:102AE00000000000000000000000000000000000E6
:102AF00000000000000000000000000000000000D6
:102B000000000000000000000000000000000000C5
:102B100000000000000000000000000000000000B5
:102B200000000000000000000000000000000000A5
:102B30000000000000000000000000000000000095
:102B40000000000000000000000000000000000085
:102B50000000000000000000000000000000000075
:102B60000000000000000000000000000000000065
:102B70000000000000000000000000000000000055
:102B80000000000000000000000000000000000045
:102B90000000000000000000000000000000000035
:102BA0000000000000000000000000000000000025
:102BB0000000000000000000000000000000000015
:102BC0000000000000000000000000000000000005
:102BD00000000000000000000000000000000000F5
:102BE00000000000000000000000000000000000E5
:102BF00000000000000000000000000000000000D5
:102C000000000000000000000000000000000000C4
:102C100000000000000000000000000000000000B4
:102C200000000000000000000000000000000000A4
:102C30000000000000000000000000000000000094
:102C40000000000000000000000000000000000084
:102C50000000000000000000000000000000000074
:102C60000000000000000000000000000000000064
:102C70000000000000000000000000000000000054
:102C80000000000000000000000000000000000044
:102C90000000000000000000000000000000000034
:102CA0000000000000000000000000000000000024
:102CB0000000000000000000000000000000000014
:102CC0000000000000000000000000000000000004
:102CD00000000000000000000000000000000000F4
:102CE00000000000000000000000000000000000E4
:102CF00000000000000000000000000000000000D4
:102D000000000000000000000000000000000000C3
:102D100000000000000000000000000000000000B3
:102D200000000000000000000000000000000000A3
:102D30000000000000000000000000000000000093
:102D40000000000000000000000000000000000083
:102D50000000000000000000000000000000000073
:102D60000000000000000000000000000000000063
:102D70000000000000000000000000000000000053
:102D80000000000000000000000000000000000043
:102D90000000000000000000000000000000000033
:102DA0000000000000000000000000000000000023
:102DB0000000000000000000000000000000000013
:102DC0000000000000000000000000000000000003
:102DD00000000000000000000000000000000000F3
:102DE00000000000000000000000000000000000E3
:102DF00000000000000000000000000000000000D3
:102E000000000000000000000000000000000000C2
:102E100000000000000000000000000000000000B2
:102E200000000000000000000000000000000000A2
:102E30000000000000000000000000000000000092
:102E40000000000000000000000000000000000082
:102E50000000000000000000000000000000000072
:102E60000000000000000000000000000000000062
:102E70000000000000000000000000000000000052
:102E80000000000000000000000000000000000042
:102E90000000000000000000000000000000000032
:102EA0000000000000000000000000000000000022
:102EB0000000000000000000000000000000000012
:102EC0000000000000000000000000000000000002
:102ED00000000000000000000000000000000000F2
:102EE00000000000000000000000000000000000E2
:102EF00000000000000000000000000000000000D2
:102F000000000000000000000000000000000000C1
:102F100000000000000000000000000000000000B1
:102F200000000000000000000000000000000000A1
:102F30000000000000000000000000000000000091
:102F40000000000000000000000000000000000081
:102F50000000000000000000000000000000000071
:102F60000000000000000000000000000000000061
:102F70000000000000000000000000000000000051
:102F80000000000000000000000000000000000041
:102F90000000000000000000000000000000000031
:102FA0000000000000000000000000000000000021
:102FB0000000000000000000000000000000000011
:102FC0000000000000000000000000000000000001
:102FD00000000000000000000000000000000000F1
:102FE00000000000000000000000000000000000E1
:102FF00000000000000000000000000000000000D1
:1030000000000000000000000000000000000000C0
:1030100000000000000000000000000000000000B0
:1030200000000000000000000000000000000000A0
:103030000000000000000000000000000000000090
:103040000000000000000000000000000000000080
:103050000000000000000000000000000000000070
:103060000000000000000000000000000000000060
:103070000000000000000000000000000000000050
:103080000000000000000000000000000000000040
:103090000000000000000000000000000000000030
:1030A0000000000000000000000000000000000020
:1030B0000000000000000000000000000000000010
:1030C0000000000000000000000000000000000000
:1030D00000000000000000000000000000000000F0
:1030E00000000000000000000000000000000000E0
:1030F00000000000000000000000000000000000D0
:1031000000000000000000000000000000000000BF
:1031100000000000000000000000000000000000AF
:10312000000000000000000000000000000000009F
:10313000000000000000000000000000000000008F
:10314000000000000000000000000000000000007F
:10315000000000000000000000000000000000006F
:10316000000000000000000000000000000000005F
:10317000000000000000000000000000000000004F
:10318000000000000000000000000000000000003F
:10319000000000000000000000000000000000002F
:1031A000000000000000000000000000000000001F
:1031B000000000000000000000000000000000000F
:1031C00000000000000000000000000000000000FF
:1031D00000000000000000000000000000000000EF
:1031E00000000000000000000000000000000000DF
:1031F00000000000000000000000000000000000CF
:1032000000000000000000000000000000000000BE
:1032100000000000000000000000000000000000AE
:10322000000000000000000000000000000000009E
:10323000000000000000000000000000000000008E
:10324000000000000000000000000000000000007E
:10325000000000000000000000000000000000006E
:10326000000000000000000000000000000000005E
:10327000000000000000000000000000000000004E
:10328000000000000000000000000000000000003E
:10329000000000000000000000000000000000002E
:1032A000000000000000000000000000000000001E
:1032B000000000000000000000000000000000000E
:1032C00000000000000000000000000000000000FE
:1032D00000000000000000000000000000000000EE
:1032E00000000000000000000000000000000000DE
:1032F00000000000000000000000000000000000CE
:1033000000000000000000000000000000000000BD
:1033100000000000000000000000000000000000AD
:10332000000000000000000000000000000000009D
:10333000000000000000000000000000000000008D
:10334000000000000000000000000000000000007D
:10335000000000000000000000000000000000006D
:10336000000000000000000000000000000000005D
:10337000000000000000000000000000000000004D
:10338000000000000000000000000000000000003D
:10339000000000000000000000000000000000002D
:1033A000000000000000000000000000000000001D
:1033B000000000000000000000000000000000000D
:1033C00000000000000000000000000000000000FD
:1033D00000000000000000000000000000000000ED
:1033E00000000000000000000000000000000000DD
:1033F00000000000000000000000000000000000CD
:1034000000000000000000000000000000000000BC
:1034100000000000000000000000000000000000AC
:10342000000000000000000000000000000000009C
:10343000000000000000000000000000000000008C
:10344000000000000000000000000000000000007C
:10345000000000000000000000000000000000006C
:10346000000000000000000000000000000000005C
:10347000000000000000000000000000000000004C
:10348000000000000000000000000000000000003C
:10349000000000000000000000000000000000002C
:1034A000000000000000000000000000000000001C
:1034B000000000000000000000000000000000000C
:1034C00000000000000000000000000000000000FC
:1034D00000000000000000000000000000000000EC
:1034E00000000000000000000000000000000000DC
:1034F00000000000000000000000000000000000CC
:1035000000000000000000000000000000000000BB
:1035100000000000000000000000000000000000AB
:10352000000000000000000000000000000000009B
:10353000000000000000000000000000000000008B
:10354000000000000000000000000000000000007B
:10355000000000000000000000000000000000006B
:10356000000000000000000000000000000000005B
:10357000000000000000000000000000000000004B
:10358000000000000000000000000000000000003B
:10359000000000000000000000000000000000002B
:1035A000000000000000000000000000000000001B
:1035B000000000000000000000000000000000000B
:1035C00000000000000000000000000000000000FB
:1035D00000000000000000000000000000000000EB
:1035E00000000000000000000000000000000000DB
:1035F00000000000000000000000000000000000CB
:1036000000000000000000000000000000000000BA
:1036100000000000000000000000000000000000AA
:10362000000000000000000000000000000000009A
:10363000000000000000000000000000000000008A
:10364000000000000000000000000000000000007A
:10365000000000000000000000000000000000006A
:10366000000000000000000000000000000000005A
:10367000000000000000000000000000000000004A
:10368000000000000000000000000000000000003A
:10369000000000000000000000000000000000002A
:1036A000000000000000000000000000000000001A
:1036B000000000000000000000000000000000000A
:1036C00000000000000000000000000000000000FA
:1036D00000000000000000000000000000000000EA
:1036E00000000000000000000000000000000000DA
:1036F00000000000000000000000000000000000CA
:1037000000000000000000000000000000000000B9
:1037100000000000000000000000000000000000A9
:103720000000000000000000000000000000000099
:103730000000000000000000000000000000000089
:103740000000000000000000000000000000000079
:103750000000000000000000000000000000000069
:103760000000000000000000000000000000000059
:103770000000000000000000000000000000000049
:103780000000000000000000000000000000000039
:103790000000000000000000000000000000000029
:1037A0000000000000000000000000000000000019
:1037B0000000000000000000000000000000000009
:1037C00000000000000000000000000000000000F9
:1037D00000000000000000000000000000000000E9
:1037E00000000000000000000000000000000000D9
:1037F00000000000000000000000000000000000C9
:1038000000000000000000000000000000000000B8
:1038100000000000000000000000000000000000A8
:103820000000000000000000000000000000000098
:103830000000000000000000000000000000000088
:103840000000000000000000000000000000000078
:103850000000000000000000000000000000000068
:103860000000000000000000000000000000000058
:103870000000000000000000000000000000000048
:103880000000000000000000000000000000000038
:103890000000000000000000000000000000000028
:1038A0000000000000000000000000000000000018
:1038B0000000000000000000000000000000000008
:1038C00000000000000000000000000000000000F8
:1038D00000000000000000000000000000000000E8
:1038E00000000000000000000000000000000000D8
:1038F00000000000000000000000000000000000C8
:1039000000000000000000000000000000000000B7
:1039100000000000000000000000000000000000A7
:103920000000000000000000000000000000000097
:103930000000000000000000000000000000000087
:103940000000000000000000000000000000000077
:103950000000000000000000000000000000000067
:103960000000000000000000000000000000000057
:103970000000000000000000000000000000000047
:103980000000000000000000000000000000000037
:103990000000000000000000000000000000000027
:1039A0000000000000000000000000000000000017
:1039B0000000000000000000000000000000000007
:1039C00000000000000000000000000000000000F7
:1039D00000000000000000000000000000000000E7
:1039E00000000000000000000000000000000000D7
:1039F00000000000000000000000000000000000C7
:103A000000000000000000000000000000000000B6
:103A100000000000000000000000000000000000A6
:103A20000000000000000000000000000000000096
:103A30000000000000000000000000000000000086
:103A40000000000000000000000000000000000076
:103A50000000000000000000000000000000000066
:103A60000000000000000000000000000000000056
:103A70000000000000000000000000000000000046
:103A80000000000000000000000000000000000036
:103A90000000000000000000000000000000000026
:103AA0000000000000000000000000000000000016
:103AB0000000000000000000000000000000000006
:103AC00000000000000000000000000000000000F6
:103AD00000000000000000000000000000000000E6
:103AE00000000000000000000000000000000000D6
:103AF00000000000000000000000000000000000C6
:103B000000000000000000000000000000000000B5
:103B100000000000000000000000000000000000A5
:103B20000000000000000000000000000000000095
:103B30000000000000000000000000000000000085
:103B40000000000000000000000000000000000075
:103B50000000000000000000000000000000000065
:103B60000000000000000000000000000000000055
:103B70000000000000000000000000000000000045
:103B80000000000000000000000000000000000035
:103B90000000000000000000000000000000000025
:103BA0000000000000000000000000000000000015
:103BB0000000000000000000000000000000000005
:103BC00000000000000000000000000000000000F5
:103BD00000000000000000000000000000000000E5
:103BE00000000000000000000000000000000000D5
:103BF00000000000000000000000000000000000C5
:103C000000000000000000000000000000000000B4
:103C100000000000000000000000000000000000A4
:103C20000000000000000000000000000000000094
:103C30000000000000000000000000000000000084
:103C40000000000000000000000000000000000074
:103C50000000000000000000000000000000000064
:103C60000000000000000000000000000000000054
:103C70000000000000000000000000000000000044
:103C80000000000000000000000000000000000034
:103C90000000000000000000000000000000000024
:103CA0000000000000000000000000000000000014
:103CB0000000000000000000000000000000000004
:103CC00000000000000000000000000000000000F4
:103CD00000000000000000000000000000000000E4
:103CE00000000000000000000000000000000000D4
:103CF00000000000000000000000000000000000C4
:103D000000000000000000000000000000000000B3
:103D100000000000000000000000000000000000A3
:103D20000000000000000000000000000000000093
:103D30000000000000000000000000000000000083
:103D40000000000000000000000000000000000073
:103D50000000000000000000000000000000000063
:103D60000000000000000000000000000000000053
:103D70000000000000000000000000000000000043
:103D80000000000000000000000000000000000033
:103D90000000000000000000000000000000000023
:103DA0000000000000000000000000000000000013
:103DB0000000000000000000000000000000000003
:103DC00000000000000000000000000000000000F3
:103DD00000000000000000000000000000000000E3
:103DE00000000000000000000000000000000000D3
:103DF00000000000000000000000000000000000C3
:103E000000000000000000000000000000000000B2
:103E100000000000000000000000000000000000A2
:103E20000000000000000000000000000000000092
:103E30000000000000000000000000000000000082
:103E40000000000000000000000000000000000072
:103E50000000000000000000000000000000000062
:103E60000000000000000000000000000000000052
:103E70000000000000000000000000000000000042
:103E80000000000000000000000000000000000032
:103E90000000000000000000000000000000000022
:103EA0000000000000000000000000000000000012
:103EB0000000000000000000000000000000000002
:103EC00000000000000000000000000000000000F2
:103ED00000000000000000000000000000000000E2
:103EE00000000000000000000000000000000000D2
:103EF00000000000000000000000000000000000C2
:103F000000000000000000000000000000000000B1
:103F100000000000000000000000000000000000A1
:103F20000000000000000000000000000000000091
:103F30000000000000000000000000000000000081
:103F40000000000000000000000000000000000071
:103F50000000000000000000000000000000000061
:103F60000000000000000000000000000000000051
:103F70000000000000000000000000000000000041
:103F80000000000000000000000000000000000031
:103F90000000000000000000000000000000000021
:103FA0000000000000000000000000000000000011
:103FB0000000000000000000000000000000000001
:103FC00000000000000000000000000000000000F1
:103FD00000000000000000000000000000000000E1
:103FE00000000000000000000000000000000000D1
:103FF00000000000000000000000000000000000C1
:1040000000000000000000000000000000000000B0
:1040100000000000000000000000000000000000A0
:104020000000000000000000000000000000000090
:104030000000000000000000000000000000000080
:104040000000000000000000000000000000000070
:104050000000000000000000000000000000000060
:104060000000000000000000000000000000000050
:104070000000000000000000000000000000000040
:104080000000000000000000000000000000000030
:104090000000000000000000000000000000000020
:1040A0000000000000000000000000000000000010
:1040B0000000000000000000000000000000000000
:1040C00000000000000000000000000000000000F0
:1040D00000000000000000000000000000000000E0
:1040E00000000000000000000000000000000000D0
:1040F00000000000000000000000000000000000C0
:1041000000000000000000000000000000000000AF
:10411000000000000000000000000000000000009F
:10412000000000000000000000000000000000008F
:10413000000000000000000000000000000000007F
:10414000000000000000000000000000000000006F
:10415000000000000000000000000000000000005F
:10416000000000000000000000000000000000004F
:10417000000000000000000000000000000000003F
:10418000000000000000000000000000000000002F
:10419000000000000000000000000000000000001F
:1041A000000000000000000000000000000000000F
:1041B00000000000000000000000000000000000FF
:1041C00000000000000000000000000000000000EF
:1041D00000000000000000000000000000000000DF
:1041E00000000000000000000000000000000000CF
:1041F00000000000000000000000000000000000BF
:1042000000000000000000000000000000000000AE
:10421000000000000000000000000000000000009E
:10422000000000000000000000000000000000008E
:10423000000000000000000000000000000000007E
:10424000000000000000000000000000000000006E
:10425000000000000000000000000000000000005E
:10426000000000000000000000000000000000004E
:10427000000000000000000000000000000000003E
:10428000000000000000000000000000000000002E
:10429000000000000000000000000000000000001E
:1042A000000000000000000000000000000000000E
:1042B00000000000000000000000000000000000FE
:1042C00000000000000000000000000000000000EE
:1042D00000000000000000000000000000000000DE
:1042E00000000000000000000000000000000000CE
:1042F00000000000000000000000000000000000BE
:1043000000000000000000000000000000000000AD
:10431000000000000000000000000000000000009D
:10432000000000000000000000000000000000008D
:10433000000000000000000000000000000000007D
:10434000000000000000000000000000000000006D
:10435000000000000000000000000000000000005D
:10436000000000000000000000000000000000004D
:10437000000000000000000000000000000000003D
:10438000000000000000000000000000000000002D
:10439000000000000000000000000000000000001D
:1043A000000000000000000000000000000000000D
:1043B00000000000000000000000000000000000FD
:1043C00000000000000000000000000000000000ED
:1043D00000000000000000000000000000000000DD
:1043E00000000000000000000000000000000000CD
:1043F00000000000000000000000000000000000BD
:1044000000000000000000000000000000000000AC
:10441000000000000000000000000000000000009C
:10442000000000000000000000000000000000008C
:10443000000000000000000000000000000000007C
:10444000000000000000000000000000000000006C
:10445000000000000000000000000000000000005C
:10446000000000000000000000000000000000004C
:10447000000000000000000000000000000000003C
:10448000000000000000000000000000000000002C
:10449000000000000000000000000000000000001C
:1044A000000000000000000000000000000000000C
:1044B00000000000000000000000000000000000FC
:1044C00000000000000000000000000000000000EC
:1044D00000000000000000000000000000000000DC
:1044E00000000000000000000000000000000000CC
:1044F00000000000000000000000000000000000BC
:1045000000000000000000000000000000000000AB
:10451000000000000000000000000000000000009B
:10452000000000000000000000000000000000008B
:10453000000000000000000000000000000000007B
:10454000000000000000000000000000000000006B
:10455000000000000000000000000000000000005B
:10456000000000000000000000000000000000004B
:10457000000000000000000000000000000000003B
:10458000000000000000000000000000000000002B
:10459000000000000000000000000000000000001B
:1045A000000000000000000000000000000000000B
:1045B00000000000000000000000000000000000FB
:1045C00000000000000000000000000000000000EB
:1045D00000000000000000000000000000000000DB
:1045E00000000000000000000000000000000000CB
:1045F00000000000000000000000000000000000BB
:1046000000000000000000000000000000000000AA
:10461000000000000000000000000000000000009A
:10462000000000000000000000000000000000008A
:10463000000000000000000000000000000000007A
:10464000000000000000000000000000000000006A
:10465000000000000000000000000000000000005A
:10466000000000000000000000000000000000004A
:10467000000000000000000000000000000000003A
:10468000000000000000000000000000000000002A
:10469000000000000000000000000000000000001A
:1046A000000000000000000000000000000000000A
:1046B00000000000000000000000000000000000FA
:1046C00000000000000000000000000000000000EA
:1046D00000000000000000000000000000000000DA
:1046E00000000000000000000000000000000000CA
:1046F00000000000000000000000000000000000BA
:1047000000000000000000000000000000000000A9
:104710000000000000000000000000000000000099
:104720000000000000000000000000000000000089
:104730000000000000000000000000000000000079
:104740000000000000000000000000000000000069
:104750000000000000000000000000000000000059
:104760000000000000000000000000000000000049
:104770000000000000000000000000000000000039
:104780000000000000000000000000000000000029
:104790000000000000000000000000000000000019
:1047A0000000000000000000000000000000000009
:1047B00000000000000000000000000000000000F9
:1047C00000000000000000000000000000000000E9
:1047D00000000000000000000000000000000000D9
:1047E00000000000000000000000000000000000C9
:1047F00000000000000000000000000000000000B9
:1048000000000000000000000000000000000000A8
:104810000000000000000000000000000000000098
:104820000000000000000000000000000000000088
:104830000000000000000000000000000000000078
:104840000000000000000000000000000000000068
:104850000000000000000000000000000000000058
:104860000000000000000000000000000000000048
:104870000000000000000000000000000000000038
:104880000000000000000000000000000000000028
:104890000000000000000000000000000000000018
:1048A0000000000000000000000000000000000008
:1048B00000000000000000000000000000000000F8
:1048C00000000000000000000000000000000000E8
:1048D00000000000000000000000000000000000D8
:1048E00000000000000000000000000000000000C8
:1048F00000000000000000000000000000000000B8
:1049000000000000000000000000000000000000A7
:104910000000000000000000000000000000000097
:104920000000000000000000000000000000000087
:104930000000000000000000000000000000000077
:104940000000000000000000000000000000000067
:104950000000000000000000000000000000000057
:104960000000000000000000000000000000000047
:104970000000000000000000000000000000000037
:104980000000000000000000000000000000000027
:104990000000000000000000000000000000000017
:1049A0000000000000000000000000000000000007
:1049B00000000000000000000000000000000000F7
:1049C00000000000000000000000000000000000E7
:1049D00000000000000000000000000000000000D7
:1049E00000000000000000000000000000000000C7
:1049F00000000000000000000000000000000000B7
:104A000000000000000000000000000000000000A6
:104A10000000000000000000000000000000000096
:104A20000000000000000000000000000000000086
:104A30000000000000000000000000000000000076
:104A40000000000000000000000000000000000066
:104A50000000000000000000000000000000000056
:104A60000000000000000000000000000000000046
:104A70000000000000000000000000000000000036
:104A80000000000000000000000000000000000026
:104A90000000000000000000000000000000000016
:104AA0000000000000000000000000000000000006
:104AB00000000000000000000000000000000000F6
:104AC00000000000000000000000000000000000E6
:104AD00000000000000000000000000000000000D6
:104AE00000000000000000000000000000000000C6
:104AF00000000000000000000000000000000000B6
:104B000000000000000000000000000000000000A5
:104B10000000000000000000000000000000000095
:104B20000000000000000000000000000000000085
:104B30000000000000000000000000000000000075
:104B40000000000000000000000000000000000065
:104B50000000000000000000000000000000000055
:104B60000000000000000000000000000000000045
:104B70000000000000000000000000000000000035
:104B80000000000000000000000000000000000025
:104B90000000000000000000000000000000000015
:104BA0000000000000000000000000000000000005
:104BB00000000000000000000000000000000000F5
:104BC00000000000000000000000000000000000E5
:104BD00000000000000000000000000000000000D5
:104BE00000000000000000000000000000000000C5
:104BF00000000000000000000000000000000000B5
:104C000000000000000000000000000000000000A4
:104C10000000000000000000000000000000000094
:104C20000000000000000000000000000000000084
:104C30000000000000000000000000000000000074
:104C40000000000000000000000000000000000064
:104C50000000000000000000000000000000000054
:104C60000000000000000000000000000000000044
:104C70000000000000000000000000000000000034
:104C80000000000000000000000000000000000024
:104C90000000000000000000000000000000000014
:104CA0000000000000000000000000000000000004
:104CB00000000000000000000000000000000000F4
:104CC00000000000000000000000000000000000E4
:104CD00000000000000000000000000000000000D4
:104CE00000000000000000000000000000000000C4
:104CF00000000000000000000000000000000000B4
:104D000000000000000000000000000000000000A3
:104D10000000000000000000000000000000000093
:104D20000000000000000000000000000000000083
:104D30000000000000000000000000000000000073
:104D40000000000000000000000000000000000063
:104D50000000000000000000000000000000000053
:104D60000000000000000000000000000000000043
:104D70000000000000000000000000000000000033
:104D80000000000000000000000000000000000023
:104D90000000000000000000000000000000000013
:104DA0000000000000000000000000000000000003
:104DB00000000000000000000000000000000000F3
:104DC00000000000000000000000000000000000E3
:104DD00000000000000000000000000000000000D3
:104DE00000000000000000000000000000000000C3
:104DF00000000000000000000000000000000000B3
:104E000000000000000000000000000000000000A2
:104E10000000000000000000000000000000000092
:104E20000000000000000000000000000000000082
:104E30000000000000000000000000000000000072
:104E40000000000000000000000000000000000062
:104E50000000000000000000000000000000000052
:104E60000000000000000000000000000000000042
:104E70000000000000000000000000000000000032
:104E80000000000000000000000000000000000022
:104E90000000000000000000000000000000000012
:104EA0000000000000000000000000000000000002
:104EB00000000000000000000000000000000000F2
:104EC00000000000000000000000000000000000E2
:104ED00000000000000000000000000000000000D2
:104EE00000000000000000000000000000000000C2
:104EF00000000000000000000000000000000000B2
:104F000000000000000000000000000000000000A1
:104F10000000000000000000000000000000000091
:104F20000000000000000000000000000000000081
:104F30000000000000000000000000000000000071
:104F40000000000000000000000000000000000061
:104F50000000000000000000000000000000000051
:104F60000000000000000000000000000000000041
:104F70000000000000000000000000000000000031
:104F80000000000000000000000000000000000021
:104F90000000000000000000000000000000000011
:104FA0000000000000000000000000000000000001
:104FB00000000000000000000000000000000000F1
:104FC00000000000000000000000000000000000E1
:104FD00000000000000000000000000000000000D1
:104FE00000000000000000000000000000000000C1
:104FF00000000000000000000000000000000000B1
:1050000000000000000000000000000000000000A0
:105010000000000000000000000000000000000090
:105020000000000000000000000000000000000080
:105030000000000000000000000000000000000070
:105040000000000000000000000000000000000060
:105050000000000000000000000000000000000050
:105060000000000000000000000000000000000040
:105070000000000000000000000000000000000030
:105080000000000000000000000000000000000020
:105090000000000000000000000000000000000010
:1050A0000000000000000000000000000000000000
:1050B00000000000000000000000000000000000F0
:1050C00000000000000000000000000000000000E0
:1050D00000000000000000000000000000000000D0
:1050E00000000000000000000000000000000000C0
:1050F00000000000000000000000000000000000B0
:10510000000000000000000000000000000000009F
:10511000000000000000000000000000000000008F
:10512000000000000000000000000000000000007F
:10513000000000000000000000000000000000006F
:10514000000000000000000000000000000000005F
:10515000000000000000000000000000000000004F
:10516000000000000000000000000000000000003F
:10517000000000000000000000000000000000002F
:10518000000000000000000000000000000000001F
:10519000000000000000000000000000000000000F
:1051A00000000000000000000000000000000000FF
:1051B00000000000000000000000000000000000EF
:1051C00000000000000000000000000000000000DF
:1051D00000000000000000000000000000000000CF
:1051E00000000000000000000000000000000000BF
:1051F00000000000000000000000000000000000AF
:10520000000000000000000000000000000000009E
:10521000000000000000000000000000000000008E
:10522000000000000000000000000000000000007E
:10523000000000000000000000000000000000006E
:10524000000000000000000000000000000000005E
:10525000000000000000000000000000000000004E
:10526000000000000000000000000000000000003E
:10527000000000000000000000000000000000002E
:10528000000000000000000000000000000000001E
:10529000000000000000000000000000000000000E
:1052A00000000000000000000000000000000000FE
:1052B00000000000000000000000000000000000EE
:1052C00000000000000000000000000000000000DE
:1052D00000000000000000000000000000000000CE
:1052E00000000000000000000000000000000000BE
:1052F00000000000000000000000000000000000AE
:10530000000000000000000000000000000000009D
:10531000000000000000000000000000000000008D
:10532000000000000000000000000000000000007D
:10533000000000000000000000000000000000006D
:10534000000000000000000000000000000000005D
:10535000000000000000000000000000000000004D
:10536000000000000000000000000000000000003D
:10537000000000000000000000000000000000002D
:10538000000000000000000000000000000000001D
:10539000000000000000000000000000000000000D
:1053A00000000000000000000000000000000000FD
:1053B00000000000000000000000000000000000ED
:1053C00000000000000000000000000000000000DD
:1053D00000000000000000000000000000000000CD
:1053E00000000000000000000000000000000000BD
:1053F00000000000000000000000000000000000AD
:10540000000000000000000000000000000000009C
:10541000000000000000000000000000000000008C
:10542000000000000000000000000000000000007C
:10543000000000000000000000000000000000006C
:10544000000000000000000000000000000000005C
:10545000000000000000000000000000000000004C
:10546000000000000000000000000000000000003C
:10547000000000000000000000000000000000002C
:10548000000000000000000000000000000000001C
:10549000000000000000000000000000000000000C
:1054A00000000000000000000000000000000000FC
:1054B00000000000000000000000000000000000EC
:1054C00000000000000000000000000000000000DC
:1054D00000000000000000000000000000000000CC
:1054E00000000000000000000000000000000000BC
:1054F00000000000000000000000000000000000AC
:10550000000000000000000000000000000000009B
:10551000000000000000000000000000000000008B
:10552000000000000000000000000000000000007B
:10553000000000000000000000000000000000006B
:10554000000000000000000000000000000000005B
:10555000000000000000000000000000000000004B
:10556000000000000000000000000000000000003B
:10557000000000000000000000000000000000002B
:10558000000000000000000000000000000000001B
:10559000000000000000000000000000000000000B
:1055A00000000000000000000000000000000000FB
:1055B00000000000000000000000000000000000EB
:1055C00000000000000000000000000000000000DB
:1055D00000000000000000000000000000000000CB
:1055E00000000000000000000000000000000000BB
:1055F00000000000000000000000000000000000AB
:10560000000000000000000000000000000000009A
:10561000000000000000000000000000000000008A
:10562000000000000000000000000000000000007A
:10563000000000000000000000000000000000006A
:10564000000000000000000000000000000000005A
:10565000000000000000000000000000000000004A
:10566000000000000000000000000000000000003A
:10567000000000000000000000000000000000002A
:10568000000000000000000000000000000000001A
:10569000000000000000000000000000000000000A
:1056A00000000000000000000000000000000000FA
:1056B00000000000000000000000000000000000EA
:1056C00000000000000000000000000000000000DA
:1056D00000000000000000000000000000000000CA
:1056E00000000000000000000000000000000000BA
:1056F00000000000000000000000000000000000AA
:105700000000000000000000000000000000000099
:105710000000000000000000000000000000000089
:105720000000000000000000000000000000000079
:105730000000000000000000000000000000000069
:105740000000000000000000000000000000000059
:105750000000000000000000000000000000000049
:105760000000000000000000000000000000000039
:105770000000000000000000000000000000000029
:105780000000000000000000000000000000000019
:105790000000000000000000000000000000000009
:1057A00000000000000000000000000000000000F9
:1057B00000000000000000000000000000000000E9
:1057C00000000000000000000000000000000000D9
:1057D00000000000000000000000000000000000C9
:1057E00000000000000000000000000000000000B9
:1057F00000000000000000000000000000000000A9
:105800000000000000000000000000000000000098
:105810000000000000000000000000000000000088
:105820000000000000000000000000000000000078
:105830000000000000000000000000000000000068
:105840000000000000000000000000000000000058
:105850000000000000000000000000000000000048
:105860000000000000000000000000000000000038
:105870000000000000000000000000000000000028
:105880000000000000000000000000000000000018
:105890000000000000000000000000000000000008
:1058A00000000000000000000000000000000000F8
:1058B00000000000000000000000000000000000E8
:1058C00000000000000000000000000000000000D8
:1058D00000000000000000000000000000000000C8
:1058E00000000000000000000000000000000000B8
:1058F00000000000000000000000000000000000A8
:105900000000000000000000000000000000000097
:105910000000000000000000000000000000000087
:105920000000000000000000000000000000000077
:105930000000000000000000000000000000000067
:105940000000000000000000000000000000000057
:105950000000000000000000000000000000000047
:105960000000000000000000000000000000000037
:105970000000000000000000000000000000000027
:105980000000000000000000000000000000000017
:105990000000000000000000000000000000000007
:1059A00000000000000000000000000000000000F7
:1059B00000000000000000000000000000000000E7
:1059C00000000000000000000000000000000000D7
:1059D00000000000000000000000000000000000C7
:1059E00000000000000000000000000000000000B7
:1059F00000000000000000000000000000000000A7
:105A00000000000000000000000000000000000096
:105A10000000000000000000000000000000000086
:105A20000000000000000000000000000000000076
:105A30000000000000000000000000000000000066
:105A40000000000000000000000000000000000056
:105A50000000000000000000000000000000000046
:105A60000000000000000000000000000000000036
:105A70000000000000000000000000000000000026
:105A80000000000000000000000000000000000016
:105A90000000000000000000000000000000000006
:105AA00000000000000000000000000000000000F6
:105AB00000000000000000000000000000000000E6
:105AC00000000000000000000000000000000000D6
:105AD00000000000000000000000000000000000C6
:105AE00000000000000000000000000000000000B6
:105AF00000000000000000000000000000000000A6
:105B00000000000000000000000000000000000095
:105B10000000000000000000000000000000000085
:105B20000000000000000000000000000000000075
:105B30000000000000000000000000000000000065
:105B40000000000000000000000000000000000055
:105B50000000000000000000000000000000000045
:105B60000000000000000000000000000000000035
:105B70000000000000000000000000000000000025
:105B80000000000000000000000000000000000015
:105B90000000000000000000000000000000000005
:105BA00000000000000000000000000000000000F5
:105BB00000000000000000000000000000000000E5
:105BC00000000000000000000000000000000000D5
:105BD00000000000000000000000000000000000C5
:105BE00000000000000000000000000000000000B5
:105BF00000000000000000000000000000000000A5
:105C00000000000000000000000000000000000094
:105C10000000000000000000000000000000000084
:105C20000000000000000000000000000000000074
:105C30000000000000000000000000000000000064
:105C40000000000000000000000000000000000054
:105C50000000000000000000000000000000000044
:105C60000000000000000000000000000000000034
:105C70000000000000000000000000000000000024
:105C80000000000000000000000000000000000014
:105C90000000000000000000000000000000000004
:105CA00000000000000000000000000000000000F4
:105CB00000000000000000000000000000000000E4
:105CC00000000000000000000000000000000000D4
:105CD00000000000000000000000000000000000C4
:105CE00000000000000000000000000000000000B4
:105CF00000000000000000000000000000000000A4
:105D00000000000000000000000000000000000093
:105D10000000000000000000000000000000000083
:105D20000000000000000000000000000000000073
:105D30000000000000000000000000000000000063
:105D40000000000000000000000000000000000053
:105D50000000000000000000000000000000000043
:105D60000000000000000000000000000000000033
:105D70000000000000000000000000000000000023
:105D80000000000000000000000000000000000013
:105D90000000000000000000000000000000000003
:105DA00000000000000000000000000000000000F3
:105DB00000000000000000000000000000000000E3
:105DC00000000000000000000000000000000000D3
:105DD00000000000000000000000000000000000C3
:105DE00000000000000000000000000000000000B3
:105DF00000000000000000000000000000000000A3
:105E00000000000000000000000000000000000092
:105E10000000000000000000000000000000000082
:105E20000000000000000000000000000000000072
:105E30000000000000000000000000000000000062
:105E40000000000000000000000000000000000052
:105E50000000000000000000000000000000000042
:105E60000000000000000000000000000000000032
:105E70000000000000000000000000000000000022
:105E80000000000000000000000000000000000012
:105E90000000000000000000000000000000000002
:105EA00000000000000000000000000000000000F2
:105EB00000000000000000000000000000000000E2
:105EC00000000000000000000000000000000000D2
:105ED00000000000000000000000000000000000C2
:105EE00000000000000000000000000000000000B2
:105EF00000000000000000000000000000000000A2
:105F00000000000000000000000000000000000091
:105F10000000000000000000000000000000000081
:105F20000000000000000000000000000000000071
:105F30000000000000000000000000000000000061
:105F40000000000000000000000000000000000051
:105F50000000000000000000000000000000000041
:105F60000000000000000000000000000000000031
:105F70000000000000000000000000000000000021
:105F80000000000000000000000000000000000011
:105F90000000000000000000000000000000000001
:105FA00000000000000000000000000000000000F1
:105FB00000000000000000000000000000000000E1
:105FC00000000000000000000000000000000000D1
:105FD00000000000000000000000000000000000C1
:105FE00000000000000000000000000000000000B1
:105FF00000000000000000000000000000000000A1
:106000000000000000000000000000000000000090
:106010000000000000000000000000000000000080
:106020000000000000000000000000000000000070
:106030000000000000000000000000000000000060
:106040000000000000000000000000000000000050
:106050000000000000000000000000000000000040
:106060000000000000000000000000000000000030
:106070000000000000000000000000000000000020
:106080000000000000000000000000000000000010
:106090000000000000000000000000000000000000
:1060A00000000000000000000000000000000000F0
:1060B00000000000000000000000000000000000E0
:1060C00000000000000000000000000000000000D0
:1060D00000000000000000000000000000000000C0
:1060E00000000000000000000000000000000000B0
:1060F00000000000000000000000000000000000A0
:10610000000000000000000000000000000000008F
:10611000000000000000000000000000000000007F
:10612000000000000000000000000000000000006F
:10613000000000000000000000000000000000005F
:10614000000000000000000000000000000000004F
:10615000000000000000000000000000000000003F
:10616000000000000000000000000000000000002F
:10617000000000000000000000000000000000001F
:10618000000000000000000000000000000000000F
:1061900000000000000000000000000000000000FF
:1061A00000000000000000000000000000000000EF
:1061B00000000000000000000000000000000000DF
:1061C00000000000000000000000000000000000CF
:1061D00000000000000000000000000000000000BF
:1061E00000000000000000000000000000000000AF
:1061F000000000000000000000000000000000009F
:10620000000000000000000000000000000000008E
:10621000000000000000000000000000000000007E
:10622000000000000000000000000000000000006E
:10623000000000000000000000000000000000005E
:10624000000000000000000000000000000000004E
:10625000000000000000000000000000000000003E
:10626000000000000000000000000000000000002E
:10627000000000000000000000000000000000001E
:10628000000000000000000000000000000000000E
:1062900000000000000000000000000000000000FE
:1062A00000000000000000000000000000000000EE
:1062B00000000000000000000000000000000000DE
:1062C00000000000000000000000000000000000CE
:1062D00000000000000000000000000000000000BE
:1062E00000000000000000000000000000000000AE
:1062F000000000000000000000000000000000009E
:10630000000000000000000000000000000000008D
:10631000000000000000000000000000000000007D
:10632000000000000000000000000000000000006D
:10633000000000000000000000000000000000005D
:10634000000000000000000000000000000000004D
:10635000000000000000000000000000000000003D
:10636000000000000000000000000000000000002D
:10637000000000000000000000000000000000001D
:10638000000000000000000000000000000000000D
:1063900000000000000000000000000000000000FD
:1063A00000000000000000000000000000000000ED
:1063B00000000000000000000000000000000000DD
:1063C00000000000000000000000000000000000CD
:1063D00000000000000000000000000000000000BD
:1063E00000000000000000000000000000000000AD
:1063F000000000000000000000000000000000009D
:10640000000000000000000000000000000000008C
:10641000000000000000000000000000000000007C
:10642000000000000000000000000000000000006C
:10643000000000000000000000000000000000005C
:10644000000000000000000000000000000000004C
:10645000000000000000000000000000000000003C
:10646000000000000000000000000000000000002C
:10647000000000000000000000000000000000001C
:10648000000000000000000000000000000000000C
:1064900000000000000000000000000000000000FC
:1064A00000000000000000000000000000000000EC
:1064B00000000000000000000000000000000000DC
:1064C00000000000000000000000000000000000CC
:1064D00000000000000000000000000000000000BC
:1064E00000000000000000000000000000000000AC
:1064F000000000000000000000000000000000009C
:10650000000000000000000000000000000000008B
:10651000000000000000000000000000000000007B
:10652000000000000000000000000000000000006B
:10653000000000000000000000000000000000005B
:10654000000000000000000000000000000000004B
:10655000000000000000000000000000000000003B
:10656000000000000000000000000000000000002B
:10657000000000000000000000000000000000001B
:10658000000000000000000000000000000000000B
:1065900000000000000000000000000000000000FB
:1065A00000000000000000000000000000000000EB
:1065B00000000000000000000000000000000000DB
:1065C00000000000000000000000000000000000CB
:1065D00000000000000000000000000000000000BB
:1065E00000000000000000000000000000000000AB
:1065F000000000000000000000000000000000009B
:10660000000000000000000000000000000000008A
:10661000000000000000000000000000000000007A
:10662000000000000000000000000000000000006A
:10663000000000000000000000000000000000005A
:10664000000000000000000000000000000000004A
:10665000000000000000000000000000000000003A
:10666000000000000000000000000000000000002A
:10667000000000000000000000000000000000001A
:10668000000000000000000000000000000000000A
:1066900000000000000000000000000000000000FA
:1066A00000000000000000000000000000000000EA
:1066B00000000000000000000000000000000000DA
:1066C00000000000000000000000000000000000CA
:1066D00000000000000000000000000000000000BA
:1066E00000000000000000000000000000000000AA
:1066F000000000000000000000000000000000009A
:106700000000000000000000000000000000000089
:106710000000000000000000000000000000000079
:106720000000000000000000000000000000000069
:106730000000000000000000000000000000000059
:106740000000000000000000000000000000000049
:106750000000000000000000000000000000000039
:106760000000000000000000000000000000000029
:106770000000000000000000000000000000000019
:106780000000000000000000000000000000000009
:1067900000000000000000000000000000000000F9
:1067A00000000000000000000000000000000000E9
:1067B00000000000000000000000000000000000D9
:1067C00000000000000000000000000000000000C9
:1067D00000000000000000000000000000000000B9
:1067E00000000000000000000000000000000000A9
:1067F0000000000000000000000000000000000099
:106800000000000000000000000000000000000088
:106810000000000000000000000000000000000078
:106820000000000000000000000000000000000068
:106830000000000000000000000000000000000058
:106840000000000000000000000000000000000048
:106850000000000000000000000000000000000038
:106860000000000000000000000000000000000028
:106870000000000000000000000000000000000018
:106880000000000000000000000000000000000008
:1068900000000000000000000000000000000000F8
:1068A00000000000000000000000000000000000E8
:1068B00000000000000000000000000000000000D8
:1068C00000000000000000000000000000000000C8
:1068D00000000000000000000000000000000000B8
:1068E00000000000000000000000000000000000A8
:1068F0000000000000000000000000000000000098
:106900000000000000000000000000000000000087
:106910000000000000000000000000000000000077
:106920000000000000000000000000000000000067
:106930000000000000000000000000000000000057
:106940000000000000000000000000000000000047
:106950000000000000000000000000000000000037
:106960000000000000000000000000000000000027
:106970000000000000000000000000000000000017
:106980000000000000000000000000000000000007
:1069900000000000000000000000000000000000F7
:1069A00000000000000000000000000000000000E7
:1069B00000000000000000000000000000000000D7
:1069C00000000000000000000000000000000000C7
:1069D00000000000000000000000000000000000B7
:1069E00000000000000000000000000000000000A7
:1069F0000000000000000000000000000000000097
:106A00000000000000000000000000000000000086
:106A10000000000000000000000000000000000076
:106A20000000000000000000000000000000000066
:106A30000000000000000000000000000000000056
:106A40000000000000000000000000000000000046
:106A50000000000000000000000000000000000036
:106A60000000000000000000000000000000000026
:106A70000000000000000000000000000000000016
:106A80000000000000000000000000000000000006
:106A900000000000000000000000000000000000F6
:106AA00000000000000000000000000000000000E6
:106AB00000000000000000000000000000000000D6
:106AC00000000000000000000000000000000000C6
:106AD00000000000000000000000000000000000B6
:106AE00000000000000000000000000000000000A6
:106AF0000000000000000000000000000000000096
:106B00000000000000000000000000000000000085
:106B10000000000000000000000000000000000075
:106B20000000000000000000000000000000000065
:106B30000000000000000000000000000000000055
:106B40000000000000000000000000000000000045
:106B50000000000000000000000000000000000035
:106B60000000000000000000000000000000000025
:106B70000000000000000000000000000000000015
:106B80000000000000000000000000000000000005
:106B900000000000000000000000000000000000F5
:106BA00000000000000000000000000000000000E5
:106BB00000000000000000000000000000000000D5
:106BC00000000000000000000000000000000000C5
:106BD00000000000000000000000000000000000B5
:106BE00000000000000000000000000000000000A5
:106BF0000000000000000000000000000000000095
:106C00000000000000000000000000000000000084
:106C10000000000000000000000000000000000074
:106C20000000000000000000000000000000000064
:106C30000000000000000000000000000000000054
:106C40000000000000000000000000000000000044
:106C50000000000000000000000000000000000034
:106C60000000000000000000000000000000000024
:106C70000000000000000000000000000000000014
:106C80000000000000000000000000000000000004
:106C900000000000000000000000000000000000F4
:106CA00000000000000000000000000000000000E4
:106CB00000000000000000000000000000000000D4
:106CC00000000000000000000000000000000000C4
:106CD00000000000000000000000000000000000B4
:106CE00000000000000000000000000000000000A4
:106CF0000000000000000000000000000000000094
:106D00000000000000000000000000000000000083
:106D10000000000000000000000000000000000073
:106D20000000000000000000000000000000000063
:106D30000000000000000000000000000000000053
:106D40000000000000000000000000000000000043
:106D50000000000000000000000000000000000033
:106D60000000000000000000000000000000000023
:106D70000000000000000000000000000000000013
:106D80000000000000000000000000000000000003
:106D900000000000000000000000000000000000F3
:106DA00000000000000000000000000000000000E3
:106DB00000000000000000000000000000000000D3
:106DC00000000000000000000000000000000000C3
:106DD00000000000000000000000000000000000B3
:106DE00000000000000000000000000000000000A3
:106DF0000000000000000000000000000000000093
:106E00000000000000000000000000000000000082
:106E10000000000000000000000000000000000072
:106E20000000000000000000000000000000000062
:106E30000000000000000000000000000000000052
:106E40000000000000000000000000000000000042
:106E50000000000000000000000000000000000032
:106E60000000000000000000000000000000000022
:106E70000000000000000000000000000000000012
:106E80000000000000000000000000000000000002
:106E900000000000000000000000000000000000F2
:106EA00000000000000000000000000000000000E2
:106EB00000000000000000000000000000000000D2
:106EC00000000000000000000000000000000000C2
:106ED00000000000000000000000000000000000B2
:106EE00000000000000000000000000000000000A2
:106EF0000000000000000000000000000000000092
:106F00000000000000000000000000000000000081
:106F10000000000000000000000000000000000071
:106F20000000000000000000000000000000000061
:106F30000000000000000000000000000000000051
:106F40000000000000000000000000000000000041
:106F50000000000000000000000000000000000031
:106F60000000000000000000000000000000000021
:106F70000000000000000000000000000000000011
:106F80000000000000000000000000000000000001
:106F900000000000000000000000000000000000F1
:106FA00000000000000000000000000000000000E1
:106FB00000000000000000000000000000000000D1
:106FC00000000000000000000000000000000000C1
:106FD00000000000000000000000000000000000B1
:106FE00000000000000000000000000000000000A1
:106FF0000000000000000000000000000000000091
:107000000000000000000000000000000000000080
:107010000000000000000000000000000000000070
:107020000000000000000000000000000000000060
:107030000000000000000000000000000000000050
:107040000000000000000000000000000000000040
:107050000000000000000000000000000000000030
:107060000000000000000000000000000000000020
:107070000000000000000000000000000000000010
:107080000000000000000000000000000000000000
:1070900000000000000000000000000000000000F0
:1070A00000000000000000000000000000000000E0
:1070B00000000000000000000000000000000000D0
:1070C00000000000000000000000000000000000C0
:1070D00000000000000000000000000000000000B0
:1070E00000000000000000000000000000000000A0
:1070F0000000000000000000000000000000000090
:10710000000000000000000000000000000000007F
:10711000000000000000000000000000000000006F
:10712000000000000000000000000000000000005F
:10713000000000000000000000000000000000004F
:10714000000000000000000000000000000000003F
:10715000000000000000000000000000000000002F
:10716000000000000000000000000000000000001F
:10717000000000000000000000000000000000000F
:1071800000000000000000000000000000000000FF
:1071900000000000000000000000000000000000EF
:1071A00000000000000000000000000000000000DF
:1071B00000000000000000000000000000000000CF
:1071C00000000000000000000000000000000000BF
:1071D00000000000000000000000000000000000AF
:1071E000000000000000000000000000000000009F
:1071F000000000000000000000000000000000008F
:10720000000000000000000000000000000000007E
:10721000000000000000000000000000000000006E
:10722000000000000000000000000000000000005E
:10723000000000000000000000000000000000004E
:10724000000000000000000000000000000000003E
:10725000000000000000000000000000000000002E
:10726000000000000000000000000000000000001E
:10727000000000000000000000000000000000000E
:1072800000000000000000000000000000000000FE
:1072900000000000000000000000000000000000EE
:1072A00000000000000000000000000000000000DE
:1072B00000000000000000000000000000000000CE
:1072C00000000000000000000000000000000000BE
:1072D00000000000000000000000000000000000AE
:1072E000000000000000000000000000000000009E
:1072F000000000000000000000000000000000008E
:10730000000000000000000000000000000000007D
:10731000000000000000000000000000000000006D
:10732000000000000000000000000000000000005D
:10733000000000000000000000000000000000004D
:10734000000000000000000000000000000000003D
:10735000000000000000000000000000000000002D
:10736000000000000000000000000000000000001D
:10737000000000000000000000000000000000000D
:1073800000000000000000000000000000000000FD
:1073900000000000000000000000000000000000ED
:1073A00000000000000000000000000000000000DD
:1073B00000000000000000000000000000000000CD
:1073C00000000000000000000000000000000000BD
:1073D00000000000000000000000000000000000AD
:1073E000000000000000000000000000000000009D
:1073F000000000000000000000000000000000008D
:10740000000000000000000000000000000000007C
:10741000000000000000000000000000000000006C
:10742000000000000000000000000000000000005C
:10743000000000000000000000000000000000004C
:10744000000000000000000000000000000000003C
:10745000000000000000000000000000000000002C
:10746000000000000000000000000000000000001C
:10747000000000000000000000000000000000000C
:1074800000000000000000000000000000000000FC
:1074900000000000000000000000000000000000EC
:1074A00000000000000000000000000000000000DC
:1074B00000000000000000000000000000000000CC
:1074C00000000000000000000000000000000000BC
:1074D00000000000000000000000000000000000AC
:1074E000000000000000000000000000000000009C
:1074F000000000000000000000000000000000008C
:10750000000000000000000000000000000000007B
:10751000000000000000000000000000000000006B
:10752000000000000000000000000000000000005B
:10753000000000000000000000000000000000004B
:10754000000000000000000000000000000000003B
:10755000000000000000000000000000000000002B
:10756000000000000000000000000000000000001B
:10757000000000000000000000000000000000000B
:1075800000000000000000000000000000000000FB
:1075900000000000000000000000000000000000EB
:1075A00000000000000000000000000000000000DB
:1075B00000000000000000000000000000000000CB
:1075C00000000000000000000000000000000000BB
:1075D00000000000000000000000000000000000AB
:1075E000000000000000000000000000000000009B
:1075F000000000000000000000000000000000008B
:10760000000000000000000000000000000000007A
:10761000000000000000000000000000000000006A
:10762000000000000000000000000000000000005A
:10763000000000000000000000000000000000004A
:10764000000000000000000000000000000000003A
:10765000000000000000000000000000000000002A
:10766000000000000000000000000000000000001A
:10767000000000000000000000000000000000000A
:1076800000000000000000000000000000000000FA
:1076900000000000000000000000000000000000EA
:1076A00000000000000000000000000000000000DA
:1076B00000000000000000000000000000000000CA
:1076C00000000000000000000000000000000000BA
:1076D00000000000000000000000000000000000AA
:1076E000000000000000000000000000000000009A
:1076F000000000000000000000000000000000008A
:107700000000000000000000000000000000000079
:107710000000000000000000000000000000000069
:107720000000000000000000000000000000000059
:107730000000000000000000000000000000000049
:107740000000000000000000000000000000000039
:107750000000000000000000000000000000000029
:107760000000000000000000000000000000000019
:107770000000000000000000000000000000000009
:1077800000000000000000000000000000000000F9
:1077900000000000000000000000000000000000E9
:1077A00000000000000000000000000000000000D9
:1077B00000000000000000000000000000000000C9
:1077C00000000000000000000000000000000000B9
:1077D00000000000000000000000000000000000A9
:1077E0000000000000000000000000000000000099
:1077F0000000000000000000000000000000000089
:107800000000000000000000000000000000000078
:107810000000000000000000000000000000000068
:107820000000000000000000000000000000000058
:107830000000000000000000000000000000000048
:107840000000000000000000000000000000000038
:107850000000000000000000000000000000000028
:107860000000000000000000000000000000000018
:107870000000000000000000000000000000000008
:1078800000000000000000000000000000000000F8
:1078900000000000000000000000000000000000E8
:1078A00000000000000000000000000000000000D8
:1078B00000000000000000000000000000000000C8
:1078C00000000000000000000000000000000000B8
:1078D00000000000000000000000000000000000A8
:1078E0000000000000000000000000000000000098
:1078F0000000000000000000000000000000000088
:107900000000000000000000000000000000000077
:107910000000000000000000000000000000000067
:107920000000000000000000000000000000000057
:107930000000000000000000000000000000000047
:107940000000000000000000000000000000000037
:107950000000000000000000000000000000000027
:107960000000000000000000000000000000000017
:107970000000000000000000000000000000000007
:1079800000000000000000000000000000000000F7
:1079900000000000000000000000000000000000E7
:1079A00000000000000000000000000000000000D7
:1079B00000000000000000000000000000000000C7
:1079C00000000000000000000000000000000000B7
:1079D00000000000000000000000000000000000A7
:1079E0000000000000000000000000000000000097
:1079F0000000000000000000000000000000000087
:107A00000000000000000000000000000000000076
:107A10000000000000000000000000000000000066
:107A20000000000000000000000000000000000056
:107A30000000000000000000000000000000000046
:107A40000000000000000000000000000000000036
:107A50000000000000000000000000000000000026
:107A60000000000000000000000000000000000016
:107A70000000000000000000000000000000000006
:107A800000000000000000000000000000000000F6
:107A900000000000000000000000000000000000E6
:107AA00000000000000000000000000000000000D6
:107AB00000000000000000000000000000000000C6
:107AC00000000000000000000000000000000000B6
:107AD00000000000000000000000000000000000A6
:107AE0000000000000000000000000000000000096
:107AF0000000000000000000000000000000000086
:107B00000000000000000000000000000000000075
:107B10000000000000000000000000000000000065
:107B20000000000000000000000000000000000055
:107B30000000000000000000000000000000000045
:107B40000000000000000000000000000000000035
:107B50000000000000000000000000000000000025
:107B60000000000000000000000000000000000015
:107B70000000000000000000000000000000000005
:107B800000000000000000000000000000000000F5
:107B900000000000000000000000000000000000E5
:107BA00000000000000000000000000000000000D5
:107BB00000000000000000000000000000000000C5
:107BC00000000000000000000000000000000000B5
:107BD00000000000000000000000000000000000A5
:107BE0000000000000000000000000000000000095
:107BF0000000000000000000000000000000000085
:107C00000000000000000000000000000000000074
:107C10000000000000000000000000000000000064
:107C20000000000000000000000000000000000054
:107C30000000000000000000000000000000000044
:107C40000000000000000000000000000000000034
:107C50000000000000000000000000000000000024
:107C60000000000000000000000000000000000014
:107C70000000000000000000000000000000000004
:107C800000000000000000000000000000000000F4
:107C900000000000000000000000000000000000E4
:107CA00000000000000000000000000000000000D4
:107CB00000000000000000000000000000000000C4
:107CC00000000000000000000000000000000000B4
:107CD00000000000000000000000000000000000A4
:107CE0000000000000000000000000000000000094
:107CF0000000000000000000000000000000000084
:107D00000000000000000000000000000000000073
:107D10000000000000000000000000000000000063
:107D20000000000000000000000000000000000053
:107D30000000000000000000000000000000000043
:107D40000000000000000000000000000000000033
:107D50000000000000000000000000000000000023
:107D60000000000000000000000000000000000013
:107D70000000000000000000000000000000000003
:107D800000000000000000000000000000000000F3
:107D900000000000000000000000000000000000E3
:107DA00000000000000000000000000000000000D3
:107DB00000000000000000000000000000000000C3
:107DC00000000000000000000000000000000000B3
:107DD00000000000000000000000000000000000A3
:107DE0000000000000000000000000000000000093
:107DF0000000000000000000000000000000000083
:107E00000000000000000000000000000000000072
:107E10000000000000000000000000000000000062
:107E20000000000000000000000000000000000052
:107E30000000000000000000000000000000000042
:107E40000000000000000000000000000000000032
:107E50000000000000000000000000000000000022
:107E60000000000000000000000000000000000012
:107E70000000000000000000000000000000000002
:107E800000000000000000000000000000000000F2
:107E900000000000000000000000000000000000E2
:107EA00000000000000000000000000000000000D2
:107EB00000000000000000000000000000000000C2
:107EC00000000000000000000000000000000000B2
:107ED00000000000000000000000000000000000A2
:107EE0000000000000000000000000000000000092
:107EF0000000000000000000000000000000000082
:107F00000000000000000000000000000000000071
:107F10000000000000000000000000000000000061
:107F20000000000000000000000000000000000051
:107F30000000000000000000000000000000000041
:107F40000000000000000000000000000000000031
:107F50000000000000000000000000000000000021
:107F60000000000000000000000000000000000011
:107F70000000000000000000000000000000000001
:107F800000000000000000000000000000000000F1
:107F900000000000000000000000000000000000E1
:107FA00000000000000000000000000000000000D1
:107FB00000000000000000000000000000000000C1
:107FC00000000000000000000000000000000000B1
:107FD00000000000000000000000000000000000A1
:107FE0000000000000000000000000000000000091
:107FF0000000000000000000000000000000000081
:108000000000000000000000000000000000000070
:108010000000000000000000000000000000000060
:108020000000000000000000000000000000000050
:108030000000000000000000000000000000000040
:108040000000000000000000000000000000000030
:108050000000000000000000000000000000000020
:108060000000000000000000000000000000000010
:108070000000000000000000000000000000000000
:1080800000000000000000000000000000000000F0
:1080900000000000000000000000000000000000E0
:1080A00000000000000000000000000000000000D0
:1080B00000000000000000000000000000000000C0
:1080C00000000000000000000000000000000000B0
:1080D00000000000000000000000000000000000A0
:1080E0000000000000000000000000000000000090
:1080F0000000000000000000000000000000000080
:10810000000000000000000000000000000000006F
:10811000000000000000000000000000000000005F
:10812000000000000000000000000000000000004F
:10813000000000000000000000000000000000003F
:10814000000000000000000000000000000000002F
:10815000000000000000000000000000000000001F
:10816000000000000000000000000000000000000F
:1081700000000000000000000000000000000000FF
:1081800000000000000000000000000000000000EF
:1081900000000000000000000000000000000000DF
:1081A00000000000000000000000000000000000CF
:1081B00000000000000000000000000000000000BF
:1081C00000000000000000000000000000000000AF
:1081D000000000000000000000000000000000009F
:1081E000000000000000000000000000000000008F
:1081F000000000000000000000000000000000007F
:10820000000000000000000000000000000000006E
:10821000000000000000000000000000000000005E
:10822000000000000000000000000000000000004E
:10823000000000000000000000000000000000003E
:10824000000000000000000000000000000000002E
:10825000000000000000000000000000000000001E
:10826000000000000000000000000000000000000E
:1082700000000000000000000000000000000000FE
:1082800000000000000000000000000000000000EE
:1082900000000000000000000000000000000000DE
:1082A00000000000000000000000000000000000CE
:1082B00000000000000000000000000000000000BE
:1082C00000000000000000000000000000000000AE
:1082D000000000000000000000000000000000009E
:1082E000000000000000000000000000000000008E
:1082F000000000000000000000000000000000007E
:10830000000000000000000000000000000000006D
:10831000000000000000000000000000000000005D
:10832000000000000000000000000000000000004D
:10833000000000000000000000000000000000003D
:10834000000000000000000000000000000000002D
:10835000000000000000000000000000000000001D
:10836000000000000000000000000000000000000D
:1083700000000000000000000000000000000000FD
:1083800000000000000000000000000000000000ED
:1083900000000000000000000000000000000000DD
:1083A00000000000000000000000000000000000CD
:1083B00000000000000000000000000000000000BD
:1083C00000000000000000000000000000000000AD
:1083D000000000000000000000000000000000009D
:1083E000000000000000000000000000000000008D
:1083F000000000000000000000000000000000007D
:10840000000000000000000000000000000000006C
:10841000000000000000000000000000000000005C
:10842000000000000000000000000000000000004C
:10843000000000000000000000000000000000003C
:10844000000000000000000000000000000000002C
:10845000000000000000000000000000000000001C
:10846000000000000000000000000000000000000C
:1084700000000000000000000000000000000000FC
:1084800000000000000000000000000000000000EC
:1084900000000000000000000000000000000000DC
:1084A00000000000000000000000000000000000CC
:1084B00000000000000000000000000000000000BC
:1084C00000000000000000000000000000000000AC
:1084D000000000000000000000000000000000009C
:1084E000000000000000000000000000000000008C
:1084F000000000000000000000000000000000007C
:10850000000000000000000000000000000000006B
:10851000000000000000000000000000000000005B
:10852000000000000000000000000000000000004B
:10853000000000000000000000000000000000003B
:10854000000000000000000000000000000000002B
:10855000000000000000000000000000000000001B
:10856000000000000000000000000000000000000B
:1085700000000000000000000000000000000000FB
:1085800000000000000000000000000000000000EB
:1085900000000000000000000000000000000000DB
:1085A00000000000000000000000000000000000CB
:1085B00000000000000000000000000000000000BB
:1085C00000000000000000000000000000000000AB
:1085D000000000000000000000000000000000009B
:1085E000000000000000000000000000000000008B
:1085F000000000000000000000000000000000007B
:10860000000000000000000000000000000000006A
:10861000000000000000000000000000000000005A
:10862000000000000000000000000000000000004A
:10863000000000000000000000000000000000003A
:10864000000000000000000000000000000000002A
:10865000000000000000000000000000000000001A
:10866000000000000000000000000000000000000A
:1086700000000000000000000000000000000000FA
:1086800000000000000000000000000000000000EA
:1086900000000000000000000000000000000000DA
:1086A00000000000000000000000000000000000CA
:1086B00000000000000000000000000000000000BA
:1086C00000000000000000000000000000000000AA
:1086D000000000000000000000000000000000009A
:1086E000000000000000000000000000000000008A
:1086F000000000000000000000000000000000007A
:108700000000000000000000000000000000000069
:108710000000000000000000000000000000000059
:108720000000000000000000000000000000000049
:108730000000000000000000000000000000000039
:108740000000000000000000000000000000000029
:108750000000000000000000000000000000000019
:108760000000000000000000000000000000000009
:1087700000000000000000000000000000000000F9
:1087800000000000000000000000000000000000E9
:1087900000000000000000000000000000000000D9
:1087A00000000000000000000000000000000000C9
:1087B00000000000000000000000000000000000B9
:1087C00000000000000000000000000000000000A9
:1087D0000000000000000000000000000000000099
:1087E0000000000000000000000000000000000089
:1087F0000000000000000000000000000000000079
:108800000000000000000000000000000000000068
:108810000000000000000000000000000000000058
:108820000000000000000000000000000000000048
:108830000000000000000000000000000000000038
:108840000000000000000000000000000000000028
:108850000000000000000000000000000000000018
:108860000000000000000000000000000000000008
:1088700000000000000000000000000000000000F8
:1088800000000000000000000000000000000000E8
:1088900000000000000000000000000000000000D8
:1088A00000000000000000000000000000000000C8
:1088B00000000000000000000000000000000000B8
:1088C00000000000000000000000000000000000A8
:1088D0000000000000000000000000000000000098
:1088E0000000000000000000000000000000000088
:1088F0000000000000000000000000000000000078
:108900000000000000000000000000000000000067
:108910000000000000000000000000000000000057
:108920000000000000000000000000000000000047
:108930000000000000000000000000000000000037
:108940000000000000000000000000000000000027
:108950000000000000000000000000000000000017
:108960000000000000000000000000000000000007
:1089700000000000000000000000000000000000F7
:1089800000000000000000000000000000000000E7
:1089900000000000000000000000000000000000D7
:1089A00000000000000000000000000000000000C7
:1089B00000000000000000000000000000000000B7
:1089C00000000000000000000000000000000000A7
:1089D0000000000000000000000000000000000097
:1089E0000000000000000000000000000000000087
:1089F0000000000000000000000000000000000077
:108A00000000000000000000000000000000000066
:108A10000000000000000000000000000000000056
:108A20000000000000000000000000000000000046
:108A30000000000000000000000000000000000036
:108A40000000000000000000000000000000000026
:108A50000000000000000000000000000000000016
:108A60000000000000000000000000000000000006
:108A700000000000000000000000000000000000F6
:108A800000000000000000000000000000000000E6
:108A900000000000000000000000000000000000D6
:108AA00000000000000000000000000000000000C6
:108AB00000000000000000000000000000000000B6
:108AC00000000000000000000000000000000000A6
:108AD0000000000000000000000000000000000096
:108AE0000000000000000000000000000000000086
:108AF0000000000000000000000000000000000076
:108B00000000000000000000000000000000000065
:108B10000000000000000000000000000000000055
:108B20000000000000000000000000000000000045
:108B30000000000000000000000000000000000035
:108B40000000000000000000000000000000000025
:108B50000000000000000000000000000000000015
:108B60000000000000000000000000000000000005
:108B700000000000000000000000000000000000F5
:108B800000000000000000000000000000000000E5
:108B900000000000000000000000000000000000D5
:108BA00000000000000000000000000000000000C5
:108BB00000000000000000000000000000000000B5
:108BC00000000000000000000000000000000000A5
:108BD0000000000000000000000000000000000095
:108BE0000000000000000000000000000000000085
:108BF0000000000000000000000000000000000075
:108C00000000000000000000000000000000000064
:108C10000000000000000000000000000000000054
:108C20000000000000000000000000000000000044
:108C30000000000000000000000000000000000034
:108C40000000000000000000000000000000000024
:108C50000000000000000000000000000000000014
:108C60000000000000000000000000000000000004
:108C700000000000000000000000000000000000F4
:108C800000000000000000000000000000000000E4
:108C900000000000000000000000000000000000D4
:108CA00000000000000000000000000000000000C4
:108CB00000000000000000000000000000000000B4
:108CC00000000000000000000000000000000000A4
:108CD0000000000000000000000000000000000094
:108CE0000000000000000000000000000000000084
:108CF0000000000000000000000000000000000074
:108D00000000000000000000000000000000000063
:108D10000000000000000000000000000000000053
:108D20000000000000000000000000000000000043
:108D30000000000000000000000000000000000033
:108D40000000000000000000000000000000000023
:108D50000000000000000000000000000000000013
:108D60000000000000000000000000000000000003
:108D700000000000000000000000000000000000F3
:108D800000000000000000000000000000000000E3
:108D900000000000000000000000000000000000D3
:108DA00000000000000000000000000000000000C3
:108DB00000000000000000000000000000000000B3
:108DC00000000000000000000000000000000000A3
:108DD0000000000000000000000000000000000093
:108DE0000000000000000000000000000000000083
:108DF0000000000000000000000000000000000073
:108E00000000000000000000000000000000000062
:108E10000000000000000000000000000000000052
:108E20000000000000000000000000000000000042
:108E30000000000000000000000000000000000032
:108E40000000000000000000000000000000000022
:108E50000000000000000000000000000000000012
:108E60000000000000000000000000000000000002
:108E700000000000000000000000000000000000F2
:108E800000000000000000000000000000000000E2
:108E900000000000000000000000000000000000D2
:108EA00000000000000000000000000000000000C2
:108EB00000000000000000000000000000000000B2
:108EC00000000000000000000000000000000000A2
:108ED0000000000000000000000000000000000092
:108EE0000000000000000000000000000000000082
:108EF0000000000000000000000000000000000072
:108F00000000000000000000000000000000000061
:108F10000000000000000000000000000000000051
:108F20000000000000000000000000000000000041
:108F30000000000000000000000000000000000031
:108F40000000000000000000000000000000000021
:108F50000000000000000000000000000000000011
:108F60000000000000000000000000000000000001
:108F700000000000000000000000000000000000F1
:108F800000000000000000000000000000000000E1
:108F900000000000000000000000000000000000D1
:108FA00000000000000000000000000000000000C1
:108FB00000000000000000000000000000000000B1
:108FC00000000000000000000000000000000000A1
:108FD0000000000000000000000000000000000091
:108FE0000000000000000000000000000000000081
:108FF0000000000000000000000000000000000071
:109000000000000000000000000000000000000060
:109010000000000000000000000000000000000050
:109020000000000000000000000000000000000040
:109030000000000000000000000000000000000030
:109040000000000000000000000000000000000020
:109050000000000000000000000000000000000010
:109060000000000000000000000000000000000000
:1090700000000000000000000000000000000000F0
:1090800000000000000000000000000000000000E0
:1090900000000000000000000000000000000000D0
:1090A00000000000000000000000000000000000C0
:1090B00000000000000000000000000000000000B0
:1090C00000000000000000000000000000000000A0
:1090D0000000000000000000000000000000000090
:1090E0000000000000000000000000000000000080
:1090F0000000000000000000000000000000000070
:10910000000000000000000000000000000000005F
:10911000000000000000000000000000000000004F
:10912000000000000000000000000000000000003F
:10913000000000000000000000000000000000002F
:10914000000000000000000000000000000000001F
:10915000000000000000000000000000000000000F
:1091600000000000000000000000000000000000FF
:1091700000000000000000000000000000000000EF
:1091800000000000000000000000000000000000DF
:1091900000000000000000000000000000000000CF
:1091A00000000000000000000000000000000000BF
:1091B00000000000000000000000000000000000AF
:1091C000000000000000000000000000000000009F
:1091D000000000000000000000000000000000008F
:1091E000000000000000000000000000000000007F
:1091F000000000000000000000000000000000006F
:10920000000000000000000000000000000000005E
:10921000000000000000000000000000000000004E
:10922000000000000000000000000000000000003E
:10923000000000000000000000000000000000002E
:10924000000000000000000000000000000000001E
:10925000000000000000000000000000000000000E
:1092600000000000000000000000000000000000FE
:1092700000000000000000000000000000000000EE
:1092800000000000000000000000000000000000DE
:1092900000000000000000000000000000000000CE
:1092A00000000000000000000000000000000000BE
:1092B00000000000000000000000000000000000AE
:1092C000000000000000000000000000000000009E
:1092D000000000000000000000000000000000008E
:1092E000000000000000000000000000000000007E
:1092F000000000000000000000000000000000006E
:10930000000000000000000000000000000000005D
:10931000000000000000000000000000000000004D
:10932000000000000000000000000000000000003D
:10933000000000000000000000000000000000002D
:10934000000000000000000000000000000000001D
:10935000000000000000000000000000000000000D
:1093600000000000000000000000000000000000FD
:1093700000000000000000000000000000000000ED
:1093800000000000000000000000000000000000DD
:1093900000000000000000000000000000000000CD
:1093A00000000000000000000000000000000000BD
:1093B00000000000000000000000000000000000AD
:1093C000000000000000000000000000000000009D
:1093D000000000000000000000000000000000008D
:1093E000000000000000000000000000000000007D
:1093F000000000000000000000000000000000006D
:10940000000000000000000000000000000000005C
:10941000000000000000000000000000000000004C
:10942000000000000000000000000000000000003C
:10943000000000000000000000000000000000002C
:10944000000000000000000000000000000000001C
:10945000000000000000000000000000000000000C
:1094600000000000000000000000000000000000FC
:1094700000000000000000000000000000000000EC
:1094800000000000000000000000000000000000DC
:1094900000000000000000000000000000000000CC
:1094A00000000000000000000000000000000000BC
:1094B00000000000000000000000000000000000AC
:1094C000000000000000000000000000000000009C
:1094D000000000000000000000000000000000008C
:1094E000000000000000000000000000000000007C
:1094F000000000000000000000000000000000006C
:10950000000000000000000000000000000000005B
:10951000000000000000000000000000000000004B
:10952000000000000000000000000000000000003B
:10953000000000000000000000000000000000002B
:10954000000000000000000000000000000000001B
:10955000000000000000000000000000000000000B
:1095600000000000000000000000000000000000FB
:1095700000000000000000000000000000000000EB
:1095800000000000000000000000000000000000DB
:1095900000000000000000000000000000000000CB
:1095A00000000000000000000000000000000000BB
:1095B00000000000000000000000000000000000AB
:1095C000000000000000000000000000000000009B
:1095D000000000000000000000000000000000008B
:1095E000000000000000000000000000000000007B
:1095F000000000000000000000000000000000006B
:10960000000000000000000000000000000000005A
:10961000000000000000000000000000000000004A
:10962000000000000000000000000000000000003A
:10963000000000000000000000000000000000002A
:10964000000000000000000000000000000000001A
:10965000000000000000000000000000000000000A
:1096600000000000000000000000000000000000FA
:1096700000000000000000000000000000000000EA
:1096800000000000000000000000000000000000DA
:1096900000000000000000000000000000000000CA
:1096A00000000000000000000000000000000000BA
:1096B00000000000000000000000000000000000AA
:1096C000000000000000000000000000000000009A
:1096D000000000000000000000000000000000008A
:1096E000000000000000000000000000000000007A
:1096F000000000000000000000000000000000006A
:109700000000000000000000000000000000000059
:109710000000000000000000000000000000000049
:109720000000000000000000000000000000000039
:109730000000000000000000000000000000000029
:109740000000000000000000000000000000000019
:109750000000000000000000000000000000000009
:1097600000000000000000000000000000000000F9
:1097700000000000000000000000000000000000E9
:1097800000000000000000000000000000000000D9
:1097900000000000000000000000000000000000C9
:1097A00000000000000000000000000000000000B9
:1097B00000000000000000000000000000000000A9
:1097C0000000000000000000000000000000000099
:1097D0000000000000000000000000000000000089
:1097E0000000000000000000000000000000000079
:1097F0000000000000000000000000000000000069
:109800000000000000000000000000000000000058
:109810000000000000000000000000000000000048
:109820000000000000000000000000000000000038
:109830000000000000000000000000000000000028
:109840000000000000000000000000000000000018
:109850000000000000000000000000000000000008
:1098600000000000000000000000000000000000F8
:1098700000000000000000000000000000000000E8
:1098800000000000000000000000000000000000D8
:1098900000000000000000000000000000000000C8
:1098A00000000000000000000000000000000000B8
:1098B00000000000000000000000000000000000A8
:1098C0000000000000000000000000000000000098
:1098D0000000000000000000000000000000000088
:1098E0000000000000000000000000000000000078
:1098F0000000000000000000000000000000000068
:109900000000000000000000000000000000000057
:109910000000000000000000000000000000000047
:109920000000000000000000000000000000000037
:109930000000000000000000000000000000000027
:109940000000000000000000000000000000000017
:109950000000000000000000000000000000000007
:1099600000000000000000000000000000000000F7
:1099700000000000000000000000000000000000E7
:1099800000000000000000000000000000000000D7
:1099900000000000000000000000000000000000C7
:1099A00000000000000000000000000000000000B7
:1099B00000000000000000000000000000000000A7
:1099C0000000000000000000000000000000000097
:1099D0000000000000000000000000000000000087
:1099E0000000000000000000000000000000000077
:1099F0000000000000000000000000000000000067
:109A00000000000000000000000000000000000056
:109A10000000000000000000000000000000000046
:109A20000000000000000000000000000000000036
:109A30000000000000000000000000000000000026
:109A40000000000000000000000000000000000016
:109A50000000000000000000000000000000000006
:109A600000000000000000000000000000000000F6
:109A700000000000000000000000000000000000E6
:109A800000000000000000000000000000000000D6
:109A900000000000000000000000000000000000C6
:109AA00000000000000000000000000000000000B6
:109AB00000000000000000000000000000000000A6
:109AC0000000000000000000000000000000000096
:109AD0000000000000000000000000000000000086
:109AE0000000000000000000000000000000000076
:109AF0000000000000000000000000000000000066
:109B00000000000000000000000000000000000055
:109B10000000000000000000000000000000000045
:109B20000000000000000000000000000000000035
:109B30000000000000000000000000000000000025
:109B40000000000000000000000000000000000015
:109B50000000000000000000000000000000000005
:109B600000000000000000000000000000000000F5
:109B700000000000000000000000000000000000E5
:109B800000000000000000000000000000000000D5
:109B900000000000000000000000000000000000C5
:109BA00000000000000000000000000000000000B5
:109BB00000000000000000000000000000000000A5
:109BC0000000000000000000000000000000000095
:109BD0000000000000000000000000000000000085
:109BE0000000000000000000000000000000000075
:109BF0000000000000000000000000000000000065
:109C00000000000000000000000000000000000054
:109C10000000000000000000000000000000000044
:109C20000000000000000000000000000000000034
:109C30000000000000000000000000000000000024
:109C40000000000000000000000000000000000014
:109C50000000000000000000000000000000000004
:109C600000000000000000000000000000000000F4
:109C700000000000000000000000000000000000E4
:109C800000000000000000000000000000000000D4
:109C900000000000000000000000000000000000C4
:109CA00000000000000000000000000000000000B4
:109CB00000000000000000000000000000000000A4
:109CC0000000000000000000000000000000000094
:109CD0000000000000000000000000000000000084
:109CE0000000000000000000000000000000000074
:109CF0000000000000000000000000000000000064
:109D00000000000000000000000000000000000053
:109D10000000000000000000000000000000000043
:109D20000000000000000000000000000000000033
:109D30000000000000000000000000000000000023
:109D40000000000000000000000000000000000013
:109D50000000000000000000000000000000000003
:109D600000000000000000000000000000000000F3
:109D700000000000000000000000000000000000E3
:109D800000000000000000000000000000000000D3
:109D900000000000000000000000000000000000C3
:109DA00000000000000000000000000000000000B3
:109DB00000000000000000000000000000000000A3
:109DC0000000000000000000000000000000000093
:109DD0000000000000000000000000000000000083
:109DE0000000000000000000000000000000000073
:109DF0000000000000000000000000000000000063
:109E00000000000000000000000000000000000052
:109E10000000000000000000000000000000000042
:109E20000000000000000000000000000000000032
:109E30000000000000000000000000000000000022
:109E40000000000000000000000000000000000012
:109E50000000000000000000000000000000000002
:109E600000000000000000000000000000000000F2
:109E700000000000000000000000000000000000E2
:109E800000000000000000000000000000000000D2
:109E900000000000000000000000000000000000C2
:109EA00000000000000000000000000000000000B2
:109EB00000000000000000000000000000000000A2
:109EC0000000000000000000000000000000000092
:109ED0000000000000000000000000000000000082
:109EE0000000000000000000000000000000000072
:109EF0000000000000000000000000000000000062
:109F00000000000000000000000000000000000051
:109F10000000000000000000000000000000000041
:109F20000000000000000000000000000000000031
:109F30000000000000000000000000000000000021
:109F40000000000000000000000000000000000011
:109F50000000000000000000000000000000000001
:109F600000000000000000000000000000000000F1
:109F700000000000000000000000000000000000E1
:109F800000000000000000000000000000000000D1
:109F900000000000000000000000000000000000C1
:109FA00000000000000000000000000000000000B1
:109FB00000000000000000000000000000000000A1
:109FC0000000000000000000000000000000000091
:109FD0000000000000000000000000000000000081
:109FE0000000000000000000000000000000000071
:109FF0000000000000000000000000000000000061
:10A000000000000000000000000000000000000050
:10A010000000000000000000000000000000000040
:10A020000000000000000000000000000000000030
:10A030000000000000000000000000000000000020
:10A040000000000000000000000000000000000010
:10A050000000000000000000000000000000000000
:10A0600000000000000000000000000000000000F0
:10A0700000000000000000000000000000000000E0
:10A0800000000000000000000000000000000000D0
:10A0900000000000000000000000000000000000C0
:10A0A00000000000000000000000000000000000B0
:10A0B00000000000000000000000000000000000A0
:10A0C0000000000000000000000000000000000090
:10A0D0000000000000000000000000000000000080
:10A0E0000000000000000000000000000000000070
:10A0F0000000000000000000000000000000000060
:10A10000000000000000000000000000000000004F
:10A11000000000000000000000000000000000003F
:10A12000000000000000000000000000000000002F
:10A13000000000000000000000000000000000001F
:10A14000000000000000000000000000000000000F
:10A1500000000000000000000000000000000000FF
:10A1600000000000000000000000000000000000EF
:10A1700000000000000000000000000000000000DF
:10A1800000000000000000000000000000000000CF
:10A1900000000000000000000000000000000000BF
:10A1A00000000000000000000000000000000000AF
:10A1B000000000000000000000000000000000009F
:10A1C000000000000000000000000000000000008F
:10A1D000000000000000000000000000000000007F
:10A1E000000000000000000000000000000000006F
:10A1F000000000000000000000000000000000005F
:10A20000000000000000000000000000000000004E
:10A21000000000000000000000000000000000003E
:10A22000000000000000000000000000000000002E
:10A23000000000000000000000000000000000001E
:10A24000000000000000000000000000000000000E
:10A2500000000000000000000000000000000000FE
:10A2600000000000000000000000000000000000EE
:10A2700000000000000000000000000000000000DE
:10A2800000000000000000000000000000000000CE
:10A2900000000000000000000000000000000000BE
:10A2A00000000000000000000000000000000000AE
:10A2B000000000000000000000000000000000009E
:10A2C000000000000000000000000000000000008E
:10A2D000000000000000000000000000000000007E
:10A2E000000000000000000000000000000000006E
:10A2F000000000000000000000000000000000005E
:10A30000000000000000000000000000000000004D
:10A31000000000000000000000000000000000003D
:10A32000000000000000000000000000000000002D
:10A33000000000000000000000000000000000001D
:10A34000000000000000000000000000000000000D
:10A3500000000000000000000000000000000000FD
:10A3600000000000000000000000000000000000ED
:10A3700000000000000000000000000000000000DD
:10A3800000000000000000000000000000000000CD
:10A3900000000000000000000000000000000000BD
:10A3A00000000000000000000000000000000000AD
:10A3B000000000000000000000000000000000009D
:10A3C000000000000000000000000000000000008D
:10A3D000000000000000000000000000000000007D
:10A3E000000000000000000000000000000000006D
:10A3F000000000000000000000000000000000005D
:10A40000000000000000000000000000000000004C
:10A41000000000000000000000000000000000003C
:10A42000000000000000000000000000000000002C
:10A43000000000000000000000000000000000001C
:10A44000000000000000000000000000000000000C
:10A4500000000000000000000000000000000000FC
:10A4600000000000000000000000000000000000EC
:10A4700000000000000000000000000000000000DC
:10A4800000000000000000000000000000000000CC
:10A4900000000000000000000000000000000000BC
:10A4A00000000000000000000000000000000000AC
:10A4B000000000000000000000000000000000009C
:10A4C000000000000000000000000000000000008C
:10A4D000000000000000000000000000000000007C
:10A4E000000000000000000000000000000000006C
:10A4F000000000000000000000000000000000005C
:10A50000000000000000000000000000000000004B
:10A51000000000000000000000000000000000003B
:10A52000000000000000000000000000000000002B
:10A53000000000000000000000000000000000001B
:10A54000000000000000000000000000000000000B
:10A5500000000000000000000000000000000000FB
:10A5600000000000000000000000000000000000EB
:10A5700000000000000000000000000000000000DB
:10A5800000000000000000000000000000000000CB
:10A5900000000000000000000000000000000000BB
:10A5A00000000000000000000000000000000000AB
:10A5B000000000000000000000000000000000009B
:10A5C000000000000000000000000000000000008B
:10A5D000000000000000000000000000000000007B
:10A5E000000000000000000000000000000000006B
:10A5F000000000000000000000000000000000005B
:10A60000000000000000000000000000000000004A
:10A61000000000000000000000000000000000003A
:10A62000000000000000000000000000000000002A
:10A63000000000000000000000000000000000001A
:10A64000000000000000000000000000000000000A
:10A6500000000000000000000000000000000000FA
:10A6600000000000000000000000000000000000EA
:10A6700000000000000000000000000000000000DA
:10A6800000000000000000000000000000000000CA
:10A6900000000000000000000000000000000000BA
:10A6A00000000000000000000000000000000000AA
:10A6B000000000000000000000000000000000009A
:10A6C000000000000000000000000000000000008A
:10A6D000000000000000000000000000000000007A
:10A6E000000000000000000000000000000000006A
:10A6F000000000000000000000000000000000005A
:10A700000000000000000000000000000000000049
:10A710000000000000000000000000000000000039
:10A720000000000000000000000000000000000029
:10A730000000000000000000000000000000000019
:10A740000000000000000000000000000000000009
:10A7500000000000000000000000000000000000F9
:10A7600000000000000000000000000000000000E9
:10A7700000000000000000000000000000000000D9
:10A7800000000000000000000000000000000000C9
:10A7900000000000000000000000000000000000B9
:10A7A00000000000000000000000000000000000A9
:10A7B0000000000000000000000000000000000099
:10A7C0000000000000000000000000000000000089
:10A7D0000000000000000000000000000000000079
:10A7E0000000000000000000000000000000000069
:10A7F0000000000000000000000000000000000059
:10A800000000000000000000000000000000000048
:10A810000000000000000000000000000000000038
:10A820000000000000000000000000000000000028
:10A830000000000000000000000000000000000018
:10A840000000000000000000000000000000000008
:10A8500000000000000000000000000000000000F8
:10A8600000000000000000000000000000000000E8
:10A8700000000000000000000000000000000000D8
:10A8800000000000000000000000000000000000C8
:10A8900000000000000000000000000000000000B8
:10A8A00000000000000000000000000000000000A8
:10A8B0000000000000000000000000000000000098
:10A8C0000000000000000000000000000000000088
:10A8D0000000000000000000000000000000000078
:10A8E0000000000000000000000000000000000068
:10A8F0000000000000000000000000000000000058
:10A900000000000000000000000000000000000047
:10A910000000000000000000000000000000000037
:10A920000000000000000000000000000000000027
:10A930000000000000000000000000000000000017
:10A940000000000000000000000000000000000007
:10A9500000000000000000000000000000000000F7
:10A9600000000000000000000000000000000000E7
:10A9700000000000000000000000000000000000D7
:10A9800000000000000000000000000000000000C7
:10A9900000000000000000000000000000000000B7
:10A9A00000000000000000000000000000000000A7
:10A9B0000000000000000000000000000000000097
:10A9C0000000000000000000000000000000000087
:10A9D0000000000000000000000000000000000077
:10A9E0000000000000000000000000000000000067
:10A9F0000000000000000000000000000000000057
:10AA00000000000000000000000000000000000046
:10AA10000000000000000000000000000000000036
:10AA20000000000000000000000000000000000026
:10AA30000000000000000000000000000000000016
:10AA40000000000000000000000000000000000006
:10AA500000000000000000000000000000000000F6
:10AA600000000000000000000000000000000000E6
:10AA700000000000000000000000000000000000D6
:10AA800000000000000000000000000000000000C6
:10AA900000000000000000000000000000000000B6
:10AAA00000000000000000000000000000000000A6
:10AAB0000000000000000000000000000000000096
:10AAC0000000000000000000000000000000000086
:10AAD0000000000000000000000000000000000076
:10AAE0000000000000000000000000000000000066
:10AAF0000000000000000000000000000000000056
:10AB00000000000000000000000000000000000045
:10AB10000000000000000000000000000000000035
:10AB20000000000000000000000000000000000025
:10AB30000000000000000000000000000000000015
:10AB40000000000000000000000000000000000005
:10AB500000000000000000000000000000000000F5
:10AB600000000000000000000000000000000000E5
:10AB700000000000000000000000000000000000D5
:10AB800000000000000000000000000000000000C5
:10AB900000000000000000000000000000000000B5
:10ABA00000000000000000000000000000000000A5
:10ABB0000000000000000000000000000000000095
:10ABC0000000000000000000000000000000000085
:10ABD0000000000000000000000000000000000075
:10ABE0000000000000000000000000000000000065
:10ABF0000000000000000000000000000000000055
:10AC00000000000000000000000000000000000044
:10AC10000000000000000000000000000000000034
:10AC20000000000000000000000000000000000024
:10AC30000000000000000000000000000000000014
:10AC40000000000000000000000000000000000004
:10AC500000000000000000000000000000000000F4
:10AC600000000000000000000000000000000000E4
:10AC700000000000000000000000000000000000D4
:10AC800000000000000000000000000000000000C4
:10AC900000000000000000000000000000000000B4
:10ACA00000000000000000000000000000000000A4
:10ACB0000000000000000000000000000000000094
:10ACC0000000000000000000000000000000000084
:10ACD0000000000000000000000000000000000074
:10ACE0000000000000000000000000000000000064
:10ACF0000000000000000000000000000000000054
:10AD00000000000000000000000000000000000043
:10AD10000000000000000000000000000000000033
:10AD20000000000000000000000000000000000023
:10AD30000000000000000000000000000000000013
:10AD40000000000000000000000000000000000003
:10AD500000000000000000000000000000000000F3
:10AD600000000000000000000000000000000000E3
:10AD700000000000000000000000000000000000D3
:10AD800000000000000000000000000000000000C3
:10AD900000000000000000000000000000000000B3
:10ADA00000000000000000000000000000000000A3
:10ADB0000000000000000000000000000000000093
:10ADC0000000000000000000000000000000000083
:10ADD0000000000000000000000000000000000073
:10ADE0000000000000000000000000000000000063
:10ADF0000000000000000000000000000000000053
:10AE00000000000000000000000000000000000042
:10AE10000000000000000000000000000000000032
:10AE20000000000000000000000000000000000022
:10AE30000000000000000000000000000000000012
:10AE40000000000000000000000000000000000002
:10AE500000000000000000000000000000000000F2
:10AE600000000000000000000000000000000000E2
:10AE700000000000000000000000000000000000D2
:10AE800000000000000000000000000000000000C2
:10AE900000000000000000000000000000000000B2
:10AEA00000000000000000000000000000000000A2
:10AEB0000000000000000000000000000000000092
:10AEC0000000000000000000000000000000000082
:10AED0000000000000000000000000000000000072
:10AEE0000000000000000000000000000000000062
:10AEF0000000000000000000000000000000000052
:10AF00000000000000000000000000000000000041
:10AF10000000000000000000000000000000000031
:10AF20000000000000000000000000000000000021
:10AF30000000000000000000000000000000000011
:10AF40000000000000000000000000000000000001
:10AF500000000000000000000000000000000000F1
:10AF600000000000000000000000000000000000E1
:10AF700000000000000000000000000000000000D1
:10AF800000000000000000000000000000000000C1
:10AF900000000000000000000000000000000000B1
:10AFA00000000000000000000000000000000000A1
:10AFB0000000000000000000000000000000000091
:10AFC0000000000000000000000000000000000081
:10AFD0000000000000000000000000000000000071
:10AFE0000000000000000000000000000000000061
:10AFF0000000000000000000000000000000000051
:10B000000000000000000000000000000000000040
:10B010000000000000000000000000000000000030
:10B020000000000000000000000000000000000020
:10B030000000000000000000000000000000000010
:10B040000000000000000000000000000000000000
:10B0500000000000000000000000000000000000F0
:10B0600000000000000000000000000000000000E0
:10B0700000000000000000000000000000000000D0
:10B0800000000000000000000000000000000000C0
:10B0900000000000000000000000000000000000B0
:10B0A00000000000000000000000000000000000A0
:10B0B0000000000000000000000000000000000090
:10B0C0000000000000000000000000000000000080
:10B0D0000000000000000000000000000000000070
:10B0E0000000000000000000000000000000000060
:10B0F0000000000000000000000000000000000050
:10B10000000000000000000000000000000000003F
:10B11000000000000000000000000000000000002F
:10B12000000000000000000000000000000000001F
:10B13000000000000000000000000000000000000F
:10B1400000000000000000000000000000000000FF
:10B1500000000000000000000000000000000000EF
:10B1600000000000000000000000000000000000DF
:10B1700000000000000000000000000000000000CF
:10B1800000000000000000000000000000000000BF
:10B1900000000000000000000000000000000000AF
:10B1A000000000000000000000000000000000009F
:10B1B000000000000000000000000000000000008F
:10B1C000000000000000000000000000000000007F
:10B1D000000000000000000000000000000000006F
:10B1E000000000000000000000000000000000005F
:10B1F000000000000000000000000000000000004F
:10B20000000000000000000000000000000000003E
:10B21000000000000000000000000000000000002E
:10B22000000000000000000000000000000000001E
:10B23000000000000000000000000000000000000E
:10B2400000000000000000000000000000000000FE
:10B2500000000000000000000000000000000000EE
:10B2600000000000000000000000000000000000DE
:10B2700000000000000000000000000000000000CE
:10B2800000000000000000000000000000000000BE
:10B2900000000000000000000000000000000000AE
:10B2A000000000000000000000000000000000009E
:10B2B000000000000000000000000000000000008E
:10B2C000000000000000000000000000000000007E
:10B2D000000000000000000000000000000000006E
:10B2E000000000000000000000000000000000005E
:10B2F000000000000000000000000000000000004E
:10B30000000000000000000000000000000000003D
:10B31000000000000000000000000000000000002D
:10B32000000000000000000000000000000000001D
:10B33000000000000000000000000000000000000D
:10B3400000000000000000000000000000000000FD
:10B3500000000000000000000000000000000000ED
:10B3600000000000000000000000000000000000DD
:10B3700000000000000000000000000000000000CD
:10B3800000000000000000000000000000000000BD
:10B3900000000000000000000000000000000000AD
:10B3A000000000000000000000000000000000009D
:10B3B000000000000000000000000000000000008D
:10B3C000000000000000000000000000000000007D
:10B3D000000000000000000000000000000000006D
:10B3E000000000000000000000000000000000005D
:10B3F000000000000000000000000000000000004D
:10B40000000000000000000000000000000000003C
:10B41000000000000000000000000000000000002C
:10B42000000000000000000000000000000000001C
:10B43000000000000000000000000000000000000C
:10B4400000000000000000000000000000000000FC
:10B4500000000000000000000000000000000000EC
:10B4600000000000000000000000000000000000DC
:10B4700000000000000000000000000000000000CC
:10B4800000000000000000000000000000000000BC
:10B4900000000000000000000000000000000000AC
:10B4A000000000000000000000000000000000009C
:10B4B000000000000000000000000000000000008C
:10B4C000000000000000000000000000000000007C
:10B4D000000000000000000000000000000000006C
:10B4E000000000000000000000000000000000005C
:10B4F000000000000000000000000000000000004C
:10B50000000000000000000000000000000000003B
:10B51000000000000000000000000000000000002B
:10B52000000000000000000000000000000000001B
:10B53000000000000000000000000000000000000B
:10B5400000000000000000000000000000000000FB
:10B5500000000000000000000000000000000000EB
:10B5600000000000000000000000000000000000DB
:10B5700000000000000000000000000000000000CB
:10B5800000000000000000000000000000000000BB
:10B5900000000000000000000000000000000000AB
:10B5A000000000000000000000000000000000009B
:10B5B000000000000000000000000000000000008B
:10B5C000000000000000000000000000000000007B
:10B5D000000000000000000000000000000000006B
:10B5E000000000000000000000000000000000005B
:10B5F000000000000000000000000000000000004B
:10B60000000000000000000000000000000000003A
:10B61000000000000000000000000000000000002A
:10B62000000000000000000000000000000000001A
:10B63000000000000000000000000000000000000A
:10B6400000000000000000000000000000000000FA
:10B6500000000000000000000000000000000000EA
:10B6600000000000000000000000000000000000DA
:10B6700000000000000000000000000000000000CA
:10B6800000000000000000000000000000000000BA
:10B6900000000000000000000000000000000000AA
:10B6A000000000000000000000000000000000009A
:10B6B000000000000000000000000000000000008A
:10B6C000000000000000000000000000000000007A
:10B6D000000000000000000000000000000000006A
:10B6E000000000000000000000000000000000005A
:10B6F000000000000000000000000000000000004A
:10B700000000000000000000000000000000000039
:10B710000000000000000000000000000000000029
:10B720000000000000000000000000000000000019
:10B730000000000000000000000000000000000009
:10B7400000000000000000000000000000000000F9
:10B7500000000000000000000000000000000000E9
:10B7600000000000000000000000000000000000D9
:10B7700000000000000000000000000000000000C9
:10B7800000000000000000000000000000000000B9
:10B7900000000000000000000000000000000000A9
:10B7A0000000000000000000000000000000000099
:10B7B0000000000000000000000000000000000089
:10B7C0000000000000000000000000000000000079
:10B7D0000000000000000000000000000000000069
:10B7E0000000000000000000000000000000000059
:10B7F0000000000000000000000000000000000049
:10B800000000000000000000000000000000000038
:10B810000000000000000000000000000000000028
:10B820000000000000000000000000000000000018
:10B830000000000000000000000000000000000008
:10B8400000000000000000000000000000000000F8
:10B8500000000000000000000000000000000000E8
:10B8600000000000000000000000000000000000D8
:10B8700000000000000000000000000000000000C8
:10B8800000000000000000000000000000000000B8
:10B8900000000000000000000000000000000000A8
:10B8A0000000000000000000000000000000000098
:10B8B0000000000000000000000000000000000088
:10B8C0000000000000000000000000000000000078
:10B8D0000000000000000000000000000000000068
:10B8E0000000000000000000000000000000000058
:10B8F0000000000000000000000000000000000048
:10B900000000000000000000000000000000000037
:10B910000000000000000000000000000000000027
:10B920000000000000000000000000000000000017
:10B930000000000000000000000000000000000007
:10B9400000000000000000000000000000000000F7
:10B9500000000000000000000000000000000000E7
:10B9600000000000000000000000000000000000D7
:10B9700000000000000000000000000000000000C7
:10B9800000000000000000000000000000000000B7
:10B9900000000000000000000000000000000000A7
:10B9A0000000000000000000000000000000000097
:10B9B0000000000000000000000000000000000087
:10B9C0000000000000000000000000000000000077
:10B9D0000000000000000000000000000000000067
:10B9E0000000000000000000000000000000000057
:10B9F0000000000000000000000000000000000047
:10BA00000000000000000000000000000000000036
:10BA10000000000000000000000000000000000026
:10BA20000000000000000000000000000000000016
:10BA30000000000000000000000000000000000006
:10BA400000000000000000000000000000000000F6
:10BA500000000000000000000000000000000000E6
:10BA600000000000000000000000000000000000D6
:10BA700000000000000000000000000000000000C6
:10BA800000000000000000000000000000000000B6
:10BA900000000000000000000000000000000000A6
:10BAA0000000000000000000000000000000000096
:10BAB0000000000000000000000000000000000086
:10BAC0000000000000000000000000000000000076
:10BAD0000000000000000000000000000000000066
:10BAE0000000000000000000000000000000000056
:10BAF0000000000000000000000000000000000046
:10BB00000000000000000000000000000000000035
:10BB10000000000000000000000000000000000025
:10BB20000000000000000000000000000000000015
:10BB30000000000000000000000000000000000005
:10BB400000000000000000000000000000000000F5
:10BB500000000000000000000000000000000000E5
:10BB600000000000000000000000000000000000D5
:10BB700000000000000000000000000000000000C5
:10BB800000000000000000000000000000000000B5
:10BB900000000000000000000000000000000000A5
:10BBA0000000000000000000000000000000000095
:10BBB0000000000000000000000000000000000085
:10BBC0000000000000000000000000000000000075
:10BBD0000000000000000000000000000000000065
:10BBE0000000000000000000000000000000000055
:10BBF0000000000000000000000000000000000045
:10BC00000000000000000000000000000000000034
:10BC10000000000000000000000000000000000024
:10BC20000000000000000000000000000000000014
:10BC30000000000000000000000000000000000004
:10BC400000000000000000000000000000000000F4
:10BC500000000000000000000000000000000000E4
:10BC600000000000000000000000000000000000D4
:10BC700000000000000000000000000000000000C4
:10BC800000000000000000000000000000000000B4
:10BC900000000000000000000000000000000000A4
:10BCA0000000000000000000000000000000000094
:10BCB0000000000000000000000000000000000084
:10BCC0000000000000000000000000000000000074
:10BCD0000000000000000000000000000000000064
:10BCE0000000000000000000000000000000000054
:10BCF0000000000000000000000000000000000044
:10BD00000000000000000000000000000000000033
:10BD10000000000000000000000000000000000023
:10BD20000000000000000000000000000000000013
:10BD30000000000000000000000000000000000003
:10BD400000000000000000000000000000000000F3
:10BD500000000000000000000000000000000000E3
:10BD600000000000000000000000000000000000D3
:10BD700000000000000000000000000000000000C3
:10BD800000000000000000000000000000000000B3
:10BD900000000000000000000000000000000000A3
:10BDA0000000000000000000000000000000000093
:10BDB0000000000000000000000000000000000083
:10BDC0000000000000000000000000000000000073
:10BDD0000000000000000000000000000000000063
:10BDE0000000000000000000000000000000000053
:10BDF0000000000000000000000000000000000043
:10BE00000000000000000000000000000000000032
:10BE10000000000000000000000000000000000022
:10BE20000000000000000000000000000000000012
:10BE30000000000000000000000000000000000002
:10BE400000000000000000000000000000000000F2
:10BE500000000000000000000000000000000000E2
:10BE600000000000000000000000000000000000D2
:10BE700000000000000000000000000000000000C2
:10BE800000000000000000000000000000000000B2
:10BE900000000000000000000000000000000000A2
:10BEA0000000000000000000000000000000000092
:10BEB0000000000000000000000000000000000082
:10BEC0000000000000000000000000000000000072
:10BED0000000000000000000000000000000000062
:10BEE0000000000000000000000000000000000052
:10BEF0000000000000000000000000000000000042
:10BF00000000000000000000000000000000000031
:10BF10000000000000000000000000000000000021
:10BF20000000000000000000000000000000000011
:10BF30000000000000000000000000000000000001
:10BF400000000000000000000000000000000000F1
:10BF500000000000000000000000000000000000E1
:10BF600000000000000000000000000000000000D1
:10BF700000000000000000000000000000000000C1
:10BF800000000000000000000000000000000000B1
:10BF900000000000000000000000000000000000A1
:10BFA0000000000000000000000000000000000091
:10BFB0000000000000000000000000000000000081
:10BFC0000000000000000000000000000000000071
:10BFD0000000000000000000000000000000000061
:10BFE0000000000000000000000000000000000051
:10BFF0000000000000000000000000000000000041
:10C000000000000000000000000000000000000030
:10C010000000000000000000000000000000000020
:10C020000000000000000000000000000000000010
:10C030000000000000000000000000000000000000
:10C0400000000000000000000000000000000000F0
:10C0500000000000000000000000000000000000E0
:10C0600000000000000000000000000000000000D0
:10C0700000000000000000000000000000000000C0
:10C0800000000000000000000000000000000000B0
:10C0900000000000000000000000000000000000A0
:10C0A0000000000000000000000000000000000090
:10C0B0000000000000000000000000000000000080
:10C0C0000000000000000000000000000000000070
:10C0D0000000000000000000000000000000000060
:10C0E0000000000000000000000000000000000050
:10C0F0000000000000000000000000000000000040
:10C10000000000000000000000000000000000002F
:10C11000000000000000000000000000000000001F
:10C12000000000000000000000000000000000000F
:10C1300000000000000000000000000000000000FF
:10C1400000000000000000000000000000000000EF
:10C1500000000000000000000000000000000000DF
:10C1600000000000000000000000000000000000CF
:10C1700000000000000000000000000000000000BF
:10C1800000000000000000000000000000000000AF
:10C19000000000000000000000000000000000009F
:10C1A000000000000000000000000000000000008F
:10C1B000000000000000000000000000000000007F
:10C1C000000000000000000000000000000000006F
:10C1D000000000000000000000000000000000005F
:10C1E000000000000000000000000000000000004F
:10C1F000000000000000000000000000000000003F
:10C20000000000000000000000000000000000002E
:10C21000000000000000000000000000000000001E
:10C22000000000000000000000000000000000000E
:10C2300000000000000000000000000000000000FE
:10C2400000000000000000000000000000000000EE
:10C2500000000000000000000000000000000000DE
:10C2600000000000000000000000000000000000CE
:10C2700000000000000000000000000000000000BE
:10C2800000000000000000000000000000000000AE
:10C29000000000000000000000000000000000009E
:10C2A000000000000000000000000000000000008E
:10C2B000000000000000000000000000000000007E
:10C2C000000000000000000000000000000000006E
:10C2D000000000000000000000000000000000005E
:10C2E000000000000000000000000000000000004E
:10C2F000000000000000000000000000000000003E
:10C30000000000000000000000000000000000002D
:10C31000000000000000000000000000000000001D
:10C32000000000000000000000000000000000000D
:10C3300000000000000000000000000000000000FD
:10C3400000000000000000000000000000000000ED
:10C3500000000000000000000000000000000000DD
:10C3600000000000000000000000000000000000CD
:10C3700000000000000000000000000000000000BD
:10C3800000000000000000000000000000000000AD
:10C39000000000000000000000000000000000009D
:10C3A000000000000000000000000000000000008D
:10C3B000000000000000000000000000000000007D
:10C3C000000000000000000000000000000000006D
:10C3D000000000000000000000000000000000005D
:10C3E000000000000000000000000000000000004D
:10C3F000000000000000000000000000000000003D
:10C40000000000000000000000000000000000002C
:10C41000000000000000000000000000000000001C
:10C42000000000000000000000000000000000000C
:10C4300000000000000000000000000000000000FC
:10C4400000000000000000000000000000000000EC
:10C4500000000000000000000000000000000000DC
:10C4600000000000000000000000000000000000CC
:10C4700000000000000000000000000000000000BC
:10C4800000000000000000000000000000000000AC
:10C49000000000000000000000000000000000009C
:10C4A000000000000000000000000000000000008C
:10C4B000000000000000000000000000000000007C
:10C4C000000000000000000000000000000000006C
:10C4D000000000000000000000000000000000005C
:10C4E000000000000000000000000000000000004C
:10C4F000000000000000000000000000000000003C
:10C50000000000000000000000000000000000002B
:10C51000000000000000000000000000000000001B
:10C52000000000000000000000000000000000000B
:10C5300000000000000000000000000000000000FB
:10C5400000000000000000000000000000000000EB
:10C5500000000000000000000000000000000000DB
:10C5600000000000000000000000000000000000CB
:10C5700000000000000000000000000000000000BB
:10C5800000000000000000000000000000000000AB
:10C59000000000000000000000000000000000009B
:10C5A000000000000000000000000000000000008B
:10C5B000000000000000000000000000000000007B
:10C5C000000000000000000000000000000000006B
:10C5D000000000000000000000000000000000005B
:10C5E000000000000000000000000000000000004B
:10C5F000000000000000000000000000000000003B
:10C60000000000000000000000000000000000002A
:10C61000000000000000000000000000000000001A
:10C62000000000000000000000000000000000000A
:10C6300000000000000000000000000000000000FA
:10C6400000000000000000000000000000000000EA
:10C6500000000000000000000000000000000000DA
:10C6600000000000000000000000000000000000CA
:10C6700000000000000000000000000000000000BA
:10C6800000000000000000000000000000000000AA
:10C69000000000000000000000000000000000009A
:10C6A000000000000000000000000000000000008A
:10C6B000000000000000000000000000000000007A
:10C6C000000000000000000000000000000000006A
:10C6D000000000000000000000000000000000005A
:10C6E000000000000000000000000000000000004A
:10C6F000000000000000000000000000000000003A
:10C700000000000000000000000000000000000029
:10C710000000000000000000000000000000000019
:10C720000000000000000000000000000000000009
:10C7300000000000000000000000000000000000F9
:10C7400000000000000000000000000000000000E9
:10C7500000000000000000000000000000000000D9
:10C7600000000000000000000000000000000000C9
:10C7700000000000000000000000000000000000B9
:10C7800000000000000000000000000000000000A9
:10C790000000000000000000000000000000000099
:10C7A0000000000000000000000000000000000089
:10C7B0000000000000000000000000000000000079
:10C7C0000000000000000000000000000000000069
:10C7D0000000000000000000000000000000000059
:10C7E0000000000000000000000000000000000049
:10C7F0000000000000000000000000000000000039
:10C800000000000000000000000000000000000028
:10C810000000000000000000000000000000000018
:10C820000000000000000000000000000000000008
:10C8300000000000000000000000000000000000F8
:10C8400000000000000000000000000000000000E8
:10C8500000000000000000000000000000000000D8
:10C8600000000000000000000000000000000000C8
:10C8700000000000000000000000000000000000B8
:10C8800000000000000000000000000000000000A8
:10C890000000000000000000000000000000000098
:10C8A0000000000000000000000000000000000088
:10C8B0000000000000000000000000000000000078
:10C8C0000000000000000000000000000000000068
:10C8D0000000000000000000000000000000000058
:10C8E0000000000000000000000000000000000048
:10C8F0000000000000000000000000000000000038
:10C900000000000000000000000000000000000027
:10C910000000000000000000000000000000000017
:10C920000000000000000000000000000000000007
:10C9300000000000000000000000000000000000F7
:10C9400000000000000000000000000000000000E7
:10C9500000000000000000000000000000000000D7
:10C9600000000000000000000000000000000000C7
:10C9700000000000000000000000000000000000B7
:10C9800000000000000000000000000000000000A7
:10C990000000000000000000000000000000000097
:10C9A0000000000000000000000000000000000087
:10C9B0000000000000000000000000000000000077
:10C9C0000000000000000000000000000000000067
:10C9D0000000000000000000000000000000000057
:10C9E0000000000000000000000000000000000047
:10C9F0000000000000000000000000000000000037
:10CA00000000000000000000000000000000000026
:10CA10000000000000000000000000000000000016
:10CA20000000000000000000000000000000000006
:10CA300000000000000000000000000000000000F6
:10CA400000000000000000000000000000000000E6
:10CA500000000000000000000000000000000000D6
:10CA600000000000000000000000000000000000C6
:10CA700000000000000000000000000000000000B6
:10CA800000000000000000000000000000000000A6
:10CA90000000000000000000000000000000000096
:10CAA0000000000000000000000000000000000086
:10CAB0000000000000000000000000000000000076
:10CAC0000000000000000000000000000000000066
:10CAD0000000000000000000000000000000000056
:10CAE0000000000000000000000000000000000046
:10CAF0000000000000000000000000000000000036
:10CB00000000000000000000000000000000000025
:10CB10000000000000000000000000000000000015
:10CB20000000000000000000000000000000000005
:10CB300000000000000000000000000000000000F5
:10CB400000000000000000000000000000000000E5
:10CB500000000000000000000000000000000000D5
:10CB600000000000000000000000000000000000C5
:10CB700000000000000000000000000000000000B5
:10CB800000000000000000000000000000000000A5
:10CB90000000000000000000000000000000000095
:10CBA0000000000000000000000000000000000085
:10CBB0000000000000000000000000000000000075
:10CBC0000000000000000000000000000000000065
:10CBD0000000000000000000000000000000000055
:10CBE0000000000000000000000000000000000045
:10CBF0000000000000000000000000000000000035
:10CC00000000000000000000000000000000000024
:10CC10000000000000000000000000000000000014
:10CC20000000000000000000000000000000000004
:10CC300000000000000000000000000000000000F4
:10CC400000000000000000000000000000000000E4
:10CC500000000000000000000000000000000000D4
:10CC600000000000000000000000000000000000C4
:10CC700000000000000000000000000000000000B4
:10CC800000000000000000000000000000000000A4
:10CC90000000000000000000000000000000000094
:10CCA0000000000000000000000000000000000084
:10CCB0000000000000000000000000000000000074
:10CCC0000000000000000000000000000000000064
:10CCD0000000000000000000000000000000000054
:10CCE0000000000000000000000000000000000044
:10CCF0000000000000000000000000000000000034
:10CD00000000000000000000000000000000000023
:10CD10000000000000000000000000000000000013
:10CD20000000000000000000000000000000000003
:10CD300000000000000000000000000000000000F3
:10CD400000000000000000000000000000000000E3
:10CD500000000000000000000000000000000000D3
:10CD600000000000000000000000000000000000C3
:10CD700000000000000000000000000000000000B3
:10CD800000000000000000000000000000000000A3
:10CD90000000000000000000000000000000000093
:10CDA0000000000000000000000000000000000083
:10CDB0000000000000000000000000000000000073
:10CDC0000000000000000000000000000000000063
:10CDD0000000000000000000000000000000000053
:10CDE0000000000000000000000000000000000043
:10CDF0000000000000000000000000000000000033
:10CE00000000000000000000000000000000000022
:10CE10000000000000000000000000000000000012
:10CE20000000000000000000000000000000000002
:10CE300000000000000000000000000000000000F2
:10CE400000000000000000000000000000000000E2
:10CE500000000000000000000000000000000000D2
:10CE600000000000000000000000000000000000C2
:10CE700000000000000000000000000000000000B2
:10CE800000000000000000000000000000000000A2
:10CE90000000000000000000000000000000000092
:10CEA0000000000000000000000000000000000082
:10CEB0000000000000000000000000000000000072
:10CEC0000000000000000000000000000000000062
:10CED0000000000000000000000000000000000052
:10CEE0000000000000000000000000000000000042
:10CEF0000000000000000000000000000000000032
:10CF00000000000000000000000000000000000021
:10CF10000000000000000000000000000000000011
:10CF20000000000000000000000000000000000001
:10CF300000000000000000000000000000000000F1
:10CF400000000000000000000000000000000000E1
:10CF500000000000000000000000000000000000D1
:10CF600000000000000000000000000000000000C1
:10CF700000000000000000000000000000000000B1
:10CF800000000000000000000000000000000000A1
:10CF90000000000000000000000000000000000091
:10CFA0000000000000000000000000000000000081
:10CFB0000000000000000000000000000000000071
:10CFC0000000000000000000000000000000000061
:10CFD0000000000000000000000000000000000051
:10CFE0000000000000000000000000000000000041
:10CFF0000000000000000000000000000000000031
:10D000000000000000000000000000000000000020
:10D010000000000000000000000000000000000010
:10D020000000000000000000000000000000000000
:10D0300000000000000000000000000000000000F0
:10D0400000000000000000000000000000000000E0
:10D0500000000000000000000000000000000000D0
:10D0600000000000000000000000000000000000C0
:10D0700000000000000000000000000000000000B0
:10D0800000000000000000000000000000000000A0
:10D090000000000000000000000000000000000090
:10D0A0000000000000000000000000000000000080
:10D0B0000000000000000000000000000000000070
:10D0C0000000000000000000000000000000000060
:10D0D0000000000000000000000000000000000050
:10D0E0000000000000000000000000000000000040
:10D0F0000000000000000000000000000000000030
:10D10000000000000000000000000000000000001F
:10D11000000000000000000000000000000000000F
:10D1200000000000000000000000000000000000FF
:10D1300000000000000000000000000000000000EF
:10D1400000000000000000000000000000000000DF
:10D1500000000000000000000000000000000000CF
:10D1600000000000000000000000000000000000BF
:10D1700000000000000000000000000000000000AF
:10D18000000000000000000000000000000000009F
:10D19000000000000000000000000000000000008F
:10D1A000000000000000000000000000000000007F
:10D1B000000000000000000000000000000000006F
:10D1C000000000000000000000000000000000005F
:10D1D000000000000000000000000000000000004F
:10D1E000000000000000000000000000000000003F
:10D1F000000000000000000000000000000000002F
:10D20000000000000000000000000000000000001E
:10D21000000000000000000000000000000000000E
:10D2200000000000000000000000000000000000FE
:10D2300000000000000000000000000000000000EE
:10D2400000000000000000000000000000000000DE
:10D2500000000000000000000000000000000000CE
:10D2600000000000000000000000000000000000BE
:10D2700000000000000000000000000000000000AE
:10D28000000000000000000000000000000000009E
:10D29000000000000000000000000000000000008E
:10D2A000000000000000000000000000000000007E
:10D2B000000000000000000000000000000000006E
:10D2C000000000000000000000000000000000005E
:10D2D000000000000000000000000000000000004E
:10D2E000000000000000000000000000000000003E
:10D2F000000000000000000000000000000000002E
:10D30000000000000000000000000000000000001D
:10D31000000000000000000000000000000000000D
:10D3200000000000000000000000000000000000FD
:10D3300000000000000000000000000000000000ED
:10D3400000000000000000000000000000000000DD
:10D3500000000000000000000000000000000000CD
:10D3600000000000000000000000000000000000BD
:10D3700000000000000000000000000000000000AD
:10D38000000000000000000000000000000000009D
:10D39000000000000000000000000000000000008D
:10D3A000000000000000000000000000000000007D
:10D3B000000000000000000000000000000000006D
:10D3C000000000000000000000000000000000005D
:10D3D000000000000000000000000000000000004D
:10D3E000000000000000000000000000000000003D
:10D3F000000000000000000000000000000000002D
:10D40000000000000000000000000000000000001C
:10D41000000000000000000000000000000000000C
:10D4200000000000000000000000000000000000FC
:10D4300000000000000000000000000000000000EC
:10D4400000000000000000000000000000000000DC
:10D4500000000000000000000000000000000000CC
:10D4600000000000000000000000000000000000BC
:10D4700000000000000000000000000000000000AC
:10D48000000000000000000000000000000000009C
:10D49000000000000000000000000000000000008C
:10D4A000000000000000000000000000000000007C
:10D4B000000000000000000000000000000000006C
:10D4C000000000000000000000000000000000005C
:10D4D000000000000000000000000000000000004C
:10D4E000000000000000000000000000000000003C
:10D4F000000000000000000000000000000000002C
:10D50000000000000000000000000000000000001B
:10D51000000000000000000000000000000000000B
:10D5200000000000000000000000000000000000FB
:10D5300000000000000000000000000000000000EB
:10D5400000000000000000000000000000000000DB
:10D5500000000000000000000000000000000000CB
:10D5600000000000000000000000000000000000BB
:10D5700000000000000000000000000000000000AB
:10D58000000000000000000000000000000000009B
:10D59000000000000000000000000000000000008B
:10D5A000000000000000000000000000000000007B
:10D5B000000000000000000000000000000000006B
:10D5C000000000000000000000000000000000005B
:10D5D000000000000000000000000000000000004B
:10D5E000000000000000000000000000000000003B
:10D5F000000000000000000000000000000000002B
:10D60000000000000000000000000000000000001A
:10D61000000000000000000000000000000000000A
:10D6200000000000000000000000000000000000FA
:10D6300000000000000000000000000000000000EA
:10D6400000000000000000000000000000000000DA
:10D6500000000000000000000000000000000000CA
:10D6600000000000000000000000000000000000BA
:10D6700000000000000000000000000000000000AA
:10D68000000000000000000000000000000000009A
:10D69000000000000000000000000000000000008A
:10D6A000000000000000000000000000000000007A
:10D6B000000000000000000000000000000000006A
:10D6C000000000000000000000000000000000005A
:10D6D000000000000000000000000000000000004A
:10D6E000000000000000000000000000000000003A
:10D6F000000000000000000000000000000000002A
:10D700000000000000000000000000000000000019
:10D710000000000000000000000000000000000009
:10D7200000000000000000000000000000000000F9
:10D7300000000000000000000000000000000000E9
:10D7400000000000000000000000000000000000D9
:10D7500000000000000000000000000000000000C9
:10D7600000000000000000000000000000000000B9
:10D7700000000000000000000000000000000000A9
:10D780000000000000000000000000000000000099
:10D790000000000000000000000000000000000089
:10D7A0000000000000000000000000000000000079
:10D7B0000000000000000000000000000000000069
:10D7C0000000000000000000000000000000000059
:10D7D0000000000000000000000000000000000049
:10D7E0000000000000000000000000000000000039
:10D7F0000000000000000000000000000000000029
:10D800000000000000000000000000000000000018
:10D810000000000000000000000000000000000008
:10D8200000000000000000000000000000000000F8
:10D8300000000000000000000000000000000000E8
:10D8400000000000000000000000000000000000D8
:10D8500000000000000000000000000000000000C8
:10D8600000000000000000000000000000000000B8
:10D8700000000000000000000000000000000000A8
:10D880000000000000000000000000000000000098
:10D890000000000000000000000000000000000088
:10D8A0000000000000000000000000000000000078
:10D8B0000000000000000000000000000000000068
:10D8C0000000000000000000000000000000000058
:10D8D0000000000000000000000000000000000048
:10D8E0000000000000000000000000000000000038
:10D8F0000000000000000000000000000000000028
:10D900000000000000000000000000000000000017
:10D910000000000000000000000000000000000007
:10D9200000000000000000000000000000000000F7
:10D9300000000000000000000000000000000000E7
:10D9400000000000000000000000000000000000D7
:10D9500000000000000000000000000000000000C7
:10D9600000000000000000000000000000000000B7
:10D9700000000000000000000000000000000000A7
:10D980000000000000000000000000000000000097
:10D990000000000000000000000000000000000087
:10D9A0000000000000000000000000000000000077
:10D9B0000000000000000000000000000000000067
:10D9C0000000000000000000000000000000000057
:10D9D0000000000000000000000000000000000047
:10D9E0000000000000000000000000000000000037
:10D9F0000000000000000000000000000000000027
:10DA00000000000000000000000000000000000016
:10DA10000000000000000000000000000000000006
:10DA200000000000000000000000000000000000F6
:10DA300000000000000000000000000000000000E6
:10DA400000000000000000000000000000000000D6
:10DA500000000000000000000000000000000000C6
:10DA600000000000000000000000000000000000B6
:10DA700000000000000000000000000000000000A6
:10DA80000000000000000000000000000000000096
:10DA90000000000000000000000000000000000086
:10DAA0000000000000000000000000000000000076
:10DAB0000000000000000000000000000000000066
:10DAC0000000000000000000000000000000000056
:10DAD0000000000000000000000000000000000046
:10DAE0000000000000000000000000000000000036
:10DAF0000000000000000000000000000000000026
:10DB00000000000000000000000000000000000015
:10DB10000000000000000000000000000000000005
:10DB200000000000000000000000000000000000F5
:10DB300000000000000000000000000000000000E5
:10DB400000000000000000000000000000000000D5
:10DB500000000000000000000000000000000000C5
:10DB600000000000000000000000000000000000B5
:10DB700000000000000000000000000000000000A5
:10DB80000000000000000000000000000000000095
:10DB90000000000000000000000000000000000085
:10DBA0000000000000000000000000000000000075
:10DBB0000000000000000000000000000000000065
:10DBC0000000000000000000000000000000000055
:10DBD0000000000000000000000000000000000045
:10DBE0000000000000000000000000000000000035
:10DBF0000000000000000000000000000000000025
:10DC00000000000000000000000000000000000014
:10DC10000000000000000000000000000000000004
:10DC200000000000000000000000000000000000F4
:10DC300000000000000000000000000000000000E4
:10DC400000000000000000000000000000000000D4
:10DC500000000000000000000000000000000000C4
:10DC600000000000000000000000000000000000B4
:10DC700000000000000000000000000000000000A4
:10DC80000000000000000000000000000000000094
:10DC90000000000000000000000000000000000084
:10DCA0000000000000000000000000000000000074
:10DCB0000000000000000000000000000000000064
:10DCC0000000000000000000000000000000000054
:10DCD0000000000000000000000000000000000044
:10DCE0000000000000000000000000000000000034
:10DCF0000000000000000000000000000000000024
:10DD00000000000000000000000000000000000013
:10DD10000000000000000000000000000000000003
:10DD200000000000000000000000000000000000F3
:10DD300000000000000000000000000000000000E3
:10DD400000000000000000000000000000000000D3
:10DD500000000000000000000000000000000000C3
:10DD600000000000000000000000000000000000B3
:10DD700000000000000000000000000000000000A3
:10DD80000000000000000000000000000000000093
:10DD90000000000000000000000000000000000083
:10DDA0000000000000000000000000000000000073
:10DDB0000000000000000000000000000000000063
:10DDC0000000000000000000000000000000000053
:10DDD0000000000000000000000000000000000043
:10DDE0000000000000000000000000000000000033
:10DDF0000000000000000000000000000000000023
:10DE00000000000000000000000000000000000012
:10DE10000000000000000000000000000000000002
:10DE200000000000000000000000000000000000F2
:10DE300000000000000000000000000000000000E2
:10DE400000000000000000000000000000000000D2
:10DE500000000000000000000000000000000000C2
:10DE600000000000000000000000000000000000B2
:10DE700000000000000000000000000000000000A2
:10DE80000000000000000000000000000000000092
:10DE90000000000000000000000000000000000082
:10DEA0000000000000000000000000000000000072
:10DEB0000000000000000000000000000000000062
:10DEC0000000000000000000000000000000000052
:10DED0000000000000000000000000000000000042
:10DEE0000000000000000000000000000000000032
:10DEF0000000000000000000000000000000000022
:10DF00000000000000000000000000000000000011
:10DF10000000000000000000000000000000000001
:10DF200000000000000000000000000000000000F1
:10DF300000000000000000000000000000000000E1
:10DF400000000000000000000000000000000000D1
:10DF500000000000000000000000000000000000C1
:10DF600000000000000000000000000000000000B1
:10DF700000000000000000000000000000000000A1
:10DF80000000000000000000000000000000000091
:10DF90000000000000000000000000000000000081
:10DFA0000000000000000000000000000000000071
:10DFB0000000000000000000000000000000000061
:10DFC0000000000000000000000000000000000051
:10DFD0000000000000000000000000000000000041
:10DFE0000000000000000000000000000000000031
:10DFF0000000000000000000000000000000000021
:10E000000000000000000000000000000000000010
:10E010000000000000000000000000000000000000
:10E0200000000000000000000000000000000000F0
:10E0300000000000000000000000000000000000E0
:10E0400000000000000000000000000000000000D0
:10E0500000000000000000000000000000000000C0
:10E0600000000000000000000000000000000000B0
:10E0700000000000000000000000000000000000A0
:10E080000000000000000000000000000000000090
:10E090000000000000000000000000000000000080
:10E0A0000000000000000000000000000000000070
:10E0B0000000000000000000000000000000000060
:10E0C0000000000000000000000000000000000050
:10E0D0000000000000000000000000000000000040
:10E0E0000000000000000000000000000000000030
:10E0F0000000000000000000000000000000000020
:10E10000000000000000000000000000000000000F
:10E1100000000000000000000000000000000000FF
:10E1200000000000000000000000000000000000EF
:10E1300000000000000000000000000000000000DF
:10E1400000000000000000000000000000000000CF
:10E1500000000000000000000000000000000000BF
:10E1600000000000000000000000000000000000AF
:10E17000000000000000000000000000000000009F
:10E18000000000000000000000000000000000008F
:10E19000000000000000000000000000000000007F
:10E1A000000000000000000000000000000000006F
:10E1B000000000000000000000000000000000005F
:10E1C000000000000000000000000000000000004F
:10E1D000000000000000000000000000000000003F
:10E1E000000000000000000000000000000000002F
:10E1F000000000000000000000000000000000001F
:10E20000000000000000000000000000000000000E
:10E2100000000000000000000000000000000000FE
:10E2200000000000000000000000000000000000EE
:10E2300000000000000000000000000000000000DE
:10E2400000000000000000000000000000000000CE
:10E2500000000000000000000000000000000000BE
:10E2600000000000000000000000000000000000AE
:10E27000000000000000000000000000000000009E
:10E28000000000000000000000000000000000008E
:10E29000000000000000000000000000000000007E
:10E2A000000000000000000000000000000000006E
:10E2B000000000000000000000000000000000005E
:10E2C000000000000000000000000000000000004E
:10E2D000000000000000000000000000000000003E
:10E2E000000000000000000000000000000000002E
:10E2F000000000000000000000000000000000001E
:10E30000000000000000000000000000000000000D
:10E3100000000000000000000000000000000000FD
:10E3200000000000000000000000000000000000ED
:10E3300000000000000000000000000000000000DD
:10E3400000000000000000000000000000000000CD
:10E3500000000000000000000000000000000000BD
:10E3600000000000000000000000000000000000AD
:10E37000000000000000000000000000000000009D
:10E38000000000000000000000000000000000008D
:10E39000000000000000000000000000000000007D
:10E3A000000000000000000000000000000000006D
:10E3B000000000000000000000000000000000005D
:10E3C000000000000000000000000000000000004D
:10E3D000000000000000000000000000000000003D
:10E3E000000000000000000000000000000000002D
:10E3F000000000000000000000000000000000001D
:10E40000000000000000000000000000000000000C
:10E4100000000000000000000000000000000000FC
:10E4200000000000000000000000000000000000EC
:10E4300000000000000000000000000000000000DC
:10E4400000000000000000000000000000000000CC
:10E4500000000000000000000000000000000000BC
:10E4600000000000000000000000000000000000AC
:10E47000000000000000000000000000000000009C
:10E48000000000000000000000000000000000008C
:10E49000000000000000000000000000000000007C
:10E4A000000000000000000000000000000000006C
:10E4B000000000000000000000000000000000005C
:10E4C000000000000000000000000000000000004C
:10E4D000000000000000000000000000000000003C
:10E4E000000000000000000000000000000000002C
:10E4F000000000000000000000000000000000001C
:10E50000000000000000000000000000000000000B
:10E5100000000000000000000000000000000000FB
:10E5200000000000000000000000000000000000EB
:10E5300000000000000000000000000000000000DB
:10E5400000000000000000000000000000000000CB
:10E5500000000000000000000000000000000000BB
:10E5600000000000000000000000000000000000AB
:10E57000000000000000000000000000000000009B
:10E58000000000000000000000000000000000008B
:10E59000000000000000000000000000000000007B
:10E5A000000000000000000000000000000000006B
:10E5B000000000000000000000000000000000005B
:10E5C000000000000000000000000000000000004B
:10E5D000000000000000000000000000000000003B
:10E5E000000000000000000000000000000000002B
:10E5F000000000000000000000000000000000001B
:10E60000000000000000000000000000000000000A
:10E6100000000000000000000000000000000000FA
:10E6200000000000000000000000000000000000EA
:10E6300000000000000000000000000000000000DA
:10E6400000000000000000000000000000000000CA
:10E6500000000000000000000000000000000000BA
:10E6600000000000000000000000000000000000AA
:10E67000000000000000000000000000000000009A
:10E68000000000000000000000000000000000008A
:10E69000000000000000000000000000000000007A
:10E6A000000000000000000000000000000000006A
:10E6B000000000000000000000000000000000005A
:10E6C000000000000000000000000000000000004A
:10E6D000000000000000000000000000000000003A
:10E6E000000000000000000000000000000000002A
:10E6F000000000000000000000000000000000001A
:10E700000000000000000000000000000000000009
:10E7100000000000000000000000000000000000F9
:10E7200000000000000000000000000000000000E9
:10E7300000000000000000000000000000000000D9
:10E7400000000000000000000000000000000000C9
:10E7500000000000000000000000000000000000B9
:10E7600000000000000000000000000000000000A9
:10E770000000000000000000000000000000000099
:10E780000000000000000000000000000000000089
:10E790000000000000000000000000000000000079
:10E7A0000000000000000000000000000000000069
:10E7B0000000000000000000000000000000000059
:10E7C0000000000000000000000000000000000049
:10E7D0000000000000000000000000000000000039
:10E7E0000000000000000000000000000000000029
:10E7F0000000000000000000000000000000000019
:10E800000000000000000000000000000000000008
:10E8100000000000000000000000000000000000F8
:10E8200000000000000000000000000000000000E8
:10E8300000000000000000000000000000000000D8
:10E8400000000000000000000000000000000000C8
:10E8500000000000000000000000000000000000B8
:10E8600000000000000000000000000000000000A8
:10E870000000000000000000000000000000000098
:10E880000000000000000000000000000000000088
:10E890000000000000000000000000000000000078
:10E8A0000000000000000000000000000000000068
:10E8B0000000000000000000000000000000000058
:10E8C0000000000000000000000000000000000048
:10E8D0000000000000000000000000000000000038
:10E8E0000000000000000000000000000000000028
:10E8F0000000000000000000000000000000000018
:10E900000000000000000000000000000000000007
:10E9100000000000000000000000000000000000F7
:10E9200000000000000000000000000000000000E7
:10E9300000000000000000000000000000000000D7
:10E9400000000000000000000000000000000000C7
:10E9500000000000000000000000000000000000B7
:10E9600000000000000000000000000000000000A7
:10E970000000000000000000000000000000000097
:10E980000000000000000000000000000000000087
:10E990000000000000000000000000000000000077
:10E9A0000000000000000000000000000000000067
:10E9B0000000000000000000000000000000000057
:10E9C0000000000000000000000000000000000047
:10E9D0000000000000000000000000000000000037
:10E9E0000000000000000000000000000000000027
:10E9F0000000000000000000000000000000000017
:10EA00000000000000000000000000000000000006
:10EA100000000000000000000000000000000000F6
:10EA200000000000000000000000000000000000E6
:10EA300000000000000000000000000000000000D6
:10EA400000000000000000000000000000000000C6
:10EA500000000000000000000000000000000000B6
:10EA600000000000000000000000000000000000A6
:10EA70000000000000000000000000000000000096
:10EA80000000000000000000000000000000000086
:10EA90000000000000000000000000000000000076
:10EAA0000000000000000000000000000000000066
:10EAB0000000000000000000000000000000000056
:10EAC0000000000000000000000000000000000046
:10EAD0000000000000000000000000000000000036
:10EAE0000000000000000000000000000000000026
:10EAF0000000000000000000000000000000000016
:10EB00000000000000000000000000000000000005
:10EB100000000000000000000000000000000000F5
:10EB200000000000000000000000000000000000E5
:10EB300000000000000000000000000000000000D5
:10EB400000000000000000000000000000000000C5
:10EB500000000000000000000000000000000000B5
:10EB600000000000000000000000000000000000A5
:10EB70000000000000000000000000000000000095
:10EB80000000000000000000000000000000000085
:10EB90000000000000000000000000000000000075
:10EBA0000000000000000000000000000000000065
:10EBB0000000000000000000000000000000000055
:10EBC0000000000000000000000000000000000045
:10EBD0000000000000000000000000000000000035
:10EBE0000000000000000000000000000000000025
:10EBF0000000000000000000000000000000000015
:10EC00000000000000000000000000000000000004
:10EC100000000000000000000000000000000000F4
:10EC200000000000000000000000000000000000E4
:10EC300000000000000000000000000000000000D4
:10EC400000000000000000000000000000000000C4
:10EC500000000000000000000000000000000000B4
:10EC600000000000000000000000000000000000A4
:10EC70000000000000000000000000000000000094
:10EC80000000000000000000000000000000000084
:10EC90000000000000000000000000000000000074
:10ECA0000000000000000000000000000000000064
:10ECB0000000000000000000000000000000000054
:10ECC0000000000000000000000000000000000044
:10ECD0000000000000000000000000000000000034
:10ECE0000000000000000000000000000000000024
:10ECF0000000000000000000000000000000000014
:10ED00000000000000000000000000000000000003
:10ED100000000000000000000000000000000000F3
:10ED200000000000000000000000000000000000E3
:10ED300000000000000000000000000000000000D3
:10ED400000000000000000000000000000000000C3
:10ED500000000000000000000000000000000000B3
:10ED600000000000000000000000000000000000A3
:10ED70000000000000000000000000000000000093
:10ED80000000000000000000000000000000000083
:10ED90000000000000000000000000000000000073
:10EDA0000000000000000000000000000000000063
:10EDB0000000000000000000000000000000000053
:10EDC0000000000000000000000000000000000043
:10EDD0000000000000000000000000000000000033
:10EDE0000000000000000000000000000000000023
:10EDF0000000000000000000000000000000000013
:10EE00000000000000000000000000000000000002
:10EE100000000000000000000000000000000000F2
:10EE200000000000000000000000000000000000E2
:10EE300000000000000000000000000000000000D2
:10EE400000000000000000000000000000000000C2
:10EE500000000000000000000000000000000000B2
:10EE600000000000000000000000000000000000A2
:10EE70000000000000000000000000000000000092
:10EE80000000000000000000000000000000000082
:10EE90000000000000000000000000000000000072
:10EEA0000000000000000000000000000000000062
:10EEB0000000000000000000000000000000000052
:10EEC0000000000000000000000000000000000042
:10EED0000000000000000000000000000000000032
:10EEE0000000000000000000000000000000000022
:10EEF0000000000000000000000000000000000012
:10EF00000000000000000000000000000000000001
:10EF100000000000000000000000000000000000F1
:10EF200000000000000000000000000000000000E1
:10EF300000000000000000000000000000000000D1
:10EF400000000000000000000000000000000000C1
:10EF500000000000000000000000000000000000B1
:10EF600000000000000000000000000000000000A1
:10EF70000000000000000000000000000000000091
:10EF80000000000000000000000000000000000081
:10EF90000000000000000000000000000000000071
:10EFA0000000000000000000000000000000000061
:10EFB0000000000000000000000000000000000051
:10EFC0000000000000000000000000000000000041
:10EFD0000000000000000000000000000000000031
:10EFE0000000000000000000000000000000000021
:10EFF0000000000000000000000000000000000011
:10F000000000000000000000000000000000000000
:10F0100000000000000000000000000000000000F0
:10F0200000000000000000000000000000000000E0
:10F0300000000000000000000000000000000000D0
:10F0400000000000000000000000000000000000C0
:10F0500000000000000000000000000000000000B0
:10F0600000000000000000000000000000000000A0
:10F070000000000000000000000000000000000090
:10F080000000000000000000000000000000000080
:10F090000000000000000000000000000000000070
:10F0A0000000000000000000000000000000000060
:10F0B0000000000000000000000000000000000050
:10F0C0000000000000000000000000000000000040
:10F0D0000000000000000000000000000000000030
:10F0E0000000000000000000000000000000000020
:10F0F0000000000000000000000000000000000010
:10F1000000000000000000000000000000000000FF
:10F1100000000000000000000000000000000000EF
:10F1200000000000000000000000000000000000DF
:10F1300000000000000000000000000000000000CF
:10F1400000000000000000000000000000000000BF
:10F1500000000000000000000000000000000000AF
:10F16000000000000000000000000000000000009F
:10F17000000000000000000000000000000000008F
:10F18000000000000000000000000000000000007F
:10F19000000000000000000000000000000000006F
:10F1A000000000000000000000000000000000005F
:10F1B000000000000000000000000000000000004F
:10F1C000000000000000000000000000000000003F
:10F1D000000000000000000000000000000000002F
:10F1E000000000000000000000000000000000001F
:10F1F000000000000000000000000000000000000F
:10F2000000000000000000000000000000000000FE
:10F2100000000000000000000000000000000000EE
:10F2200000000000000000000000000000000000DE
:10F2300000000000000000000000000000000000CE
:10F2400000000000000000000000000000000000BE
:10F2500000000000000000000000000000000000AE
:10F26000000000000000000000000000000000009E
:10F27000000000000000000000000000000000008E
:10F28000000000000000000000000000000000007E
:10F29000000000000000000000000000000000006E
:10F2A000000000000000000000000000000000005E
:10F2B000000000000000000000000000000000004E
:10F2C000000000000000000000000000000000003E
:10F2D000000000000000000000000000000000002E
:10F2E000000000000000000000000000000000001E
:10F2F000000000000000000000000000000000000E
:10F3000000000000000000000000000000000000FD
:10F3100000000000000000000000000000000000ED
:10F3200000000000000000000000000000000000DD
:10F3300000000000000000000000000000000000CD
:10F3400000000000000000000000000000000000BD
:10F3500000000000000000000000000000000000AD
:10F36000000000000000000000000000000000009D
:10F37000000000000000000000000000000000008D
:10F38000000000000000000000000000000000007D
:10F39000000000000000000000000000000000006D
:10F3A000000000000000000000000000000000005D
:10F3B000000000000000000000000000000000004D
:10F3C000000000000000000000000000000000003D
:10F3D000000000000000000000000000000000002D
:10F3E000000000000000000000000000000000001D
:10F3F000000000000000000000000000000000000D
:10F4000000000000000000000000000000000000FC
:10F4100000000000000000000000000000000000EC
:10F4200000000000000000000000000000000000DC
:10F4300000000000000000000000000000000000CC
:10F4400000000000000000000000000000000000BC
:10F4500000000000000000000000000000000000AC
:10F46000000000000000000000000000000000009C
:10F47000000000000000000000000000000000008C
:10F48000000000000000000000000000000000007C
:10F49000000000000000000000000000000000006C
:10F4A000000000000000000000000000000000005C
:10F4B000000000000000000000000000000000004C
:10F4C000000000000000000000000000000000003C
:10F4D000000000000000000000000000000000002C
:10F4E000000000000000000000000000000000001C
:10F4F000000000000000000000000000000000000C
:10F5000000000000000000000000000000000000FB
:10F5100000000000000000000000000000000000EB
:10F5200000000000000000000000000000000000DB
:10F5300000000000000000000000000000000000CB
:10F5400000000000000000000000000000000000BB
:10F5500000000000000000000000000000000000AB
:10F56000000000000000000000000000000000009B
:10F57000000000000000000000000000000000008B
:10F58000000000000000000000000000000000007B
:10F59000000000000000000000000000000000006B
:10F5A000000000000000000000000000000000005B
:10F5B000000000000000000000000000000000004B
:10F5C000000000000000000000000000000000003B
:10F5D000000000000000000000000000000000002B
:10F5E000000000000000000000000000000000001B
:10F5F000000000000000000000000000000000000B
:10F6000000000000000000000000000000000000FA
:10F6100000000000000000000000000000000000EA
:10F6200000000000000000000000000000000000DA
:10F6300000000000000000000000000000000000CA
:10F6400000000000000000000000000000000000BA
:10F6500000000000000000000000000000000000AA
:10F66000000000000000000000000000000000009A
:10F67000000000000000000000000000000000008A
:10F68000000000000000000000000000000000007A
:10F69000000000000000000000000000000000006A
:10F6A000000000000000000000000000000000005A
:10F6B000000000000000000000000000000000004A
:10F6C000000000000000000000000000000000003A
:10F6D000000000000000000000000000000000002A
:10F6E000000000000000000000000000000000001A
:10F6F000000000000000000000000000000000000A
:10F7000000000000000000000000000000000000F9
:10F7100000000000000000000000000000000000E9
:10F7200000000000000000000000000000000000D9
:10F7300000000000000000000000000000000000C9
:10F7400000000000000000000000000000000000B9
:10F7500000000000000000000000000000000000A9
:10F760000000000000000000000000000000000099
:10F770000000000000000000000000000000000089
:10F780000000000000000000000000000000000079
:10F790000000000000000000000000000000000069
:10F7A0000000000000000000000000000000000059
:10F7B0000000000000000000000000000000000049
:10F7C0000000000000000000000000000000000039
:10F7D0000000000000000000000000000000000029
:10F7E0000000000000000000000000000000000019
:10F7F0000000000000000000000000000000000009
:10F8000000000000000000000000000000000000F8
:10F8100000000000000000000000000000000000E8
:10F8200000000000000000000000000000000000D8
:10F8300000000000000000000000000000000000C8
:10F8400000000000000000000000000000000000B8
:10F8500000000000000000000000000000000000A8
:10F860000000000000000000000000000000000098
:10F870000000000000000000000000000000000088
:10F880000000000000000000000000000000000078
:10F890000000000000000000000000000000000068
:10F8A0000000000000000000000000000000000058
:10F8B0000000000000000000000000000000000048
:10F8C0000000000000000000000000000000000038
:10F8D0000000000000000000000000000000000028
:10F8E0000000000000000000000000000000000018
:10F8F0000000000000000000000000000000000008
:10F9000000000000000000000000000000000000F7
:10F9100000000000000000000000000000000000E7
:10F9200000000000000000000000000000000000D7
:10F9300000000000000000000000000000000000C7
:10F9400000000000000000000000000000000000B7
:10F9500000000000000000000000000000000000A7
:10F960000000000000000000000000000000000097
:10F970000000000000000000000000000000000087
:10F980000000000000000000000000000000000077
:10F990000000000000000000000000000000000067
:10F9A0000000000000000000000000000000000057
:10F9B0000000000000000000000000000000000047
:10F9C0000000000000000000000000000000000037
:10F9D0000000000000000000000000000000000027
:10F9E0000000000000000000000000000000000017
:10F9F0000000000000000000000000000000000007
:10FA000000000000000000000000000000000000F6
:10FA100000000000000000000000000000000000E6
:10FA200000000000000000000000000000000000D6
:10FA300000000000000000000000000000000000C6
:10FA400000000000000000000000000000000000B6
:10FA500000000000000000000000000000000000A6
:10FA60000000000000000000000000000000000096
:10FA70000000000000000000000000000000000086
:10FA80000000000000000000000000000000000076
:10FA90000000000000000000000000000000000066
:10FAA0000000000000000000000000000000000056
:10FAB0000000000000000000000000000000000046
:10FAC0000000000000000000000000000000000036
:10FAD0000000000000000000000000000000000026
:10FAE0000000000000000000000000000000000016
:10FAF0000000000000000000000000000000000006
:10FB000000000000000000000000000000000000F5
:10FB100000000000000000000000000000000000E5
:10FB200000000000000000000000000000000000D5
:10FB300000000000000000000000000000000000C5
:10FB400000000000000000000000000000000000B5
:10FB500000000000000000000000000000000000A5
:10FB60000000000000000000000000000000000095
:10FB70000000000000000000000000000000000085
:10FB80000000000000000000000000000000000075
:10FB90000000000000000000000000000000000065
:10FBA0000000000000000000000000000000000055
:10FBB0000000000000000000000000000000000045
:10FBC0000000000000000000000000000000000035
:10FBD0000000000000000000000000000000000025
:10FBE0000000000000000000000000000000000015
:10FBF0000000000000000000000000000000000005
:10FC000000000000000000000000000000000000F4
:10FC100000000000000000000000000000000000E4
:10FC200000000000000000000000000000000000D4
:10FC300000000000000000000000000000000000C4
:10FC400000000000000000000000000000000000B4
:10FC500000000000000000000000000000000000A4
:10FC60000000000000000000000000000000000094
:10FC70000000000000000000000000000000000084
:10FC80000000000000000000000000000000000074
:10FC90000000000000000000000000000000000064
:10FCA0000000000000000000000000000000000054
:10FCB0000000000000000000000000000000000044
:10FCC0000000000000000000000000000000000034
:10FCD0000000000000000000000000000000000024
:10FCE0000000000000000000000000000000000014
:10FCF0000000000000000000000000000000000004
:10FD000000000000000000000000000000000000F3
:10FD100000000000000000000000000000000000E3
:10FD200000000000000000000000000000000000D3
:10FD300000000000000000000000000000000000C3
:10FD400000000000000000000000000000000000B3
:10FD500000000000000000000000000000000000A3
:10FD60000000000000000000000000000000000093
:10FD70000000000000000000000000000000000083
:10FD80000000000000000000000000000000000073
:10FD90000000000000000000000000000000000063
:10FDA0000000000000000000000000000000000053
:10FDB0000000000000000000000000000000000043
:10FDC0000000000000000000000000000000000033
:10FDD0000000000000000000000000000000000023
:10FDE0000000000000000000000000000000000013
:10FDF0000000000000000000000000000000000003
:10FE000000000000000000000000000000000000F2
:10FE100000000000000000000000000000000000E2
:10FE200000000000000000000000000000000000D2
:10FE300000000000000000000000000000000000C2
:10FE400000000000000000000000000000000000B2
:10FE500000000000000000000000000000000000A2
:10FE60000000000000000000000000000000000092
:10FE70000000000000000000000000000000000082
:10FE80000000000000000000000000000000000072
:10FE90000000000000000000000000000000000062
:10FEA0000000000000000000000000000000000052
:10FEB0000000000000000000000000000000000042
:10FEC0000000000000000000000000000000000032
:10FED0000000000000000000000000000000000022
:10FEE0000000000000000000000000000000000012
:10FEF0000000000000000000000000000000000002
:10FF000000000000000000000000000000000000F1
:10FF100000000000000000000000000000000000E1
:10FF200000000000000000000000000000000000D1
:10FF300000000000000000000000000000000000C1
:10FF400000000000000000000000000000000000B1
:10FF500000000000000000000000000000000000A1
:10FF60000000000000000000000000000000000091
:10FF70000000000000000000000000000000000081
:10FF80000000000000000000000000000000000071
:10FF90000000000000000000000000000000000061
:10FFA0000000000000000000000000000000000051
:10FFB0000000000000000000000000000000000041
:10FFC0000000000000000000000000000000000031
:10FFD0000000000000000000000000000000000021
:10FFE0000000000000000000000000000000000011
:10FFF0000000000000000000000000000000000001
:020000040005F5
:1000000000000000000000000000000000000000F0
:1000100000000000000000000000000000000000E0
:1000200000000000000000000000000000000000D0
:1000300000000000000000000000000000000000C0
:1000400000000000000000000000000000000000B0
:1000500000000000000000000000000000000000A0
:100060000000000000000000000000000000000090
:100070000000000000000000000000000000000080
:100080000000000000000000000000000000000070
:100090000000000000000000000000000000000060
:1000A0000000000000000000000000000000000050
:1000B0000000000000000000000000000000000040
:1000C0000000000000000000000000000000000030
:1000D0000000000000000000000000000000000020
:1000E0000000000000000000000000000000000010
:1000F0000000000000000000000000000000000000
:1001000000000000000000000000000000000000EF
:1001100000000000000000000000000000000000DF
:1001200000000000000000000000000000000000CF
:1001300000000000000000000000000000000000BF
:1001400000000000000000000000000000000000AF
:10015000000000000000000000000000000000009F
:10016000000000000000000000000000000000008F
:10017000000000000000000000000000000000007F
:10018000000000000000000000000000000000006F
:10019000000000000000000000000000000000005F
:1001A000000000000000000000000000000000004F
:1001B000000000000000000000000000000000003F
:1001C000000000000000000000000000000000002F
:1001D000000000000000000000000000000000001F
:1001E000000000000000000000000000000000000F
:1001F00000000000000000000000000000000000FF
:1002000000000000000000000000000000000000EE
:1002100000000000000000000000000000000000DE
:1002200000000000000000000000000000000000CE
:1002300000000000000000000000000000000000BE
:1002400000000000000000000000000000000000AE
:10025000000000000000000000000000000000009E
:10026000000000000000000000000000000000008E
:10027000000000000000000000000000000000007E
:10028000000000000000000000000000000000006E
:10029000000000000000000000000000000000005E
:1002A000000000000000000000000000000000004E
:1002B000000000000000000000000000000000003E
:1002C000000000000000000000000000000000002E
:1002D000000000000000000000000000000000001E
:1002E000000000000000000000000000000000000E
:1002F00000000000000000000000000000000000FE
:1003000000000000000000000000000000000000ED
:1003100000000000000000000000000000000000DD
:1003200000000000000000000000000000000000CD
:1003300000000000000000000000000000000000BD
:1003400000000000000000000000000000000000AD
:10035000000000000000000000000000000000009D
:10036000000000000000000000000000000000008D
:10037000000000000000000000000000000000007D
:10038000000000000000000000000000000000006D
:10039000000000000000000000000000000000005D
:1003A000000000000000000000000000000000004D
:1003B000000000000000000000000000000000003D
:1003C000000000000000000000000000000000002D
:1003D000000000000000000000000000000000001D
:1003E000000000000000000000000000000000000D
:1003F00000000000000000000000000000000000FD
:1004000000000000000000000000000000000000EC
:1004100000000000000000000000000000000000DC
:1004200000000000000000000000000000000000CC
:1004300000000000000000000000000000000000BC
:1004400000000000000000000000000000000000AC
:10045000000000000000000000000000000000009C
:10046000000000000000000000000000000000008C
:10047000000000000000000000000000000000007C
:10048000000000000000000000000000000000006C
:10049000000000000000000000000000000000005C
:1004A000000000000000000000000000000000004C
:1004B000000000000000000000000000000000003C
:1004C000000000000000000000000000000000002C
:1004D000000000000000000000000000000000001C
:1004E000000000000000000000000000000000000C
:1004F00000000000000000000000000000000000FC
:1005000000000000000000000000000000000000EB
:1005100000000000000000000000000000000000DB
:1005200000000000000000000000000000000000CB
:1005300000000000000000000000000000000000BB
:1005400000000000000000000000000000000000AB
:10055000000000000000000000000000000000009B
:10056000000000000000000000000000000000008B
:10057000000000000000000000000000000000007B
:10058000000000000000000000000000000000006B
:10059000000000000000000000000000000000005B
:1005A000000000000000000000000000000000004B
:1005B000000000000000000000000000000000003B
:1005C000000000000000000000000000000000002B
:1005D000000000000000000000000000000000001B
:1005E000000000000000000000000000000000000B
:1005F00000000000000000000000000000000000FB
:1006000000000000000000000000000000000000EA
:1006100000000000000000000000000000000000DA
:1006200000000000000000000000000000000000CA
:1006300000000000000000000000000000000000BA
:1006400000000000000000000000000000000000AA
:10065000000000000000000000000000000000009A
:10066000000000000000000000000000000000008A
:10067000000000000000000000000000000000007A
:10068000000000000000000000000000000000006A
:10069000000000000000000000000000000000005A
:1006A000000000000000000000000000000000004A
:1006B000000000000000000000000000000000003A
:1006C000000000000000000000000000000000002A
:1006D000000000000000000000000000000000001A
:1006E000000000000000000000000000000000000A
:1006F00000000000000000000000000000000000FA
:1007000000000000000000000000000000000000E9
:1007100000000000000000000000000000000000D9
:1007200000000000000000000000000000000000C9
:1007300000000000000000000000000000000000B9
:1007400000000000000000000000000000000000A9
:100750000000000000000000000000000000000099
:100760000000000000000000000000000000000089
:100770000000000000000000000000000000000079
:100780000000000000000000000000000000000069
:100790000000000000000000000000000000000059
:1007A0000000000000000000000000000000000049
:1007B0000000000000000000000000000000000039
:1007C0000000000000000000000000000000000029
:1007D0000000000000000000000000000000000019
:1007E0000000000000000000000000000000000009
:1007F00000000000000000000000000000000000F9
:1008000000000000000000000000000000000000E8
:1008100000000000000000000000000000000000D8
:1008200000000000000000000000000000000000C8
:1008300000000000000000000000000000000000B8
:1008400000000000000000000000000000000000A8
:100850000000000000000000000000000000000098
:100860000000000000000000000000000000000088
:100870000000000000000000000000000000000078
:100880000000000000000000000000000000000068
:100890000000000000000000000000000000000058
:1008A0000000000000000000000000000000000048
:1008B0000000000000000000000000000000000038
:1008C0000000000000000000000000000000000028
:1008D0000000000000000000000000000000000018
:1008E0000000000000000000000000000000000008
:1008F00000000000000000000000000000000000F8
:1009000000000000000000000000000000000000E7
:1009100000000000000000000000000000000000D7
:1009200000000000000000000000000000000000C7
:1009300000000000000000000000000000000000B7
:1009400000000000000000000000000000000000A7
:100950000000000000000000000000000000000097
:100960000000000000000000000000000000000087
:100970000000000000000000000000000000000077
:100980000000000000000000000000000000000067
:100990000000000000000000000000000000000057
:1009A0000000000000000000000000000000000047
:1009B0000000000000000000000000000000000037
:1009C0000000000000000000000000000000000027
:1009D0000000000000000000000000000000000017
:1009E0000000000000000000000000000000000007
:1009F00000000000000000000000000000000000F7
:100A000000000000000000000000000000000000E6
:100A100000000000000000000000000000000000D6
:100A200000000000000000000000000000000000C6
:100A300000000000000000000000000000000000B6
:100A400000000000000000000000000000000000A6
:100A50000000000000000000000000000000000096
:100A60000000000000000000000000000000000086
:100A70000000000000000000000000000000000076
:100A80000000000000000000000000000000000066
:100A90000000000000000000000000000000000056
:100AA0000000000000000000000000000000000046
:100AB0000000000000000000000000000000000036
:100AC0000000000000000000000000000000000026
:100AD0000000000000000000000000000000000016
:100AE0000000000000000000000000000000000006
:100AF00000000000000000000000000000000000F6
:100B000000000000000000000000000000000000E5
:100B100000000000000000000000000000000000D5
:100B200000000000000000000000000000000000C5
:100B300000000000000000000000000000000000B5
:100B400000000000000000000000000000000000A5
:100B50000000000000000000000000000000000095
:100B60000000000000000000000000000000000085
:100B70000000000000000000000000000000000075
:100B80000000000000000000000000000000000065
:100B90000000000000000000000000000000000055
:100BA0000000000000000000000000000000000045
:100BB0000000000000000000000000000000000035
:100BC0000000000000000000000000000000000025
:100BD0000000000000000000000000000000000015
:100BE0000000000000000000000000000000000005
:100BF00000000000000000000000000000000000F5
:100C000000000000000000000000000000000000E4
:100C100000000000000000000000000000000000D4
:100C200000000000000000000000000000000000C4
:100C300000000000000000000000000000000000B4
:100C400000000000000000000000000000000000A4
:100C50000000000000000000000000000000000094
:100C60000000000000000000000000000000000084
:100C70000000000000000000000000000000000074
:100C80000000000000000000000000000000000064
:100C90000000000000000000000000000000000054
:100CA0000000000000000000000000000000000044
:100CB0000000000000000000000000000000000034
:100CC0000000000000000000000000000000000024
:100CD0000000000000000000000000000000000014
:100CE0000000000000000000000000000000000004
:100CF00000000000000000000000000000000000F4
:100D000000000000000000000000000000000000E3
:100D100000000000000000000000000000000000D3
:100D200000000000000000000000000000000000C3
:100D300000000000000000000000000000000000B3
:100D400000000000000000000000000000000000A3
:100D50000000000000000000000000000000000093
:100D60000000000000000000000000000000000083
:100D70000000000000000000000000000000000073
:100D80000000000000000000000000000000000063
:100D90000000000000000000000000000000000053
:100DA0000000000000000000000000000000000043
:100DB0000000000000000000000000000000000033
:100DC0000000000000000000000000000000000023
:100DD0000000000000000000000000000000000013
:100DE0000000000000000000000000000000000003
:100DF00000000000000000000000000000000000F3
:100E000000000000000000000000000000000000E2
:100E100000000000000000000000000000000000D2
:100E200000000000000000000000000000000000C2
:100E300000000000000000000000000000000000B2
:100E400000000000000000000000000000000000A2
:100E50000000000000000000000000000000000092
:100E60000000000000000000000000000000000082
:100E70000000000000000000000000000000000072
:100E80000000000000000000000000000000000062
:100E90000000000000000000000000000000000052
:100EA0000000000000000000000000000000000042
:100EB0000000000000000000000000000000000032
:100EC0000000000000000000000000000000000022
:100ED0000000000000000000000000000000000012
:100EE0000000000000000000000000000000000002
:100EF00000000000000000000000000000000000F2
:100F000000000000000000000000000000000000E1
:100F100000000000000000000000000000000000D1
:100F200000000000000000000000000000000000C1
:100F300000000000000000000000000000000000B1
:100F400000000000000000000000000000000000A1
:100F50000000000000000000000000000000000091
:100F60000000000000000000000000000000000081
:100F70000000000000000000000000000000000071
:100F80000000000000000000000000000000000061
:100F90000000000000000000000000000000000051
:100FA0000000000000000000000000000000000041
:100FB0000000000000000000000000000000000031
:100FC0000000000000000000000000000000000021
:100FD0000000000000000000000000000000000011
:100FE0000000000000000000000000000000000001
:100FF00000000000000000000000000000000000F1
:1010000000000000000000000000000000000000E0
:1010100000000000000000000000000000000000D0
:1010200000000000000000000000000000000000C0
:1010300000000000000000000000000000000000B0
:1010400000000000000000000000000000000000A0
:101050000000000000000000000000000000000090
:101060000000000000000000000000000000000080
:101070000000000000000000000000000000000070
:101080000000000000000000000000000000000060
:101090000000000000000000000000000000000050
:1010A0000000000000000000000000000000000040
:1010B0000000000000000000000000000000000030
:1010C0000000000000000000000000000000000020
:1010D0000000000000000000000000000000000010
:1010E0000000000000000000000000000000000000
:1010F00000000000000000000000000000000000F0
:1011000000000000000000000000000000000000DF
:1011100000000000000000000000000000000000CF
:1011200000000000000000000000000000000000BF
:1011300000000000000000000000000000000000AF
:10114000000000000000000000000000000000009F
:10115000000000000000000000000000000000008F
:10116000000000000000000000000000000000007F
:10117000000000000000000000000000000000006F
:10118000000000000000000000000000000000005F
:10119000000000000000000000000000000000004F
:1011A000000000000000000000000000000000003F
:1011B000000000000000000000000000000000002F
:1011C000000000000000000000000000000000001F
:1011D000000000000000000000000000000000000F
:1011E00000000000000000000000000000000000FF
:1011F00000000000000000000000000000000000EF
:1012000000000000000000000000000000000000DE
:1012100000000000000000000000000000000000CE
:1012200000000000000000000000000000000000BE
:1012300000000000000000000000000000000000AE
:10124000000000000000000000000000000000009E
:10125000000000000000000000000000000000008E
:10126000000000000000000000000000000000007E
:10127000000000000000000000000000000000006E
:10128000000000000000000000000000000000005E
:10129000000000000000000000000000000000004E
:1012A000000000000000000000000000000000003E
:1012B000000000000000000000000000000000002E
:1012C000000000000000000000000000000000001E
:1012D000000000000000000000000000000000000E
:1012E00000000000000000000000000000000000FE
:1012F00000000000000000000000000000000000EE
:1013000000000000000000000000000000000000DD
:1013100000000000000000000000000000000000CD
:1013200000000000000000000000000000000000BD
:1013300000000000000000000000000000000000AD
:10134000000000000000000000000000000000009D
:10135000000000000000000000000000000000008D
:10136000000000000000000000000000000000007D
:10137000000000000000000000000000000000006D
:10138000000000000000000000000000000000005D
:10139000000000000000000000000000000000004D
:1013A000000000000000000000000000000000003D
:1013B000000000000000000000000000000000002D
:1013C000000000000000000000000000000000001D
:1013D000000000000000000000000000000000000D
:1013E00000000000000000000000000000000000FD
:1013F00000000000000000000000000000000000ED
:1014000000000000000000000000000000000000DC
:1014100000000000000000000000000000000000CC
:1014200000000000000000000000000000000000BC
:1014300000000000000000000000000000000000AC
:10144000000000000000000000000000000000009C
:10145000000000000000000000000000000000008C
:10146000000000000000000000000000000000007C
:10147000000000000000000000000000000000006C
:10148000000000000000000000000000000000005C
:10149000000000000000000000000000000000004C
:1014A000000000000000000000000000000000003C
:1014B000000000000000000000000000000000002C
:1014C000000000000000000000000000000000001C
:1014D000000000000000000000000000000000000C
:1014E00000000000000000000000000000000000FC
:1014F00000000000000000000000000000000000EC
:1015000000000000000000000000000000000000DB
:1015100000000000000000000000000000000000CB
:1015200000000000000000000000000000000000BB
:1015300000000000000000000000000000000000AB
:10154000000000000000000000000000000000009B
:10155000000000000000000000000000000000008B
:10156000000000000000000000000000000000007B
:10157000000000000000000000000000000000006B
:10158000000000000000000000000000000000005B
:10159000000000000000000000000000000000004B
:1015A000000000000000000000000000000000003B
:1015B000000000000000000000000000000000002B
:1015C000000000000000000000000000000000001B
:1015D000000000000000000000000000000000000B
:1015E00000000000000000000000000000000000FB
:1015F00000000000000000000000000000000000EB
:1016000000000000000000000000000000000000DA
:1016100000000000000000000000000000000000CA
:1016200000000000000000000000000000000000BA
:1016300000000000000000000000000000000000AA
:10164000000000000000000000000000000000009A
:10165000000000000000000000000000000000008A
:10166000000000000000000000000000000000007A
:10167000000000000000000000000000000000006A
:10168000000000000000000000000000000000005A
:10169000000000000000000000000000000000004A
:1016A000000000000000000000000000000000003A
:1016B000000000000000000000000000000000002A
:1016C000000000000000000000000000000000001A
:1016D000000000000000000000000000000000000A
:1016E00000000000000000000000000000000000FA
:1016F00000000000000000000000000000000000EA
:1017000000000000000000000000000000000000D9
:1017100000000000000000000000000000000000C9
:1017200000000000000000000000000000000000B9
:1017300000000000000000000000000000000000A9
:101740000000000000000000000000000000000099
:101750000000000000000000000000000000000089
:101760000000000000000000000000000000000079
:101770000000000000000000000000000000000069
:101780000000000000000000000000000000000059
:101790000000000000000000000000000000000049
:1017A0000000000000000000000000000000000039
:1017B0000000000000000000000000000000000029
:1017C0000000000000000000000000000000000019
:1017D0000000000000000000000000000000000009
:1017E00000000000000000000000000000000000F9
:1017F00000000000000000000000000000000000E9
:1018000000000000000000000000000000000000D8
:1018100000000000000000000000000000000000C8
:1018200000000000000000000000000000000000B8
:1018300000000000000000000000000000000000A8
:101840000000000000000000000000000000000098
:101850000000000000000000000000000000000088
:101860000000000000000000000000000000000078
:101870000000000000000000000000000000000068
:101880000000000000000000000000000000000058
:101890000000000000000000000000000000000048
:1018A0000000000000000000000000000000000038
:1018B0000000000000000000000000000000000028
:1018C0000000000000000000000000000000000018
:1018D0000000000000000000000000000000000008
:1018E00000000000000000000000000000000000F8
:1018F00000000000000000000000000000000000E8
:1019000000000000000000000000000000000000D7
:1019100000000000000000000000000000000000C7
:1019200000000000000000000000000000000000B7
:1019300000000000000000000000000000000000A7
:101940000000000000000000000000000000000097
:101950000000000000000000000000000000000087
:101960000000000000000000000000000000000077
:101970000000000000000000000000000000000067
:101980000000000000000000000000000000000057
:101990000000000000000000000000000000000047
:1019A0000000000000000000000000000000000037
:1019B0000000000000000000000000000000000027
:1019C0000000000000000000000000000000000017
:1019D0000000000000000000000000000000000007
:1019E00000000000000000000000000000000000F7
:1019F00000000000000000000000000000000000E7
:101A000000000000000000000000000000000000D6
:101A100000000000000000000000000000000000C6
:101A200000000000000000000000000000000000B6
:101A300000000000000000000000000000000000A6
:101A40000000000000000000000000000000000096
:101A50000000000000000000000000000000000086
:101A60000000000000000000000000000000000076
:101A70000000000000000000000000000000000066
:101A80000000000000000000000000000000000056
:101A90000000000000000000000000000000000046
:101AA0000000000000000000000000000000000036
:101AB0000000000000000000000000000000000026
:101AC0000000000000000000000000000000000016
:101AD0000000000000000000000000000000000006
:101AE00000000000000000000000000000000000F6
:101AF00000000000000000000000000000000000E6
:101B000000000000000000000000000000000000D5
:101B100000000000000000000000000000000000C5
:101B200000000000000000000000000000000000B5
:101B300000000000000000000000000000000000A5
:101B40000000000000000000000000000000000095
:101B50000000000000000000000000000000000085
:101B60000000000000000000000000000000000075
:101B70000000000000000000000000000000000065
:101B80000000000000000000000000000000000055
:101B90000000000000000000000000000000000045
:101BA0000000000000000000000000000000000035
:101BB0000000000000000000000000000000000025
:101BC0000000000000000000000000000000000015
:101BD0000000000000000000000000000000000005
:101BE00000000000000000000000000000000000F5
:101BF00000000000000000000000000000000000E5
:101C000000000000000000000000000000000000D4
:101C100000000000000000000000000000000000C4
:101C200000000000000000000000000000000000B4
:101C300000000000000000000000000000000000A4
:101C40000000000000000000000000000000000094
:101C50000000000000000000000000000000000084
:101C60000000000000000000000000000000000074
:101C70000000000000000000000000000000000064
:101C80000000000000000000000000000000000054
:101C90000000000000000000000000000000000044
:101CA0000000000000000000000000000000000034
:101CB0000000000000000000000000000000000024
:101CC0000000000000000000000000000000000014
:101CD0000000000000000000000000000000000004
:101CE00000000000000000000000000000000000F4
:101CF00000000000000000000000000000000000E4
:101D000000000000000000000000000000000000D3
:101D100000000000000000000000000000000000C3
:101D200000000000000000000000000000000000B3
:101D300000000000000000000000000000000000A3
:101D40000000000000000000000000000000000093
:101D50000000000000000000000000000000000083
:101D60000000000000000000000000000000000073
:101D70000000000000000000000000000000000063
:101D80000000000000000000000000000000000053
:101D90000000000000000000000000000000000043
:101DA0000000000000000000000000000000000033
:101DB0000000000000000000000000000000000023
:101DC0000000000000000000000000000000000013
:101DD0000000000000000000000000000000000003
:101DE00000000000000000000000000000000000F3
:101DF00000000000000000000000000000000000E3
:101E000000000000000000000000000000000000D2
:101E100000000000000000000000000000000000C2
:101E200000000000000000000000000000000000B2
:101E300000000000000000000000000000000000A2
:101E40000000000000000000000000000000000092
:101E50000000000000000000000000000000000082
:101E60000000000000000000000000000000000072
:101E70000000000000000000000000000000000062
:101E80000000000000000000000000000000000052
:101E90000000000000000000000000000000000042
:101EA0000000000000000000000000000000000032
:101EB0000000000000000000000000000000000022
:101EC0000000000000000000000000000000000012
:101ED0000000000000000000000000000000000002
:101EE00000000000000000000000000000000000F2
:101EF00000000000000000000000000000000000E2
:101F000000000000000000000000000000000000D1
:101F100000000000000000000000000000000000C1
:101F200000000000000000000000000000000000B1
:101F300000000000000000000000000000000000A1
:101F40000000000000000000000000000000000091
:101F50000000000000000000000000000000000081
:101F60000000000000000000000000000000000071
:101F70000000000000000000000000000000000061
:101F80000000000000000000000000000000000051
:101F90000000000000000000000000000000000041
:101FA0000000000000000000000000000000000031
:101FB0000000000000000000000000000000000021
:101FC0000000000000000000000000000000000011
:101FD0000000000000000000000000000000000001
:101FE00000000000000000000000000000000000F1
:101FF00000000000000000000000000000000000E1
:1020000000000000000000000000000000000000D0
:1020100000000000000000000000000000000000C0
:1020200000000000000000000000000000000000B0
:1020300000000000000000000000000000000000A0
:102040000000000000000000000000000000000090
:102050000000000000000000000000000000000080
:102060000000000000000000000000000000000070
:102070000000000000000000000000000000000060
:102080000000000000000000000000000000000050
:102090000000000000000000000000000000000040
:1020A0000000000000000000000000000000000030
:1020B0000000000000000000000000000000000020
:1020C0000000000000000000000000000000000010
:1020D0000000000000000000000000000000000000
:1020E00000000000000000000000000000000000F0
:1020F00000000000000000000000000000000000E0
:1021000000000000000000000000000000000000CF
:1021100000000000000000000000000000000000BF
:1021200000000000000000000000000000000000AF
:10213000000000000000000000000000000000009F
:10214000000000000000000000000000000000008F
:10215000000000000000000000000000000000007F
:10216000000000000000000000000000000000006F
:10217000000000000000000000000000000000005F
:10218000000000000000000000000000000000004F
:10219000000000000000000000000000000000003F
:1021A000000000000000000000000000000000002F
:1021B000000000000000000000000000000000001F
:1021C000000000000000000000000000000000000F
:1021D00000000000000000000000000000000000FF
:1021E00000000000000000000000000000000000EF
:1021F00000000000000000000000000000000000DF
:1022000000000000000000000000000000000000CE
:1022100000000000000000000000000000000000BE
:1022200000000000000000000000000000000000AE
:10223000000000000000000000000000000000009E
:10224000000000000000000000000000000000008E
:10225000000000000000000000000000000000007E
:10226000000000000000000000000000000000006E
:10227000000000000000000000000000000000005E
:10228000000000000000000000000000000000004E
:10229000000000000000000000000000000000003E
:1022A000000000000000000000000000000000002E
:1022B000000000000000000000000000000000001E
:1022C000000000000000000000000000000000000E
:1022D00000000000000000000000000000000000FE
:1022E00000000000000000000000000000000000EE
:1022F00000000000000000000000000000000000DE
:1023000000000000000000000000000000000000CD
:1023100000000000000000000000000000000000BD
:1023200000000000000000000000000000000000AD
:10233000000000000000000000000000000000009D
:10234000000000000000000000000000000000008D
:10235000000000000000000000000000000000007D
:10236000000000000000000000000000000000006D
:10237000000000000000000000000000000000005D
:10238000000000000000000000000000000000004D
:10239000000000000000000000000000000000003D
:1023A000000000000000000000000000000000002D
:1023B000000000000000000000000000000000001D
:1023C000000000000000000000000000000000000D
:1023D00000000000000000000000000000000000FD
:1023E00000000000000000000000000000000000ED
:1023F00000000000000000000000000000000000DD
:1024000000000000000000000000000000000000CC
:1024100000000000000000000000000000000000BC
:1024200000000000000000000000000000000000AC
:10243000000000000000000000000000000000009C
:10244000000000000000000000000000000000008C
:10245000000000000000000000000000000000007C
:10246000000000000000000000000000000000006C
:10247000000000000000000000000000000000005C
:10248000000000000000000000000000000000004C
:10249000000000000000000000000000000000003C
:1024A000000000000000000000000000000000002C
:1024B000000000000000000000000000000000001C
:1024C000000000000000000000000000000000000C
:1024D00000000000000000000000000000000000FC
:1024E00000000000000000000000000000000000EC
:1024F00000000000000000000000000000000000DC
:1025000000000000000000000000000000000000CB
:1025100000000000000000000000000000000000BB
:1025200000000000000000000000000000000000AB
:10253000000000000000000000000000000000009B
:10254000000000000000000000000000000000008B
:10255000000000000000000000000000000000007B
:10256000000000000000000000000000000000006B
:10257000000000000000000000000000000000005B
:10258000000000000000000000000000000000004B
:10259000000000000000000000000000000000003B
:1025A000000000000000000000000000000000002B
:1025B000000000000000000000000000000000001B
:1025C000000000000000000000000000000000000B
:1025D00000000000000000000000000000000000FB
:1025E00000000000000000000000000000000000EB
:1025F00000000000000000000000000000000000DB
:1026000000000000000000000000000000000000CA
:1026100000000000000000000000000000000000BA
:1026200000000000000000000000000000000000AA
:10263000000000000000000000000000000000009A
:10264000000000000000000000000000000000008A
:10265000000000000000000000000000000000007A
:10266000000000000000000000000000000000006A
:10267000000000000000000000000000000000005A
:10268000000000000000000000000000000000004A
:10269000000000000000000000000000000000003A
:1026A000000000000000000000000000000000002A
:1026B000000000000000000000000000000000001A
:1026C000000000000000000000000000000000000A
:1026D00000000000000000000000000000000000FA
:1026E00000000000000000000000000000000000EA
:1026F00000000000000000000000000000000000DA
:1027000000000000000000000000000000000000C9
:1027100000000000000000000000000000000000B9
:1027200000000000000000000000000000000000A9
:102730000000000000000000000000000000000099
:102740000000000000000000000000000000000089
:102750000000000000000000000000000000000079
:102760000000000000000000000000000000000069
:102770000000000000000000000000000000000059
:102780000000000000000000000000000000000049
:102790000000000000000000000000000000000039
:1027A0000000000000000000000000000000000029
:1027B0000000000000000000000000000000000019
:1027C0000000000000000000000000000000000009
:1027D00000000000000000000000000000000000F9
:1027E00000000000000000000000000000000000E9
:1027F00000000000000000000000000000000000D9
:1028000000000000000000000000000000000000C8
:1028100000000000000000000000000000000000B8
:1028200000000000000000000000000000000000A8
:102830000000000000000000000000000000000098
:102840000000000000000000000000000000000088
:102850000000000000000000000000000000000078
:102860000000000000000000000000000000000068
:102870000000000000000000000000000000000058
:102880000000000000000000000000000000000048
:102890000000000000000000000000000000000038
:1028A0000000000000000000000000000000000028
:1028B0000000000000000000000000000000000018
:1028C0000000000000000000000000000000000008
:1028D00000000000000000000000000000000000F8
:1028E00000000000000000000000000000000000E8
:1028F00000000000000000000000000000000000D8
:1029000000000000000000000000000000000000C7
:1029100000000000000000000000000000000000B7
:1029200000000000000000000000000000000000A7
:102930000000000000000000000000000000000097
:102940000000000000000000000000000000000087
:102950000000000000000000000000000000000077
:102960000000000000000000000000000000000067
:102970000000000000000000000000000000000057
:102980000000000000000000000000000000000047
:102990000000000000000000000000000000000037
:1029A0000000000000000000000000000000000027
:1029B0000000000000000000000000000000000017
:1029C0000000000000000000000000000000000007
:1029D00000000000000000000000000000000000F7
:1029E00000000000000000000000000000000000E7
:1029F00000000000000000000000000000000000D7
:102A000000000000000000000000000000000000C6
:102A100000000000000000000000000000000000B6
:102A200000000000000000000000000000000000A6
:102A30000000000000000000000000000000000096
:102A40000000000000000000000000000000000086
:102A50000000000000000000000000000000000076
:102A60000000000000000000000000000000000066
:102A70000000000000000000000000000000000056
:102A80000000000000000000000000000000000046
:102A90000000000000000000000000000000000036
:102AA0000000000000000000000000000000000026
:102AB0000000000000000000000000000000000016
:102AC0000000000000000000000000000000000006
:102AD00000000000000000000000000000000000F6
:102AE00000000000000000000000000000000000E6
:102AF00000000000000000000000000000000000D6
:102B0000000000000000000080010000001100062D
:102B1000070100000024000B070100000024000B47
:102B200000000000000000000000000000000000A5
:102B3000070100000024000B8001000000110006C6
:102B40008001000000110006070100000024000BB6
:102B5000070100000024000B070100000024000B07
:102B60000000000000000000000000000000000065
:102B70000000000000000000000000000000000055
:102B80000000000000000000000000000000000045
:102B90008001000000110006070100000024000B66
:102BA0000000000000000000000000000000000025
:102BB0000000000000000000000000000000000015
:102BC0000000000000000000000000000000000005
:102BD000070100000024000B800100000011000626
:102BE00000000000000000000000000000000000E5
:102BF00000000000000000000000000000000000D5
:102C000000000000000000000000000000000000C4
:102C100000000000000000000000000000000000B4
:102C200000000000000000000000000000000000A4
:102C3000070100000024000B070100000024000B26
:102C4000070100000024000B8701000000110006AE
:102C5000070100000024000B070100000024000B06
:102C60000000000000000000000000000000000064
:102C7000070100000024000B070100000024000BE6
:102C8000870300000036000E000000000000000076
:102C9000070100000024000B870300000036000E2F
:102CA000070100000024000B870300000036000E1F
:102CB0000000000000000000000000000000000014
:102CC0000000000000000000000000000000000004
:102CD00000000000000000000000000000000000F4
:102CE00000000000000000000000000000000000E4
:102CF00000000000000000000000000000000000D4
:102D0000070100000024000B870300000036000EBE
:102D1000870300000036000E870300000036000E17
:102D200000000000000000000000000000000000A3
:102D30000000000000000000000000000000000093
:102D40000000000000000000000000000000000083
:102D5000070100000024000B870300000036000E6E
:102D6000070100000024000B870300000036000E5E
:102D70000000000000000020000000000000000033
:102D800000000000000000000000000000000060E3
:102D90000008000400000000000000000000000027
:102DA000070100000024000B270100000024000B95
:102DB000070100000024000B070100000024000BA5
:102DC0000000000000000000000000000000000003
:102DD00000000000000000000000000000000000F3
:102DE00000000000000000000000000000000000E3
:102DF00000000000000000000000000000000000D3
:102E0000070100000024000B8001000000110006F3
:102E10008001000000110006800100000011000682
:102E20008001000000110006800100000011000672
:102E3000070100000024000B070100000024000B24
:102E40000000000000000000000000000000000082
:102E50000000000000000000000000000000000072
:102E60000000000000000000000000000000000062
:102E70008001000000110006270100000024000B63
:102E8000070100000024000B070100000024000BD4
:102E9000270100000024000B800300000011000641
:102EA000070100000024000B070100000024000BB4
:102EB000070100000024000B070100000024000BA4
:102EC0000000000000000000000000000000000002
:102ED00000000000000000000000000000000000F2
:102EE00000000000000000000000000000000000E2
:102EF00000000000000000000000000000000000D2
:102F000000000000000000000000000000000000C1
:102F100000000000000000000000000000000000B1
:102F20008001000000110006070100000024000BD2
:102F3000070100000024000B070100000024000B23
:102F40000000000000000000000000000000000081
:102F50000000000000000000000000000000000071
:102F60000000000000000000000000000000000061
:102F7000070100000024000B070100000024000BE3
:102F80008001000000110006800100000011000611
:102F90000000000000000000000000000000000031
:102FA0000000000000000000000000000000000021
:102FB0000000000000000000000000000000000011
:102FC00080010000001100068001000000110006D1
:102FD00080010000001100068001000000110006C1
:102FE00080010000001100068001000000110006B1
:102FF00080010000001100068001000000110006A1
:103000008701000000110006870100000011000682
:10301000070100000024000B8701000000110006DA
:1030200000000000000000000000000000000000A0
:103030000000000000000000000000000000000090
:103040000000000000000000000000000000000080
:103050008701000000110006870100000011000632
:103060008701000000110006870100000011000622
:103070008701000000110006870100000011000612
:103080000000000000000000000000000000000040
:103090000000000000000000000000000000000030
:1030A0000000000000000000000000000000000020
:1030B0000000000000000000000000000000000010
:1030C0000000000000000000000000000000000000
:1030D00087010000001100068701000000110006B2
:1030E00087010000001100068001000000110006A9
:1030F00000000000000000000000000000000000D0
:1031000000000000000000000000000000000000BF
:1031100000000000000000000000000000000000AF
:103120008701000000110006870100000011000661
:103130008701000000110006870100000011000651
:10314000000000000000000000000000000000007F
:103150008701000000110006070300000024000B97
:10316000070300000024000B070300000024000BED
:10317000070300000024000B070300000024000BDD
:10318000000000000000000000000000000000003F
:10319000000000000000000000000000000000002F
:1031A000000000000000000000000000000000001F
:1031B000000000000000000000000000000000000F
:1031C00000000000000000000000000000000000FF
:1031D00000000000000000000000000000000000EF
:1031E00000000000000000000000000000000000DF
:1031F0008001000000110006270100000024000BE0
:1032000000000017AF572000200020002000200001
:1032100020002000200020002000200020002000AE
:10322000200020002000200020002000200020009E
:1032300020002000200030A1000A30A1000320005F
:1032400020002000200030A1000A30A1000530E15C
:1032500000FF30C10081300200249F9F30A1000D8B
:10326000200020002000200020002000200020005E
:0C32700020002000200020002000200092
:00000001FF
